1.000000000000000000e+00 8.827084749437952150e-34
1.003075857942949956e+00 9.792544527578718298e-34
1.006161176787985001e+00 1.090965953871007660e-33
1.009255985635496122e+00 1.220315028685998965e-33
1.012360313675382706e+00 1.378599669505363063e-33
1.015474190187328318e+00 1.562842173777181656e-33
1.018597644541076708e+00 1.762622265663429530e-33
1.021730706196708249e+00 1.969226596028538128e-33
1.024873404704919277e+00 2.227668360402537160e-33
1.028025769707298975e+00 2.501925915795672087e-33
1.031187830936610261e+00 2.707731557860608285e-33
1.034359618217070009e+00 2.750606574680945265e-33
1.037541161464629491e+00 2.700643288634331003e-33
1.040732490687257927e+00 2.605714454057261506e-33
1.043933635985224262e+00 2.482919325923645031e-33
1.047144627551382046e+00 2.340549613729097932e-33
1.050365495671453209e+00 2.087689214992470478e-33
1.053596270724314721e+00 1.774514914029953178e-33
1.056836983182284584e+00 1.482457153549851003e-33
1.060087663611408937e+00 1.254776515171399387e-33
1.063348342671751157e+00 1.065709810991790742e-33
1.066619051117680739e+00 9.009686680340058275e-34
1.069899819798162621e+00 7.629506963580100582e-34
1.073190679657049618e+00 6.512210986535471551e-34
1.076491661733372407e+00 5.596016060151285657e-34
1.079802797161634409e+00 4.829031079932457526e-34
1.083124117172103329e+00 4.188037257309818532e-34
1.086455653091107809e+00 3.652084285611919077e-34
1.089797436341330972e+00 3.201505307437924153e-34
1.093149498442107737e+00 2.819335593750123866e-34
1.096511871009722583e+00 2.493584570452248124e-34
1.099884585757706645e+00 2.214561122972092940e-34
1.103267674497137696e+00 1.974540297358393485e-34
1.106661169136939460e+00 1.767138548532754276e-34
1.110065101684183597e+00 1.586974397430891470e-34
1.113479504244390350e+00 1.429649314874053530e-34
1.116904409021832301e+00 1.291768776596905467e-34
1.120339848319837905e+00 1.170621427332221928e-34
1.123785854541095697e+00 1.063696227830736088e-34
1.127242460187960704e+00 9.688998445713632146e-35
1.130709697862760210e+00 8.845941480214024959e-35
1.134187600268101725e+00 8.095027272049660029e-35
1.137676200207181632e+00 7.423788967344487144e-35
1.141175530584093822e+00 6.821679842852362117e-35
1.144685624404141011e+00 6.280448129397181706e-35
1.148206514774145148e+00 5.794603009643279794e-35
1.151738234902759839e+00 5.364377756974836523e-35
1.155280818100784535e+00 5.310068018906107884e-35
1.158834297781477618e+00 4.630561239848900263e-35
1.162398707460871483e+00 4.261076217688764344e-35
1.165974080758089615e+00 3.954952551937268504e-35
1.169560451395663003e+00 3.678233998665100310e-35
1.173157853199848333e+00 3.425563895261555011e-35
1.176766320100947283e+00 3.194245262420903199e-35
1.180385886133625606e+00 2.981893469280574927e-35
1.184016585437235758e+00 2.786445200879004897e-35
1.187658452256137087e+00 2.606141589490650566e-35
1.191311520940020685e+00 2.439613180539438222e-35
1.194975825944231795e+00 2.285458890208887536e-35
1.198651401830095553e+00 2.142386342312480355e-35
1.202338283265242502e+00 2.009241669425097674e-35
1.206036505023936778e+00 1.886499866148443182e-35
1.209746101987402067e+00 1.772544182427126804e-35
1.213467109144152678e+00 1.666305122134090187e-35
1.217199561590322165e+00 1.567060460799280979e-35
1.220943494529994844e+00 1.474219778897636924e-35
1.224698943275537966e+00 1.387199150755081903e-35
1.228465943247934122e+00 1.305448451335634852e-35
1.232244529977116754e+00 1.228465074004411193e-35
1.236034739102303437e+00 1.155819009880705523e-35
1.239836606372333172e+00 1.087097956939943910e-35
1.243650167646003668e+00 1.021911610690021436e-35
1.247475458892408406e+00 9.599768161207061383e-36
1.251312516191277702e+00 9.028517156337052619e-36
1.255161375733317319e+00 8.486121947340488314e-36
1.259022073820550425e+00 7.970137396965695822e-36
1.262894646866660642e+00 7.478328746516013176e-36
1.266779131397334446e+00 7.008594623916366897e-36
1.270675564050605999e+00 6.559159895340768210e-36
1.274583981577203318e+00 6.128506258534102989e-36
1.278504420840894218e+00 5.715314408106862669e-36
1.282436918818834259e+00 5.318517983752748283e-36
1.286381512601915356e+00 4.937059556908869684e-36
1.290338239395115716e+00 4.570076066589822331e-36
1.294307136517851120e+00 4.222048113617187878e-36
1.298288241404326415e+00 3.902878385931382024e-36
1.302281591603888344e+00 3.598052641214721803e-36
1.306287224781380596e+00 3.307031883251862672e-36
1.310305178717498187e+00 3.029534827369430498e-36
1.314335491309144732e+00 2.765645611178348230e-36
1.318378200569789049e+00 2.515741558328360378e-36
1.322433344629823537e+00 2.280080635613250182e-36
1.326500961736924999e+00 2.058843959200825541e-36
1.330581090256414134e+00 1.852046997886625473e-36
1.334673768671618133e+00 1.659634300246966747e-36
1.338779035584233723e+00 1.481566677925700394e-36
1.342896929714690213e+00 1.322170105839228137e-36
1.347027489902516084e+00 1.180608680614780090e-36
1.351170755106704480e+00 1.051072047429346511e-36
1.355326764406081130e+00 9.330300493836660456e-37
1.359495556999672061e+00 8.259084416966919684e-37
1.363677172207074628e+00 7.290955863444177169e-37
1.367871649468827222e+00 6.419506068009523825e-37
1.372079028346781859e+00 5.638133593536507636e-37
1.376299348524477217e+00 4.940163399989213328e-37
1.380532649807513002e+00 4.318946951485114714e-37
1.384778972123924978e+00 3.767954050705660395e-37
1.389038355524562451e+00 3.280837688845465847e-37
1.393310840183464627e+00 2.866426896064449289e-37
1.397596466398240977e+00 2.506432856757965818e-37
1.401895274590450713e+00 2.188709270986014503e-37
1.406207305305983812e+00 1.908887163420752450e-37
1.410532599215443161e+00 1.662930878364200943e-37
1.414871197114529799e+00 1.447136328668199619e-37
1.419223139924425503e+00 1.258123627902389620e-37
1.423588468692180253e+00 1.092826589104276514e-37
1.427967224591099038e+00 9.484762507475209109e-38
1.432359448921129541e+00 8.225832339958390891e-38
1.436765183109252941e+00 7.129185923246065786e-38
1.441184468709873379e+00 6.174949312296504425e-38
1.445617347405210529e+00 5.376661086165503536e-38
1.450063861005693067e+00 4.682144796958725105e-38
1.454524051450352129e+00 4.075667359011121066e-38
1.458997960807217220e+00 3.546420964864733505e-38
1.463485631273713672e+00 3.084851049026023689e-38
1.467987105177060103e+00 2.682525854557325988e-38
1.472502424974666990e+00 2.332016303802924911e-38
1.477031633254538123e+00 2.026788528595637410e-38
1.481574772735672285e+00 1.761103362907252193e-38
1.486131886268465596e+00 1.529924943877806677e-38
1.490703016835115413e+00 1.328840054982289477e-38
1.495288207550027115e+00 1.154751490863896250e-38
1.499887501660219113e+00 1.007891430816394180e-38
1.504500942545731856e+00 8.795949731439585872e-39
1.509128573720036837e+00 7.675389437275710311e-39
1.513770438830446041e+00 6.696861954376013289e-39
1.518426581658525620e+00 5.842513142841620253e-39
1.523097046120506226e+00 5.096702277479667760e-39
1.527781876267699346e+00 4.445733531188919394e-39
1.532481116286912304e+00 3.877620384628335500e-39
1.537194810500863928e+00 3.381876167654498431e-39
1.541923003368604439e+00 2.949329149172365454e-39
1.546665739485932889e+00 2.571960010369040280e-39
1.551423063585819051e+00 2.246067581333706593e-39
1.556195020538825080e+00 1.966885808727103697e-39
1.560981655353528508e+00 1.722335686106137522e-39
1.565783013176946792e+00 1.508134768758054857e-39
1.570599139294962976e+00 1.320527515798741044e-39
1.575430079132753791e+00 1.156221057127147377e-39
1.580275878255216204e+00 1.012328511453080817e-39
1.585136582367399738e+00 8.863192494069969933e-40
1.590012237314934795e+00 7.759752500794073610e-40
1.594902889084467645e+00 6.793527473659769347e-40
1.599808583804091633e+00 5.947484402121837184e-40
1.604729367743784829e+00 5.206698762091823153e-40
1.609665287315844573e+00 4.567229314923181292e-40
1.614616389075325786e+00 4.012488508176475448e-40
1.619582719720479957e+00 3.525070584954254193e-40
1.624564326093196565e+00 3.096815171781662491e-40
1.629561255179443391e+00 2.720549233660372010e-40
1.634573554109710392e+00 2.389968079004124390e-40
1.639601270159454671e+00 2.099530389266311929e-40
1.644644450749545239e+00 1.844365990377685072e-40
1.649703143446711762e+00 1.620194743880004121e-40
1.654777395963991538e+00 1.423255274023362160e-40
1.659867256161181359e+00 1.250242154985363284e-40
1.664972772045287153e+00 1.098250728784375283e-40
1.670093991770977837e+00 9.669955834532536295e-41
1.675230963641039406e+00 8.519872556390758381e-41
1.680383736106830339e+00 7.506516490601514087e-41
1.685552357768738352e+00 6.613643224462507869e-41
1.690736877376639358e+00 5.826936641751626555e-41
1.695937343830356436e+00 5.133780453609716022e-41
1.701153806180122352e+00 4.523056462025803549e-41
1.706386313627040963e+00 3.984966874365533342e-41
1.711634915523551514e+00 3.510877586515255798e-41
1.716899661373894936e+00 3.093180192584376573e-41
1.722180600834579911e+00 2.725170193800981036e-41
1.727477783714851167e+00 2.400939690449176575e-41
1.732791259977159770e+00 2.120726255211010301e-41
1.738121079737634744e+00 1.873233207384829099e-41
1.743467293266554252e+00 1.654623346284709560e-41
1.748829950988821658e+00 1.461527253447606123e-41
1.754209103484439147e+00 1.290968348889984555e-41
1.759604801488986681e+00 1.140317138234614593e-41
1.765017095894099386e+00 1.007250759500735526e-41
1.770446037747947621e+00 8.897172455095726525e-42
1.775891678255718586e+00 7.859039490805292900e-42
1.781354068780100164e+00 6.942096544028891194e-42
1.786833260841763416e+00 6.132199277780362516e-42
1.792329306119850640e+00 5.419433741837704534e-42
1.797842256452461207e+00 4.797989497538469600e-42
1.803372163837141384e+00 4.247868157022552239e-42
1.808919080431374615e+00 3.760884915936272642e-42
1.814483058553072903e+00 3.329793831439700376e-42
1.820064150681071524e+00 2.948180178469118828e-42
1.825662409455622193e+00 2.610365172029452220e-42
1.831277887678891325e+00 2.311321559678851758e-42
1.836910638315456978e+00 2.046598912164197633e-42
1.842560714492808671e+00 1.812257472568788452e-42
1.848228169501848539e+00 1.604809592484367310e-42
1.853913056797394487e+00 1.421167876172311348e-42
1.859615429998683345e+00 1.259651749674807668e-42
1.865335342889876902e+00 1.117781388070140373e-42
1.871072849420569950e+00 9.919424581931270758e-43
1.876828003706298098e+00 8.803221870960353878e-43
1.882600860029048917e+00 7.813127470464963541e-43
1.888391472837773533e+00 6.934880943579271930e-43
1.894199896748900214e+00 6.155834279502078565e-43
1.900026186546850182e+00 5.464769671876781154e-43
1.905870397184552978e+00 4.851737831884059198e-43
1.911732583783966266e+00 4.307914595144202692e-43
1.917612801636594311e+00 3.825473740007800414e-43
1.923511106204010668e+00 3.397474190545546349e-43
1.929427553118380434e+00 3.021059765638083418e-43
1.935362198182985827e+00 2.688318629166643003e-43
1.941315097372751985e+00 2.392584361427993273e-43
1.947286306834774328e+00 2.129729796103330075e-43
1.953275882888849679e+00 1.896088283095935697e-43
1.959283882028005852e+00 1.688402315788736743e-43
1.965310360919035437e+00 1.503777885965174940e-43
1.971355376403029824e+00 1.339643925278873222e-43
1.977418985495916104e+00 1.193716275405895246e-43
1.983501245388993306e+00 1.063965674414861533e-43
1.989602213449474188e+00 9.485893135681886889e-44
1.995721947221023473e+00 8.459855658881915955e-44
2.001860504424302523e+00 7.558154532908431829e-44
2.008017942957513569e+00 6.759248112299600562e-44
2.014194320896945722e+00 6.047239003841029670e-44
2.020389696497520760e+00 5.412597839717759893e-44
2.026604128193346899e+00 4.846842404432678520e-44
2.032837674598265032e+00 4.342422548219429664e-44
2.039090394506406057e+00 3.892617743623030844e-44
2.045362346892741545e+00 3.491445896122396531e-44
2.051653590913641967e+00 3.133582175524279945e-44
2.057964185907435350e+00 2.814286765905546446e-44
2.064294191394965505e+00 2.529340555109504018e-44
2.070643667080152905e+00 2.275209961424157772e-44
2.077012672850560016e+00 2.050484593756072670e-44
2.083401268777954840e+00 1.849508982917154433e-44
2.089809515118877581e+00 1.669720425880570071e-44
2.096237472315208183e+00 1.508834428409207888e-44
2.102685200994737880e+00 1.364814459438084675e-44
2.109152761971740730e+00 1.235844993408384925e-44
2.115640216247546501e+00 1.120307483434437660e-44
2.122147625011115313e+00 1.016758946411095436e-44
2.128675049639618067e+00 9.239128770134797738e-45
2.135222551699011095e+00 8.406222369678608563e-45
2.141790192944620586e+00 7.658642941243393671e-45
2.148378035321721224e+00 6.989086367756936742e-45
2.154986140966124619e+00 6.390993592787515589e-45
2.161614572204762386e+00 5.852571318348325159e-45
2.168263391556274566e+00 5.367541592556763143e-45
2.174932661731600270e+00 4.930298251423160467e-45
2.181622445634568308e+00 4.535834672848894807e-45
2.188332806362491390e+00 4.179679308659818937e-45
2.195063807206758977e+00 3.857838157388503170e-45
2.201815511653437696e+00 3.566743431646291359e-45
2.208587983383867304e+00 3.303207751820206650e-45
2.215381286275262429e+00 3.064383270898617503e-45
2.222195484401314314e+00 2.847725200334660112e-45
2.229030642032797438e+00 2.651675592652279199e-45
2.235886823638172594e+00 2.473928412556692571e-45
2.242764093884197063e+00 2.311964832709615711e-45
2.249662517636533909e+00 2.164202255529673465e-45
2.256582159960362599e+00 2.029223776422156059e-45
2.263523086120995842e+00 1.905760590631545555e-45
2.270485361584491546e+00 1.792676275594317361e-45
2.277469052018272322e+00 1.688952748990202924e-45
2.284474223291745432e+00 1.593677723649195941e-45
2.291500941476921405e+00 1.506033499657890649e-45
2.298549272849040648e+00 1.425286950699332961e-45
2.305619283887194726e+00 1.350780577379980784e-45
2.312711041274957857e+00 1.282161316974346702e-45
2.319824611901011302e+00 1.218688935754020375e-45
2.326960062859777079e+00 1.159803253523613127e-45
2.334117461452051678e+00 1.105087018109132500e-45
2.341296875185637116e+00 1.054164909862394197e-45
2.348498371775980420e+00 1.006699173221854441e-45
2.355722019146812674e+00 9.623857085883506596e-46
2.362967885430787174e+00 9.209505761873894041e-46
2.370236038970125136e+00 8.821468681519071307e-46
2.377526548317257404e+00 8.457519098731472187e-46
2.384839482235472818e+00 8.115647558288671460e-46
2.392174909699567475e+00 7.794039487630681526e-46
2.399532899896492211e+00 7.491780203776952076e-46
2.406913522226008517e+00 7.206540888441924578e-46
2.414316846301340913e+00 6.936963739677324548e-46
2.421742941949834638e+00 6.681855363864066895e-46
2.429191879213613792e+00 6.440132759890255913e-46
2.436663728350242142e+00 6.210812216686767783e-46
2.444158559833386146e+00 5.992999361808214302e-46
2.451676444353478423e+00 5.785880240498244301e-46
2.459217452818386107e+00 5.588713317427699688e-46
2.466781656354078756e+00 5.400822304549055031e-46
2.474369126305298483e+00 5.221589728604293370e-46
2.481979934236234531e+00 5.050485555492003371e-46
2.489614151931197394e+00 4.887103471765775946e-46
2.497271851395295172e+00 4.730787295478832938e-46
2.504953104855114354e+00 4.581108807313808060e-46
2.512657984759400165e+00 4.437674241110845699e-46
2.520386563779738687e+00 4.300121034214432177e-46
2.528138914811244753e+00 4.168114905519047984e-46
2.535915110973247621e+00 4.041347227313020083e-46
2.543715225609981534e+00 3.919532660665938628e-46
2.551539332291276274e+00 3.802407027124306826e-46
2.559387504813253056e+00 3.689725392431343640e-46
2.567259817199019967e+00 3.581260340442120149e-46
2.575156343699367412e+00 3.476819535536518747e-46
2.583077158793472883e+00 3.376210216237402203e-46
2.591022337189600400e+00 3.279216431686892222e-46
2.598991953825805723e+00 3.185668182259798465e-46
2.606986083870643345e+00 3.095406389228875022e-46
2.615004802723876587e+00 3.008281990232780697e-46
2.623048186017186811e+00 2.924155120763939754e-46
2.631116309614887960e+00 2.842894373035543353e-46
2.639209249614641983e+00 2.764376124435853073e-46
2.647327082348176042e+00 2.688483928600479809e-46
2.655469884382003265e+00 2.615107962849280886e-46
2.663637732518143508e+00 2.544144526358431547e-46
2.671830703794850770e+00 2.475502932590158911e-46
2.680048875487335280e+00 2.409085852558569188e-46
2.688292325108496694e+00 2.344800373575478608e-46
2.696561130409652840e+00 2.282563460721012020e-46
2.704855369381273356e+00 2.222296244742605729e-46
2.713175120253715544e+00 2.163923741448700211e-46
2.721520461497962007e+00 2.107374594903765452e-46
2.729891471826360938e+00 2.052580842158002186e-46
2.738288230193369088e+00 1.999477697433170513e-46
2.746710815796295613e+00 1.948003353934440300e-46
2.755159308076049030e+00 1.898098801641568372e-46
2.763633786717886842e+00 1.849715053809626240e-46
2.772134331652167827e+00 1.802802155508018234e-46
2.780661023055104319e+00 1.757296854207325901e-46
2.789213941349519388e+00 1.713149267870376237e-46
2.797793167205605780e+00 1.670312188800972535e-46
2.806398781541685761e+00 1.628740362270724015e-46
2.815030865524975834e+00 1.588390383170249982e-46
2.823689500572349687e+00 1.549220599926649260e-46
2.832374768351109573e+00 1.511191025057474132e-46
2.841086750779753256e+00 1.474267512423653365e-46
2.849825530028748499e+00 1.438414332923431062e-46
2.858591188521308890e+00 1.403590405945940508e-46
2.867383808934168332e+00 1.369761653582952357e-46
2.876203474198364418e+00 1.336895965278192577e-46
2.885050267500017362e+00 1.304960876743093578e-46
2.893924272281117371e+00 1.273926020415460196e-46
2.902825572240308460e+00 1.243762154252787621e-46
2.911754251333682042e+00 1.214441112297527072e-46
2.920710393775564739e+00 1.185935758018228538e-46
2.929694084039315527e+00 1.158219940222053482e-46
2.938705406858121094e+00 1.131268451443137692e-46
2.947744447225795206e+00 1.105056988481556261e-46
2.956811290397581171e+00 1.079562115036026926e-46
2.965906021890954314e+00 1.054761226252842374e-46
2.975028727486430657e+00 1.030632570773489284e-46
2.984179493228373836e+00 1.007155186968523521e-46
2.993358405425808666e+00 9.843085946356684153e-47
3.002565550653232940e+00 9.629157358071213701e-47
3.011801015751437216e+00 9.441784819559301207e-47
3.021064887828321055e+00 9.258325245810676409e-47
3.030357254259714583e+00 9.078688940205440864e-47
3.039678202690205389e+00 8.902788533621777950e-47
3.049027821033961860e+00 8.730538910144790411e-47
3.058406197475564081e+00 8.561857135739920139e-47
3.067813420470836494e+00 8.396662390152842893e-47
3.077249578747679681e+00 8.234875901589627323e-47
3.086714761306909693e+00 8.076421185632688051e-47
3.096209057423096489e+00 7.921223332177530034e-47
3.105732556645404596e+00 7.769208998067485222e-47
3.115285348798440435e+00 7.620307024553680006e-47
3.124867523983097417e+00 7.474448013039297184e-47
3.134479172577407269e+00 7.331564275589820841e-47
3.144120385237390014e+00 7.191589784752160919e-47
3.153791252897912845e+00 7.054460127826309255e-47
3.163491866773544992e+00 6.920112461701074016e-47
3.173222318359417926e+00 6.788485469893568608e-47
3.182982699432089557e+00 6.659519320189426711e-47
3.192773102050409761e+00 6.533155623988277134e-47
3.202593618556388133e+00 6.409337519950823729e-47
3.212444341576065732e+00 6.288009296818083635e-47
3.222325364020386829e+00 6.169116612072093623e-47
3.232236779086077760e+00 6.052606478413031480e-47
3.242178680256524448e+00 5.938427168506795033e-47
3.252151161302653470e+00 5.826528183004631049e-47
3.262154316283819799e+00 5.716860217679085258e-47
3.272188239548689648e+00 5.609375132103318517e-47
3.282253025736132646e+00 5.504025919258753908e-47
3.292348769776114459e+00 5.400766677685872802e-47
3.302475566890591629e+00 5.299552582279233694e-47
3.312633512594409968e+00 5.200339856347049555e-47
3.322822702696205610e+00 5.103085795532000589e-47
3.333043233299307850e+00 5.007748586325992713e-47
3.343295200802646860e+00 4.914287436920422447e-47
3.353578701901661852e+00 4.822662507064460754e-47
3.363893833589213678e+00 4.732834877663636905e-47
3.374240693156499216e+00 4.644766530382259723e-47
3.384619378193969297e+00 4.558420323780552769e-47
3.395029986592249749e+00 4.473759970718628199e-47
3.405472616543062436e+00 4.390750015699414782e-47
3.415947366540153851e+00 4.309355818540896616e-47
3.426454335380225036e+00 4.229543532175547942e-47
3.436993622163859285e+00 4.151280084549189950e-47
3.447565326296460064e+00 4.074533165218016548e-47
3.458169547489188034e+00 3.999271170111141258e-47
3.468806385759899857e+00 3.925463232406950965e-47
3.479475941434094999e+00 3.853079184942453663e-47
3.490178315145858079e+00 3.782089541970885461e-47
3.500913607838810560e+00 3.712465483469257421e-47
3.511681920767063314e+00 3.644178839415784941e-47
3.522483355496167867e+00 3.577202074014265935e-47
3.533318013904079624e+00 3.511508272503023597e-47
3.544185998182114439e+00 3.447071121497539753e-47
3.555087410835914508e+00 3.383864895581053897e-47
3.566022354686415596e+00 3.321864446776260777e-47
3.576990932870813822e+00 3.261045189114745540e-47
3.587993248843543981e+00 3.201383076782038479e-47
3.599029406377249884e+00 3.142854602341785257e-47
3.610099509563765796e+00 3.085436780007673150e-47
3.621203662815096980e+00 3.029107134285412062e-47
3.632341970864406022e+00 2.973843685576595240e-47
3.643514538766999600e+00 2.919624938353176271e-47
3.654721471901319685e+00 2.866429870717691003e-47
3.665962875969936530e+00 2.814237925426731574e-47
3.677238857000548311e+00 2.763028994230059001e-47
3.688549521346977222e+00 2.712783406981999369e-47
3.699894975690176224e+00 2.663481925459242780e-47
3.711275327039233574e+00 2.615105732843082146e-47
3.722690682732380907e+00 2.567636423207337290e-47
3.734141150438008872e+00 2.521055989094606672e-47
3.745626838155678762e+00 2.475346813858163048e-47
3.757147854217146143e+00 2.430491658064808990e-47
3.768704307287376931e+00 2.386473655330164268e-47
3.780296306365576342e+00 2.343276310248406739e-47
3.791923960786215186e+00 2.300883482741034988e-47
3.803587380220061487e+00 2.259279375657909049e-47
3.815286674675215206e+00 2.218448526479003928e-47
3.827021954498146084e+00 2.178375810983746384e-47
3.838793330374732804e+00 2.139046429665827636e-47
3.850600913331308828e+00 2.100445895058061323e-47
3.862444814735709109e+00 2.062560023765035406e-47
3.874325146298319478e+00 2.025374939865713500e-47
3.886242020073131798e+00 1.988877062755119839e-47
3.898195548458799120e+00 1.953053098552457636e-47
3.910185844199697947e+00 1.917890029439763219e-47
3.922213020386989157e+00 1.883375116357070127e-47
3.934277190459687823e+00 1.849495889537669840e-47
3.946378468205729906e+00 1.816240140996882753e-47
3.958516967763046956e+00 1.783595915118294878e-47
3.970692803620642586e+00 1.751551509061154349e-47
3.982906090619673378e+00 1.720095465805923589e-47
3.995156943954529360e+00 1.689216566282201449e-47
4.007445479173923353e+00 1.660289603704403808e-47
4.019771812181978987e+00 1.632737681518098398e-47
4.032136059239324943e+00 1.605630137389817936e-47
4.044538336964190961e+00 1.578960119628981659e-47
4.056978762333507404e+00 1.552720881013516556e-47
4.069457452684010157e+00 1.526905778680471584e-47
4.081974525713344626e+00 1.501508272369018830e-47
4.094530099481179519e+00 1.476521922532460685e-47
4.107124292410314403e+00 1.451940388497411845e-47
4.119757223287807690e+00 1.427757427203989984e-47
4.132429011266082419e+00 1.403966891716871345e-47
4.145139775864062237e+00 1.380562729396227925e-47
4.157889636968290503e+00 1.357538981132832121e-47
4.170678714834068934e+00 1.334889779183491704e-47
4.183507130086582926e+00 1.312609345854735756e-47
4.196375003722047303e+00 1.290691992193354183e-47
4.209282457108842301e+00 1.269132117312102646e-47
4.222229611988660203e+00 1.247924206029232896e-47
4.235216590477653753e+00 1.227062827479091816e-47
4.248243515067587239e+00 1.206542634089187038e-47
4.261310508626993787e+00 1.186358361317277425e-47
4.274417694402329992e+00 1.166504825147417688e-47
4.287565196019142988e+00 1.146976920426376238e-47
4.300753137483232180e+00 1.127790311635459869e-47
4.313981643181826975e+00 1.108996977570885129e-47
4.327250837884747625e+00 1.090512836129662987e-47
4.340560846745591839e+00 1.072333106306011237e-47
4.353911795302911614e+00 1.054453080249025952e-47
4.367303809481398069e+00 1.036868123460596222e-47
4.380737015593066275e+00 1.019573672596332759e-47
4.394211540338452515e+00 1.002565233141398702e-47
4.407727510807805338e+00 9.858383792370283639e-48
4.421285054482281929e+00 9.693890609282809640e-48
4.434884299235156924e+00 9.532139479291451883e-48
4.448525373333023225e+00 9.373075251861122373e-48
4.462208405437003478e+00 9.216656318206070032e-48
4.475933524603965097e+00 9.062841717374759286e-48
4.489700860287733519e+00 8.911591122970919300e-48
4.503510542340317002e+00 8.762864807441300132e-48
4.517362701013133197e+00 8.616623647081881902e-48
4.531257466958230395e+00 8.472829126039049973e-48
4.545194971229524761e+00 8.331443329644576647e-48
4.559175345284036673e+00 8.192428899809795141e-48
4.573198720983129739e+00 8.055749045222050231e-48
4.587265230593754239e+00 7.921367543657961977e-48
4.601375006789694133e+00 7.789248743693155412e-48
4.615528182652819389e+00 7.659357510729568942e-48
4.629724891674340981e+00 7.531659240668803292e-48
4.643965267756070325e+00 7.406119862541849862e-48
4.658249445211681383e+00 7.282705847331130107e-48
4.672577558767977202e+00 7.161384145872824916e-48
4.686949743566163562e+00 7.042122204852758605e-48
4.701366135163118187e+00 6.924887970084407456e-48
4.715826869532674159e+00 6.809649901679462384e-48
4.730332083066902449e+00 6.696376905348981831e-48
4.744881912577394445e+00 6.585038348842104054e-48
4.759476495296555143e+00 6.475604065959955192e-48
4.774115968878896332e+00 6.368044380961780386e-48
4.788800471402336001e+00 6.262330030250442969e-48
4.803530141369501294e+00 6.158432179761736372e-48
4.818305117709032359e+00 6.056322430051685747e-48
4.833125539776893298e+00 5.955972848801901880e-48
4.847991547357690223e+00 5.857355885467331403e-48
4.862903280665983985e+00 5.760444387448599729e-48
4.877860880347618000e+00 5.665211606988529174e-48
4.892864487481039859e+00 5.571631239981788991e-48
4.907914243578635372e+00 5.479677337469396343e-48
4.923010290588063498e+00 5.389324316556039453e-48
4.938152770893592169e+00 5.300546970936867048e-48
4.953341827317444768e+00 5.213320515221831106e-48
4.968577603121145714e+00 5.127620495434791017e-48
4.983860242006868724e+00 5.043422792002186552e-48
4.999189888118797498e+00 4.960703635125884382e-48
5.014566686044481969e+00 4.876475517438476835e-48
5.029990780816204321e+00 4.793639645373250693e-48
5.045462317912342343e+00 4.712337877991975443e-48
5.060981443258746992e+00 4.632543941230927807e-48
5.076548303230116410e+00 4.554232045089672243e-48
5.092163044651376147e+00 4.477376796225424564e-48
5.107825814799062947e+00 4.401953177827642468e-48
5.123536761402717410e+00 4.327936569944999322e-48
5.139296032646273105e+00 4.255302801693237747e-48
5.155103777169459001e+00 4.184028076315495066e-48
5.170960144069195685e+00 4.114088934560974161e-48
5.186865282901008456e+00 4.045462281261045497e-48
5.202819343680429753e+00 3.978125436198573878e-48
5.218822476884422912e+00 3.912056075938227226e-48
5.234874833452793474e+00 3.847232177182221428e-48
5.250976564789617385e+00 3.783632054152371164e-48
5.267127822764669176e+00 3.721234398981571478e-48
5.283328759714852829e+00 3.660018249796134125e-48
5.299579528445637067e+00 3.599962911766127161e-48
5.315880282232501308e+00 3.541048001652860197e-48
5.332231174822376296e+00 3.483253483614146524e-48
5.348632360435098931e+00 3.426559655713317684e-48
5.365083993764862669e+00 3.370947057297975284e-48
5.381586229981676794e+00 3.316396517454078008e-48
5.398139224732836361e+00 3.262889184177927062e-48
5.414743134144378800e+00 3.210406528144823622e-48
5.431398114822569845e+00 3.158930243277233610e-48
5.448104323855369913e+00 3.108442294492281709e-48
5.464861918813920028e+00 3.058924939858063746e-48
5.481671057754028631e+00 3.010360748691951473e-48
5.498531899217659280e+00 2.962732502066365544e-48
5.515444602234431670e+00 2.916023235874710323e-48
5.532409326323114662e+00 2.870216257098559464e-48
5.549426231493135298e+00 2.825295167489316240e-48
5.566495478246087814e+00 2.781243775339486765e-48
5.583617227577246211e+00 2.738046128464153527e-48
5.600791640977081265e+00 2.695686523837975431e-48
5.618018880432788187e+00 2.654149531543612209e-48
5.635299108429809856e+00 2.613419923554810751e-48
5.652632487953371587e+00 2.573482694598185977e-48
5.670019182490018572e+00 2.534323065755947413e-48
5.687459356029158641e+00 2.495926498790164291e-48
5.704953173064605032e+00 2.458278651313741116e-48
5.722500798596133365e+00 2.421365382219436971e-48
5.740102398131032402e+00 2.385172749173484423e-48
5.757758137685669020e+00 2.349687008937248623e-48
5.775468183787054066e+00 2.314894602475987471e-48
5.793232703474409995e+00 2.280782145808362227e-48
5.811051864300749159e+00 2.247336421465450225e-48
5.828925834334452105e+00 2.214544365724183752e-48
5.846854782160855635e+00 2.182393080870252282e-48
5.864838876883839980e+00 2.150869817934091336e-48
5.882878288127423971e+00 2.119961964859705282e-48
5.900973186037368201e+00 2.089657021127951844e-48
5.919123741282775519e+00 2.059942635140343449e-48
5.937330125057702190e+00 2.030806588189369963e-48
5.955592509082776154e+00 2.002236779519484156e-48
5.973911065606811732e+00 1.974221195106346475e-48
5.992285967408434111e+00 1.946747965102281872e-48
6.010717387797714473e+00 1.919722405395837238e-48
6.029205500617799807e+00 1.893161382108332639e-48
6.047750480246551597e+00 1.867114374144906778e-48
6.066352501598196945e+00 1.841569785991495226e-48
6.085011740124971702e+00 1.816516194625616295e-48
6.103728371818778697e+00 1.791942336846579936e-48
6.122502573212845967e+00 1.767837082396790985e-48
6.141334521383393863e+00 1.744189503400492432e-48
6.160224393951303057e+00 1.720988898775997110e-48
6.179172369083792304e+00 1.698224778773708033e-48
6.198178625496095329e+00 1.675886845758614037e-48
6.217243342453147470e+00 1.653965054123000482e-48
6.236366699771284772e+00 1.632449649918560699e-48
6.255548877819924414e+00 1.611331150804862644e-48
6.274790057523278008e+00 1.590600332306622450e-48
6.294090420362054239e+00 1.570248270124090740e-48
6.313450148375169491e+00 1.550266389535734703e-48
6.332869424161467364e+00 1.530646437989379944e-48
6.352348430881439079e+00 1.511380472257274922e-48
6.371887352258950976e+00 1.492460881396799770e-48
6.391486372582978248e+00 1.473880436337620363e-48
6.411145676709343988e+00 1.455632255055872887e-48
6.430865450062459132e+00 1.437709786587386783e-48
6.450645878637075725e+00 1.420106814806519014e-48
6.470487149000038407e+00 1.402817501948253214e-48
6.490389448292045671e+00 1.385836347125834785e-48
6.510352964229411121e+00 1.369158165333583834e-48
6.530377885105843383e+00 1.352726835981525311e-48
6.550464399794210912e+00 1.336589038052105969e-48
6.570612697748328124e+00 1.320741404127702535e-48
6.590822969004745069e+00 1.305179938062754522e-48
6.611095404184534452e+00 1.289900886532227052e-48
6.631430194495094632e+00 1.274900763706640055e-48
6.651827531731950849e+00 1.260176305694803984e-48
6.672287608280560889e+00 1.245724442645644270e-48
6.692810617118136740e+00 1.231542269169468901e-48
6.713396751815459140e+00 1.217512602466548712e-48
6.734046206538704560e+00 1.203745589634615575e-48
6.754759176051278402e+00 1.190242560909193306e-48
6.775535855715649092e+00 1.177001104735200307e-48
6.796376441495193710e+00 1.164018907058106582e-48
6.817281129956042740e+00 1.151293716859237177e-48
6.838250118268939914e+00 1.138823322759442421e-48
6.859283604211095842e+00 1.126605526940164072e-48
6.880381786168054958e+00 1.114638157621634887e-48
6.901544863135566921e+00 1.102919043175709503e-48
6.922773034721467766e+00 1.091445994653828966e-48
6.944066501147554860e+00 1.080216785438757276e-48
6.965425463251482263e+00 1.069229164366020733e-48
6.986850122488649895e+00 1.058480838517861400e-48
7.008340680934106892e+00 1.047952835507112465e-48
7.029897341284456758e+00 1.037634560743446795e-48
7.051520306859768716e+00 1.027550379858881399e-48
7.073209781605496183e+00 1.017697692356509288e-48
7.094965970094397889e+00 1.008073832252388648e-48
7.116789077528472340e+00 9.986760601408668510e-49
7.138679309740886936e+00 9.895015769132428570e-49
7.160636873197923968e+00 9.805475219432465609e-49
7.182661975000929289e+00 9.718109702788167025e-49
7.204754822888260080e+00 9.632889296589066058e-49
7.226915625237247731e+00 9.549783530718315008e-49
7.249144591066162491e+00 9.468761416396116441e-49
7.271441930036185219e+00 9.389791447051233996e-49
7.293807852453386253e+00 9.312841592694026803e-49
7.316242569270705154e+00 9.237879415097737900e-49
7.338746292089944667e+00 9.164872125155786000e-49
7.361319233163762910e+00 9.093786590502488837e-49
7.383961605397679762e+00 9.024589356527812017e-49
7.406673622352079711e+00 8.957246732620173308e-49
7.429455498244228018e+00 8.891724869474122791e-49
7.452307447950295760e+00 8.827989768643772796e-49
7.475229687007377777e+00 8.766007309533753231e-49
7.498222431615532813e+00 8.705743318014082318e-49
7.521285898639822776e+00 8.647163643160323251e-49
7.544420305612350219e+00 8.590234166196181724e-49
7.567625870734320692e+00 8.534920832258819056e-49
7.590902812878091765e+00 8.481189694391127794e-49
7.614251351589243377e+00 8.429006989854358407e-49
7.637671707088646400e+00 8.378339146026162809e-49
7.661164100274538313e+00 8.329152805569927566e-49
7.684728752724610423e+00 8.281414859252562076e-49
7.708365886698094194e+00 8.235092510990213276e-49
7.732075725137858235e+00 8.190153282913318471e-49
7.755858491672514177e+00 8.146565033719669054e-49
7.779714410618519871e+00 8.104295983478377060e-49
7.803643706982303030e+00 8.063314765034079500e-49
7.827646606462375090e+00 8.023590429163037726e-49
7.851723335451465502e+00 7.985092458939533374e-49
7.875874121038658693e+00 7.947790787007827519e-49
7.900099191011528355e+00 7.911655836531697822e-49
7.924398773858293943e+00 7.876658525460730274e-49
7.948773098769968293e+00 7.842770281483243439e-49
7.973222395642525662e+00 7.809963050587876725e-49
7.997746895079068885e+00 7.778209333379845003e-49
8.022346828392000972e+00 7.750111701255016515e-49
8.047022427605210027e+00 7.723189761214602205e-49
8.071773925456254162e+00 7.697150317270319362e-49
8.096601555398564187e+00 7.671970658082336851e-49
8.121505551603638295e+00 7.647628634619188705e-49
8.146486148963250074e+00 7.624102676318605998e-49
8.171543583091668950e+00 7.601371804692155555e-49
8.196678090327884192e+00 7.579415661598876322e-49
8.221889907737820025e+00 7.558214524953045041e-49
8.247179273116595155e+00 7.537749327639465706e-49
8.272546424990741443e+00 7.518001676638185656e-49
8.297991602620470530e+00 7.498953882634563985e-49
8.323515046001922713e+00 7.480588982033160738e-49
8.349116995869431790e+00 7.462890764032169675e-49
8.374797693697793477e+00 7.445843795791361326e-49
8.400557381704553350e+00 7.429433457944960941e-49
8.426396302852275255e+00 7.413645975911140924e-49
8.452314700850847018e+00 7.398468455353598410e-49
8.478312820159770169e+00 7.383888918827409400e-49
8.504390905990472760e+00 7.369896347445194139e-49
8.530549204308615074e+00 7.356480724077503386e-49
8.556787961836413103e+00 7.343633077693339797e-49
8.583107426054965572e+00 7.331345531154736886e-49
8.609507845206586296e+00 7.319611349986757653e-49
8.635989468297154303e+00 7.308424992602826462e-49
8.662552545098447965e+00 7.297782160422188230e-49
8.689197326150509326e+00 7.287679848428396482e-49
8.715924062764008440e+00 7.278116390679204020e-49
8.742733007022609470e+00 7.269091503343964236e-49
8.769624411785349238e+00 7.260606319829395271e-49
8.796598530689026418e+00 7.252663414984778854e-49
8.823655618150587188e+00 7.245266813583222135e-49
8.850795929369530413e+00 7.238421977756668179e-49
8.878019720330311060e+00 7.232135767263629823e-49
8.905327247804754265e+00 7.226416363301703941e-49
8.932718769354483612e+00 7.221273143769597251e-49
8.960194543333338757e+00 7.216716499635486610e-49
8.987754828889826797e+00 7.212757577119370862e-49
9.015399885969552329e+00 7.207794943900881712e-49
9.043129975317681257e+00 7.202249814629681601e-49
9.070945358481390386e+00 7.197437242944420281e-49
9.098846297812340111e+00 7.193362677721516905e-49
9.126833056469145333e+00 7.190029317151003271e-49
9.154905898419864130e+00 7.187436981938211863e-49
9.183065088444477553e+00 7.185580772595846138e-49
9.211310892137396067e+00 7.184449504141892151e-49
9.239643575909957107e+00 7.184023922374014798e-49
9.268063406992945730e+00 7.184274726390958302e-49
9.296570653439108156e+00 7.185160448119509857e-49
9.325165584125683083e+00 7.186625277174486147e-49
9.353848468756940093e+00 7.188596954860345442e-49
9.382619577866714522e+00 7.190984910901071541e-49
9.411479182820974287e+00 7.193678857863703495e-49
9.440427555820358307e+00 7.196548095209992645e-49
9.469464969902771756e+00 7.199441794403856698e-49
9.498591698945933359e+00 7.202190519270503842e-49
9.527808017669974205e+00 7.204609187845818587e-49
9.557114201640025897e+00 7.206501577331770130e-49
9.586510527268819359e+00 7.207666326261818749e-49
9.615997271819292536e+00 7.207904202557112772e-49
9.645574713407201628e+00 7.207026209756319827e-49
9.675243131003751884e+00 7.204861928544651436e-49
9.705002804438221276e+00 7.201267377678943679e-49
9.734854014400603717e+00 7.196131655946527125e-49
9.764797042444254060e+00 7.189381716698194567e-49
9.794832170988550857e+00 7.180984817083865291e-49
9.824959683321546677e+00 7.170948449626472551e-49
9.855179863602653967e+00 7.159317852029828106e-49
9.885492996865313131e+00 7.146493614754268086e-49
9.915899369019697929e+00 7.132352875110634022e-49
9.946399266855388888e+00 7.116916788165007389e-49
9.976992978044096461e+00 7.100324072670713367e-49
1.000768079114236819e+01 7.082822912986523856e-49
1.003846299559431365e+01 7.064750082952656683e-49
1.006933988173431871e+01 7.045928806272098094e-49
1.010031174078980953e+01 7.026492250262410385e-49
1.013137886488399175e+01 7.006562392491709049e-49
1.016254154703857715e+01 6.986528932058446553e-49
1.019380008117659564e+01 6.966295393948303619e-49
1.022515476212512375e+01 6.945845197919108561e-49
1.025660588561810016e+01 6.925247204791951697e-49
1.028815374829908258e+01 6.904557952644024046e-49
1.031979864772408106e+01 6.883822743858004121e-49
1.035154088236432379e+01 6.863076854324448855e-49
1.038338075160911700e+01 6.842346777645787688e-49
1.041531855576862498e+01 6.821651442287850552e-49
1.044735459607674244e+01 6.801003359446904515e-49
1.047948917469389585e+01 6.780409676546075918e-49
1.051172259470993886e+01 6.759873122715804584e-49
1.054405516014695898e+01 6.739392842843126838e-49
1.057648717596219612e+01 6.718965122140514258e-49
1.060901894805089007e+01 6.698584007584675952e-49
1.064165078324915648e+01 6.678241835051549554e-49
1.067438298933691421e+01 6.657929671615125622e-49
1.070721587504075245e+01 6.637637683220936331e-49
1.074014975003687944e+01 6.617355437560673951e-49
1.077318492495399838e+01 6.597072151053387702e-49
1.080632171137628816e+01 6.576776888312943320e-49
1.083956042184629531e+01 6.556458721737941892e-49
1.087290136986791822e+01 6.536106857427117101e-49
1.090634486990933461e+01 6.515710733369776589e-49
1.093989123740599823e+01 6.495260094454939399e-49
1.097354078876357875e+01 6.474745049226231963e-49
1.100729384136098510e+01 6.454156109017083573e-49
1.104115071355331601e+01 6.433484217737372086e-49
1.107511172467490823e+01 6.412720769607960795e-49
1.110917719504230483e+01 6.391857619402331416e-49
1.114334744595731053e+01 6.370887086194398077e-49
1.117762279971001149e+01 6.349801952449858209e-49
1.121200357958179517e+01 6.328595458817538632e-49
1.124649010984843578e+01 6.307261296374061523e-49
1.128108271578311772e+01 6.285793596629421317e-49
1.131578172365953705e+01 6.264186919685195872e-49
1.135058746075493907e+01 6.242436240516482059e-49
1.138550025535325361e+01 6.220536935289323511e-49
1.142052043674813611e+01 6.198484773380046002e-49
1.145564833524613313e+01 6.176275896322329580e-49
1.149088428216973767e+01 6.153906806264612916e-49
1.152622860986057063e+01 6.131374352030215472e-49
1.156168165168246276e+01 6.108675715649321779e-49
1.159724374202465214e+01 6.085808399049736920e-49
1.163291521630488035e+01 6.062770211338920392e-49
1.166869641097261123e+01 6.039559256361032870e-49
1.170458766351217683e+01 6.016173920891326244e-49
1.174058931244594106e+01 5.992612863260403320e-49
1.177670169733754335e+01 5.968874941450001894e-49
1.181292515879504634e+01 5.944959334037940857e-49
1.184926003847420262e+01 5.920865508210559136e-49
1.188570667908161838e+01 5.896593100352197121e-49
1.192226542437804682e+01 5.872141969184004982e-49
1.195893661918157491e+01 5.847512186711922764e-49
1.199572060937092211e+01 5.822704030188784846e-49
1.203261774188865907e+01 5.797717974168849692e-49
1.206962836474453127e+01 5.772554683198206760e-49
1.210675282701867950e+01 5.747215004468921726e-49
1.214399147886500074e+01 5.721699961335237221e-49
1.218134467151437939e+01 5.696010746846694653e-49
1.221881275727806404e+01 5.670148719749888679e-49
1.225639608955095916e+01 5.644115392460929863e-49
1.229409502281494149e+01 5.617912431122803225e-49
1.233190991264224934e+01 5.591541649767498509e-49
1.236984111569879019e+01 5.565005004573479749e-49
1.240788898974754240e+01 5.538304589082455578e-49
1.244605389365189474e+01 5.511442629544640530e-49
1.248433618737906947e+01 5.484421480793537804e-49
1.252273623200347430e+01 5.457243621968957802e-49
1.256125438971015029e+01 5.429911652711798487e-49
1.259989102379815229e+01 5.402428289403209560e-49
1.263864649868400747e+01 5.374796361471742605e-49
1.267752117990511707e+01 5.347018808244917095e-49
1.271651543412324692e+01 5.319098674908541057e-49
1.275562962912793630e+01 5.291039110128932793e-49
1.279486413384001331e+01 5.262843362836690803e-49
1.283421931831505347e+01 5.234514779385101074e-49
1.287369555374685071e+01 5.206056800504799119e-49
1.291329321247096473e+01 5.177472959174312182e-49
1.295301266796818140e+01 5.148766877672818848e-49
1.299285429486808496e+01 5.119942265330233515e-49
1.303281846895254148e+01 5.091002916233156991e-49
1.307290556715929775e+01 5.061952707002447976e-49
1.311311596758547537e+01 5.032795594694413171e-49
1.315345004949119811e+01 5.003535614791139487e-49
1.319390819330311793e+01 4.974176879162656328e-49
1.323449078061804407e+01 4.944723574368945009e-49
1.327519819420650116e+01 4.915179959933409044e-49
1.331603081801638844e+01 4.885550366630292293e-49
1.335698903717654673e+01 4.855839194709554737e-49
1.339807323800043726e+01 4.826050912689239084e-49
1.343928380798976896e+01 4.796190055767567239e-49
1.348062113583812938e+01 4.766261224494692692e-49
1.352208561143469900e+01 4.736269083509714798e-49
1.356367762586787507e+01 4.706218360326983420e-49
1.360539757142901607e+01 4.676113844094001941e-49
1.364724584161608334e+01 4.645960384798541280e-49
1.368922283113741045e+01 4.615762891880931795e-49
1.373132893591537318e+01 4.585526333615888148e-49
1.377356455309016958e+01 4.555255736069166707e-49
1.381593008102352016e+01 4.524956182427470928e-49
1.385842591930248169e+01 4.494632812034945208e-49
1.390105246874314737e+01 4.464290819886065994e-49
1.394381013139449621e+01 4.433935456124635115e-49
1.398669931054212867e+01 4.403572025039412309e-49
1.402972041071210718e+01 4.373205885040706755e-49
1.407287383767476641e+01 4.342842447741266125e-49
1.411615999844850577e+01 4.312487177888061942e-49
1.415957930130368858e+01 4.282145593096874032e-49
1.420313215576642918e+01 4.251823263115849230e-49
1.424681897262251340e+01 4.221525809947325720e-49
1.429064016392122127e+01 4.191258907354290642e-49
1.433459614297925988e+01 4.161028280808851066e-49
1.437868732438461805e+01 4.130839707495038603e-49
1.442291412400052231e+01 4.100699015789743692e-49
1.446727695896931110e+01 4.070612085659119845e-49
1.451177624771641561e+01 4.040584848320591575e-49
1.455641240995426244e+01 4.010623286165927383e-49
1.460118586668627749e+01 3.980733432992075493e-49
1.464609704021080816e+01 3.950921373802673056e-49
1.469114635412515213e+01 3.921193244934571176e-49
1.473633423332953107e+01 3.891555233854303112e-49
1.478166110403107858e+01 3.862013579567527082e-49
1.482712739374790978e+01 3.832574572109171248e-49
1.487273353131309506e+01 3.803244552964868283e-49
1.491847994687876522e+01 3.774029914706304297e-49
1.496436707192010829e+01 3.744937101038225703e-49
1.501039533923949421e+01 3.715972606643573334e-49
1.505656518297050894e+01 3.687142976945862325e-49
1.510287703858209518e+01 3.658454808194651333e-49
1.514933134288260952e+01 3.629914746631406291e-49
1.519592853402399868e+01 3.601529488507835209e-49
1.524266905150587093e+01 3.573305779396015427e-49
1.528955333617970602e+01 3.545250413689894537e-49
1.533658183025294619e+01 3.517370233869593549e-49
1.538375497729322738e+01 3.489672129549555983e-49
1.543107322223253242e+01 3.462163036813114437e-49
1.547853701137137428e+01 3.434849936590535189e-49
1.552614679238304873e+01 3.407739853824592899e-49
1.557390301431780166e+01 3.380839855549673850e-49
1.562180612760712606e+01 3.354157049542854967e-49
1.566985658406794713e+01 3.327698582067960119e-49
1.571805483690694238e+01 3.301471636007986675e-49
1.576640134072476052e+01 3.275483428305138420e-49
1.581489655152036811e+01 3.249741207227797190e-49
1.586354092669528804e+01 3.224252249586383671e-49
1.591233492505797820e+01 3.199023857346156962e-49
1.596127900682809297e+01 3.174063354179603723e-49
1.601037363364088861e+01 3.149378081466628145e-49
1.605961926855151489e+01 3.124975394163565979e-49
1.610901637603943470e+01 3.100862656243423156e-49
1.615856542201279211e+01 3.077047235862793609e-49
1.620826687381276088e+01 3.053536499883915622e-49
1.625812120021803153e+01 3.030337808556676447e-49
1.630812887144915990e+01 3.007458509254048608e-49
1.635829035917306129e+01 2.984905930188416552e-49
1.640860613650740163e+01 2.962687373770846029e-49
1.645907667802511654e+01 2.940810109500700793e-49
1.650970245975883799e+01 2.919281366554390716e-49
1.656048395920543115e+01 2.898108326000278266e-49
1.661142165533044235e+01 2.877298112912869670e-49
1.666251602857268566e+01 2.856857787857016562e-49
1.671376756084869797e+01 2.836794338399883807e-49
1.676517673555735399e+01 2.817114670577858203e-49
1.681674403758437464e+01 2.797825599580817668e-49
1.686846995330692778e+01 2.778933841086258480e-49
1.692035497059822546e+01 2.760446002015181940e-49
1.697239957883206429e+01 2.742368571333106247e-49
1.702460426888753986e+01 2.724707911378747844e-49
1.707696953315357291e+01 2.707470248714517733e-49
1.712949586553364156e+01 2.690661665573531645e-49
1.718218376145036430e+01 2.674288091607162521e-49
1.723503371785024996e+01 2.658355295866117490e-49
1.728804623320830558e+01 2.642868879214347519e-49
1.734122180753280773e+01 2.627834267558022026e-49
1.739456094236996009e+01 2.613256705221202804e-49
1.744806414080867896e+01 2.599141249992369438e-49
1.750173190748527929e+01 2.585492767431432188e-49
1.755556474858830285e+01 2.572315927574882026e-49
1.760956317186321485e+01 2.559615201445487706e-49
1.766372768661726411e+01 2.547394859001478371e-49
1.771805880372425435e+01 2.535658967790039380e-49
1.777255703562933675e+01 2.524411392669736349e-49
1.782722289635391277e+01 2.513655796473565202e-49
1.788205690150039473e+01 2.503395641500388333e-49
1.793705956825716186e+01 2.493634191593974346e-49
1.799223141540334581e+01 2.484374515452614389e-49
1.804757296331381156e+01 2.475619489960135788e-49
1.810308473396398554e+01 2.467371804430541615e-49
1.815876725093484723e+01 2.459633964516098471e-49
1.821462103941780697e+01 2.452408296874066185e-49
1.827064662621972957e+01 2.445696952751086630e-49
1.832684453976781214e+01 2.439501912100467216e-49
1.838321531011466803e+01 2.433824985803999408e-49
1.843975946894324025e+01 2.428667818051773996e-49
1.849647754957186763e+01 2.424031886246021385e-49
1.855337008695931900e+01 2.419918500066362582e-49
1.861043761770977767e+01 2.416328798123477692e-49
1.866768068007798576e+01 2.413263742442805480e-49
1.872509981397425349e+01 2.410724110504567323e-49
1.878269556096960002e+01 2.408710484370708591e-49
1.884046846430081246e+01 2.407223236960181646e-49
1.889841906887563283e+01 2.406262515083753923e-49
1.895654792127782429e+01 2.405828219113801770e-49
1.901485556977240421e+01 2.405919979681976788e-49
1.907334256431072816e+01 2.406537130443242436e-49
1.913200945653577278e+01 2.407678678312481079e-49
1.919085679978724457e+01 2.409343270096935993e-49
1.924988514910689119e+01 2.411529156238382200e-49
1.930909506124363872e+01 2.414234152321001231e-49
1.936848709465893492e+01 2.417455597829428348e-49
1.942806180953196815e+01 2.421190313423909614e-49
1.948781976776493252e+01 2.425434556649833553e-49
1.954776153298839247e+01 2.430183976813807966e-49
1.960788767056652304e+01 2.435433569447519325e-49
1.966819874760250642e+01 2.441177631403341045e-49
1.972869533294383260e+01 2.447409716443729111e-49
1.978937799718771373e+01 2.454122592761120196e-49
1.985024731268639542e+01 2.461308202592695210e-49
1.991130385355264565e+01 2.468957624717492817e-49
1.997254819566508033e+01 2.477061040220675853e-49
2.003398091667366998e+01 2.485609237665105214e-49
2.009560259600512211e+01 2.494590210102084164e-49
2.015741381486841277e+01 2.503990042313378044e-49
2.021941515626020092e+01 2.513795078249771573e-49
2.028160720497037772e+01 2.523990665544166173e-49
2.034399054758758041e+01 2.534561153961083283e-49
2.040656577250467052e+01 2.545489899552886510e-49
2.046933346992436498e+01 2.556759276029943849e-49
2.053229423186471791e+01 2.568350693438824970e-49
2.059544865216478726e+01 2.580244622972972014e-49
2.065879732649015921e+01 2.592420629807422545e-49
2.072234085233863965e+01 2.604857411871169121e-49
2.078607982904581775e+01 2.617532845994616188e-49
2.085001485779078223e+01 2.630424040009208270e-49
2.091414654160173825e+01 2.643507391234600105e-49
2.097847548536174500e+01 2.656758650477865598e-49
2.104300229581436810e+01 2.670152991511062540e-49
2.110772758156946693e+01 2.683665085162600257e-49
2.117265195310885773e+01 2.697269177500912471e-49
2.123777602279213284e+01 2.710939172141725544e-49
2.130310040486243395e+01 2.724648715063914433e-49
2.136862571545218614e+01 2.738371281909322053e-49
2.143435257258898829e+01 2.752080267538135304e-49
2.150028159620136847e+01 2.765749075551474414e-49
2.156641340812470986e+01 2.779351209435815375e-49
2.163274863210702392e+01 2.792860362481636766e-49
2.169928789381493672e+01 2.806250507101944405e-49
2.176603182083947630e+01 2.819495982619569618e-49
2.183298104270211226e+01 2.832571580734108546e-49
2.190013619086057517e+01 2.845452628208491979e-49
2.196749789871492453e+01 2.858115066247390175e-49
2.203506680161341436e+01 2.870535525804137758e-49
2.210284353685859671e+01 2.882691399227296157e-49
2.217082874371321566e+01 2.894560906241311413e-49
2.223902306340633928e+01 2.906123155797746331e-49
2.230742713913937081e+01 2.917358201651348826e-49
2.237604161609206344e+01 2.928247093232485859e-49
2.244486714142870198e+01 2.938771919783896383e-49
2.251390436430411413e+01 2.948915849153799114e-49
2.258315393586988051e+01 2.958663160435391165e-49
2.265261650928038151e+01 2.967999270399744296e-49
2.272229273969905350e+01 2.976910753713155869e-49
2.279218328430448182e+01 2.985385357849123270e-49
2.286228880229668547e+01 2.993412011454764829e-49
2.293260995490323850e+01 3.000980827345582490e-49
2.300314740538560798e+01 3.008083099847631891e-49
2.307390181904530380e+01 3.014711297566051205e-49
2.314487386323026641e+01 3.020859049773750457e-49
2.321606420734104859e+01 3.026521129941282807e-49
2.328747352283722805e+01 3.031693433312919261e-49
2.335910248324368865e+01 3.036372951392597488e-49
2.343095176415694780e+01 3.040557742368017326e-49
2.350302204325161171e+01 3.044246898785243004e-49
2.357531400028666724e+01 3.047440510899844211e-49
2.364782831711199407e+01 3.050139629277681846e-49
2.372056567767469204e+01 3.052346223731590416e-49
2.379352676802563593e+01 3.054063141002546212e-49
2.386671227632585257e+01 3.055294060895949535e-49
2.394012289285309691e+01 3.056043451088464004e-49
2.401375931000826824e+01 3.056316520892576016e-49
2.408762222232205019e+01 3.056119174910202668e-49
2.416171232646135181e+01 3.055457966092319254e-49
2.423603032123597245e+01 3.054340048398912621e-49
2.431057690760511392e+01 3.052773130931258004e-49
2.438535278868405953e+01 3.050765430898215729e-49
2.446035866975077511e+01 3.048325628880430238e-49
2.453559525825252408e+01 3.045462823280055152e-49
2.461106326381263187e+01 3.042186487476096409e-49
2.468676339823706556e+01 3.038506426949511633e-49
2.476269637552126213e+01 3.034432738429221953e-49
2.483886291185676143e+01 3.029975770000051404e-49
2.491526372563804514e+01 3.025146082777491618e-49
2.499189953746923365e+01 3.019954414983174304e-49
2.506877107017097117e+01 3.014411646288315105e-49
2.514587904878714042e+01 3.008528765125251265e-49
2.522322420059181880e+01 3.002316836757203032e-49
2.530080725509600725e+01 2.995786974094982405e-49
2.537862894405464331e+01 2.988950309296900492e-49
2.545669000147338679e+01 2.981817967653509392e-49
2.553499116361562571e+01 2.974401043224531564e-49
2.561353316900939348e+01 2.966710575721659723e-49
2.569231675845429663e+01 2.958757529921588257e-49
2.577134267502857767e+01 2.950552775627897955e-49
2.585061166409604283e+01 2.942107070392300686e-49
2.593012447331317105e+01 2.933431042645991955e-49
2.600988185263608443e+01 2.924535176991568721e-49
2.608988455432771048e+01 2.915429800840341934e-49
2.617013333296477740e+01 2.906125072848757579e-49
2.625062894544504033e+01 2.896630971184713349e-49
2.633137215099431216e+01 2.886957285059068740e-49
2.641236371117372528e+01 2.877113605778351379e-49
2.649360438988681210e+01 2.867109319824471193e-49
2.657509495338682370e+01 2.856953602980075485e-49
2.665683617028384234e+01 2.846655414703845579e-49
2.673882881155211422e+01 2.836223494384126538e-49
2.682107365053731129e+01 2.825666357947730234e-49
2.690357146296375390e+01 2.814992295251868659e-49
2.698632302694183949e+01 2.804209368566216014e-49
2.706932912297526173e+01 2.793325411548318717e-49
2.715259053396849609e+01 2.782348028372733718e-49
2.723610804523406159e+01 2.771284594769813979e-49
2.731988244450004544e+01 2.760142258321557328e-49
2.740391452191741095e+01 2.748927939499795616e-49
2.748820507006757552e+01 2.737648334169212704e-49
2.757275488396977181e+01 2.726309915001408460e-49
2.765756476108864703e+01 2.714918934199567981e-49
2.774263550134168810e+01 2.703481426524512160e-49
2.782796790710685997e+01 2.692003212211969692e-49
2.791356278323008056e+01 2.680489900344765392e-49
2.799942093703290169e+01 2.668946892901990460e-49
2.808554317832007996e+01 2.657379387771126473e-49
2.817193031938717240e+01 2.645792383898759236e-49
2.825858317502829564e+01 2.634190684037773018e-49
2.834550256254371092e+01 2.622578900414128000e-49
2.843268930174762232e+01 2.610961458009674038e-49
2.852014421497582219e+01 2.599342599694541108e-49
2.860786812709353910e+01 2.587726390328974654e-49
2.869586186550311524e+01 2.576116721543360329e-49
2.878412626015192544e+01 2.564517316310317452e-49
2.887266214354007587e+01 2.552931733460009739e-49
2.896147035072840126e+01 2.541363372073843248e-49
2.905055171934618841e+01 2.529815476605982127e-49
2.913990708959922316e+01 2.518291140925712076e-49
2.922953730427758146e+01 2.506793312960133733e-49
2.931944320876368693e+01 2.495324799307295217e-49
2.940962565104024051e+01 2.483888269638936697e-49
2.950008548169816791e+01 2.472486260838367112e-49
2.959082355394475528e+01 2.461121181610660305e-49
2.968184072361157888e+01 2.449795316537583397e-49
2.977313784916267991e+01 2.438510830502825349e-49
2.986471579170256163e+01 2.427269772172294588e-49
2.995657541498441745e+01 2.416074078753395186e-49
3.004871758541816718e+01 2.404926268168231379e-49
3.014114317207874194e+01 2.393827967674935383e-49
3.023385304671416307e+01 2.382780179336039578e-49
3.032684808375388386e+01 2.371784432506390658e-49
3.042012916031692527e+01 2.360842162536952174e-49
3.051369715622025680e+01 2.349954715452231179e-49
3.060755295398697839e+01 2.339123350836359198e-49
3.070169743885474745e+01 2.328349245537403595e-49
3.079613149878410283e+01 2.317633496579114300e-49
3.089085602446676049e+01 2.306977124419679598e-49
3.098587190933414348e+01 2.296381076009508978e-49
3.108118004956568825e+01 2.285846227589987923e-49
3.117678134409741020e+01 2.275373387638704102e-49
3.127267669463025612e+01 2.264963299606833057e-49
3.136886700563874797e+01 2.254616644640447514e-49
3.146535318437937079e+01 2.244334043866582160e-49
3.156213614089927688e+01 2.234116061372220373e-49
3.165921678804471995e+01 2.223963206244730689e-49
3.175659604146980541e+01 2.213875935089404267e-49
3.185427481964500274e+01 2.203854654224618592e-49
3.195225404386592771e+01 2.193899722016478152e-49
3.205053463826189386e+01 2.184011450669243999e-49
3.214911752980477644e+01 2.174190108535911518e-49
3.224800364831766331e+01 2.164435922081737726e-49
3.234719392648361236e+01 2.154749077683098724e-49
3.244668929985453332e+01 2.145129723427012589e-49
3.254649070685991319e+01 2.135577970915324972e-49
3.264659908881575490e+01 2.126093897058353099e-49
3.274701538993338801e+01 2.116677545425428596e-49
3.284774055732842157e+01 2.107328928263927904e-49
3.294877554102962591e+01 2.098048027640600403e-49
3.305012129398798493e+01 2.088834796982970247e-49
3.315177877208554946e+01 2.079689162518261276e-49
3.325374893414459621e+01 2.070611024684055906e-49
3.335603274193653789e+01 2.061600259411948891e-49
3.345863116019112482e+01 2.052656719240299487e-49
3.356154515660541904e+01 2.043780234743324272e-49
3.366477570185303136e+01 2.034970615313384175e-49
3.376832376959320925e+01 2.026227650823553560e-49
3.387219033648000988e+01 2.017551112163925334e-49
3.397637638217158695e+01 2.008940752639753153e-49
3.408088288933933541e+01 2.000396308604653104e-49
3.418571084367726343e+01 1.991917500788433133e-49
3.429086123391117269e+01 1.983504034844002042e-49
3.439633505180809436e+01 1.975155602432827970e-49
3.450213329218555458e+01 1.966871881997405488e-49
3.460825695292105308e+01 1.958652539634482060e-49
3.471470703496133581e+01 1.950497229611054037e-49
3.482148454233200852e+01 1.942405595351486749e-49
3.492859048214683781e+01 1.934377270162556565e-49
3.503602586461740032e+01 1.926411877666000207e-49
3.514379170306247602e+01 1.918509032655118655e-49
3.525188901391770457e+01 1.910668341630718382e-49
3.536031881674516342e+01 1.902889403384893923e-49
3.546908213424288192e+01 1.895171809583499296e-49
3.557817999225463979e+01 1.887515145320938698e-49
3.568761341977950963e+01 1.879918989647540087e-49
3.579738344898166957e+01 1.872382916009302136e-49
3.590749111520003822e+01 1.864906492819139997e-49
3.601793745695813698e+01 1.857489283754917744e-49
3.612872351597378184e+01 1.850130848358278380e-49
3.623985033716903814e+01 1.842830742525157137e-49
3.635131896867992651e+01 1.835588518556719881e-49
3.646313046186645579e+01 1.828403725937680615e-49
3.657528587132240006e+01 1.821275911357098294e-49
3.668778625488537415e+01 1.814204619330631252e-49
3.680063267364670310e+01 1.807189392451946031e-49
3.691382619196151182e+01 1.800229771616398778e-49
3.702736787745873670e+01 1.793325296359140882e-49
3.714125880105113708e+01 1.786475505252775501e-49
3.725550003694552004e+01 1.779679936168912978e-49
3.737009266265271634e+01 1.772938126512899752e-49
3.748503775899791890e+01 1.766249613456211749e-49
3.760033641013070138e+01 1.759613934326509889e-49
3.771598970353539926e+01 1.753030626784467313e-49
3.783199873004122793e+01 1.746499229168307703e-49
3.794836458383270639e+01 1.740019280693306776e-49
3.806508836245983218e+01 1.733590321828006301e-49
3.818217116684860457e+01 1.727211894676058988e-49
3.829961410131122079e+01 1.720883543297496582e-49
3.841741827355666317e+01 1.714604814386886228e-49
3.853558479470100195e+01 1.708375257933986867e-49
3.865411477927798956e+01 1.702194428390480668e-49
3.877300934524954101e+01 1.696061886419306715e-49
3.889226961401618610e+01 1.689977201804779049e-49
3.901189671042781271e+01 1.683939958574201740e-49
3.913189176279411186e+01 1.677949765040177178e-49
3.925225590289537081e+01 1.672006274298267513e-49
3.937299026599298202e+01 1.666109231029689780e-49
3.949409599084033573e+01 1.660258591388006999e-49
3.961557421969337867e+01 1.654454885866754299e-49
3.973742609832154926e+01 1.648700612081327877e-49
3.985965277601845003e+01 1.643008162735292170e-49
3.998225540561279701e+01 1.637506556185704132e-49
4.010523514347919161e+01 1.634368480666864673e-49
4.022859314954914822e+01 1.626172300263394724e-49
4.035233058732188027e+01 1.620568965072989931e-49
4.047644862387542020e+01 1.615059183892918783e-49
4.060094842987758312e+01 1.609600521994674138e-49
4.072583117959690924e+01 1.604186320708478239e-49
4.085109805091391877e+01 1.598814533329685075e-49
4.097675022533204015e+01 1.593484188007770852e-49
4.110278888798890762e+01 1.588194655432695024e-49
4.122921522766741020e+01 1.582945440257408983e-49
4.135603043680703195e+01 1.577736108627109687e-49
4.148323571151495059e+01 1.572566258814789682e-49
4.161083225157749155e+01 1.567435508385934802e-49
4.173882126047124785e+01 1.562343487906775222e-49
4.186720394537464784e+01 1.557289837500166504e-49
4.199598151717911776e+01 1.552274205261151373e-49
4.212515519050072044e+01 1.547296246236087435e-49
4.225472618369141031e+01 1.542355621945663726e-49
4.238469571885067921e+01 1.537452000004205931e-49
4.251506502183703162e+01 1.532585053951357187e-49
4.264583532227946705e+01 1.527754463232993897e-49
4.277700785358924662e+01 1.522959913260249983e-49
4.290858385297132571e+01 1.518201095343731786e-49
4.304056456143623421e+01 1.513477706682038493e-49
4.317295122381155892e+01 1.508789450647715085e-49
4.330574508875392326e+01 1.504136036841011680e-49
4.343894740876051941e+01 1.499517181035140258e-49
4.357255944018114491e+01 1.494932605356504333e-49
4.370658244322986974e+01 1.490382038424410284e-49
4.384101768199708715e+01 1.485865215577395156e-49
4.397586642446125182e+01 1.481381878755665839e-49
4.411112994250104435e+01 1.476931776788105639e-49
4.424680951190717337e+01 1.472514665633975599e-49
4.438290641239455425e+01 1.468130308437978918e-49
4.451942192761432437e+01 1.463778475769600153e-49
4.465635734516590816e+01 1.459458945754949279e-49
4.479371395660925259e+01 1.455171504262342303e-49
4.493149305747690647e+01 1.450915945080787936e-49
4.506969594728635542e+01 1.446692070231211659e-49
4.520832392955214374e+01 1.442499690086702846e-49
4.534737831179831602e+01 1.438338623665316675e-49
4.548686040557060295e+01 1.434208698873564978e-49
4.562677152644894107e+01 1.430109752716818278e-49
4.576711299405971545e+01 1.426041631629391660e-49
4.590788613208839308e+01 1.422004191744034873e-49
4.604909226829180824e+01 1.417997299213607412e-49
4.619073273451087402e+01 1.414020830340396561e-49
4.633280886668298137e+01 1.410074672349099537e-49
4.647532200485473908e+01 1.406158723483062198e-49
4.661827349319453617e+01 1.402272893317654247e-49
4.676166468000517540e+01 1.398417103256954837e-49
4.690549691773674112e+01 1.394591286934791046e-49
4.704977156299916174e+01 1.390795390717618956e-49
4.719448997657520550e+01 1.387029373981969530e-49
4.733965352343310684e+01 1.383293209832795521e-49
4.748526357273966880e+01 1.379586885540654063e-49
4.763132149787293912e+01 1.375910403100017753e-49
4.777782867643538367e+01 1.372263779776533852e-49
4.792478649026668336e+01 1.368647048834925255e-49
4.807219632545695731e+01 1.365060260068918763e-49
4.822005957235965212e+01 1.361503480545868510e-49
4.836837762560482190e+01 1.357976795281245322e-49
4.851715188411212409e+01 1.354480308050877896e-49
4.866638375110416348e+01 1.351014142160627442e-49
4.881607463411965853e+01 1.347578441305345151e-49
4.896622594502663617e+01 1.344173370449488303e-49
4.911683910003593923e+01 1.340799116797703836e-49
4.926791551971436434e+01 1.337455890788915154e-49
4.941945662899827596e+01 1.334143927172012139e-49
4.957146385720682957e+01 1.330863485783384696e-49
4.972393863805568515e+01 1.327614853130770546e-49
4.987688240967029429e+01 1.324398343450667970e-49
5.003029661459967059e+01 1.321157909531166356e-49
5.018418269982981172e+01 1.317714125628150007e-49
5.033854211679754087e+01 1.314291973388138292e-49
5.049337632140399990e+01 1.310891249066109619e-49
5.064868677402856179e+01 1.307511751111841087e-49
5.080447493954242333e+01 1.304153280113093846e-49
5.096074228732262412e+01 1.300815638846626327e-49
5.111749029126569610e+01 1.297498632036635162e-49
5.127472042980173939e+01 1.294202066535909350e-49
5.143243418590829208e+01 1.290925751251025880e-49
5.159063304712424980e+01 1.287669497092014869e-49
5.174931850556407653e+01 1.284433116972514337e-49
5.190849205793164600e+01 1.281216425726894602e-49
5.206815520553460175e+01 1.278019240154587580e-49
5.222830945429827665e+01 1.274841378966424861e-49
5.238895631478013826e+01 1.271682662778152995e-49
5.255009730218379360e+01 1.268542914115255532e-49
5.271173393637351978e+01 1.265421957239826036e-49
5.287386774188836114e+01 1.262319618307629518e-49
5.303650024795674511e+01 1.259235725277303350e-49
5.319963298851067179e+01 1.256170107843822206e-49
5.336326750220041504e+01 1.253122597504405460e-49
5.352740533240880438e+01 1.250093027643418776e-49
5.369204802726598302e+01 1.247081233274827333e-49
5.385719713966390998e+01 1.244087051153489967e-49
5.402285422727094755e+01 1.241110319673804042e-49
5.418902085254673295e+01 1.238150879012997558e-49
5.435569858275670185e+01 1.235208571016592667e-49
5.452288898998708078e+01 1.232283239176636319e-49
5.469059365115949589e+01 1.229374728637492560e-49
5.485881414804607203e+01 1.226482886283458899e-49
5.502755206728413384e+01 1.223607560449267899e-49
5.519680900039139715e+01 1.220748601170695921e-49
5.536658654378071986e+01 1.217905860110800405e-49
5.553688629877544969e+01 1.215079190496578930e-49
5.570770987162422472e+01 1.212268447042904589e-49
5.587905887351642775e+01 1.209473485595646277e-49
5.605093492059707927e+01 1.206694161870068955e-49
5.622333963398234857e+01 1.203930323963561192e-49
5.639627463977471677e+01 1.201181694092361412e-49
5.656974156907823925e+01 1.198448990529094410e-49
5.674374205801412785e+01 1.195730787437114142e-49
5.691827774773595650e+01 1.193027702814345719e-49
5.709335028444537130e+01 1.190339598841634606e-49
5.726896131940738854e+01 1.187666590656743432e-49
5.744511250896619003e+01 1.185009785564568257e-49
5.762180551456052768e+01 1.182385888681560984e-49
5.779904200273961834e+01 1.179797878606509941e-49
5.797682364517862652e+01 1.177119347232792427e-49
5.815515211869466583e+01 1.174513758108110155e-49
5.833402910526240248e+01 1.171924622468934907e-49
5.851345629203010645e+01 1.169349801237481261e-49
5.869343537133538291e+01 1.166788828856484597e-49
5.887396804072130863e+01 1.164241488747230327e-49
5.905505600295234814e+01 1.161707627156641166e-49
5.923670096603036939e+01 1.159187111869003834e-49
5.941890464321089382e+01 1.156679819944698133e-49
5.960166875301908362e+01 1.154185633305305077e-49
5.978499501926614101e+01 1.151704437005309301e-49
5.996888517106535232e+01 1.149236118283159692e-49
6.015334094284863653e+01 1.146780566187952847e-49
6.033836407438266036e+01 1.144337671290076539e-49
6.052395631078546501e+01 1.141907325710545323e-49
6.071011940254273043e+01 1.139489422893352089e-49
6.089685510552449443e+01 1.137083857585576931e-49
6.108416518100147385e+01 1.134690525891955520e-49
6.127205139566193992e+01 1.132309325032251394e-49
6.146051552162810339e+01 1.129940153472207056e-49
6.164955933647308228e+01 1.127582910907026620e-49
6.183918462323754994e+01 1.125237498155379830e-49
6.202939317044646117e+01 1.122903817287005778e-49
6.222018677212615501e+01 1.120581771548436292e-49
6.241156722782100985e+01 1.118271265282010140e-49
6.260353634261067413e+01 1.115972203892405141e-49
6.279609592712682797e+01 1.113684493971583695e-49
6.298924779757054182e+01 1.111408043276552072e-49
6.318299377572911624e+01 1.109142760588067886e-49
6.337733568899356840e+01 1.106888555924913086e-49
6.357227537037554299e+01 1.104645340253551402e-49
6.376781465852492659e+01 1.102413025343572188e-49
6.396395539774688643e+01 1.100191524217545032e-49
6.416069943801956299e+01 1.097980750802745695e-49
6.435804863501118689e+01 1.095780620138802900e-49
6.455600485009793488e+01 1.093591048454060934e-49
6.475456995038123864e+01 1.091411952830205691e-49
6.495374580870540626e+01 1.089243251337865551e-49
6.515353430367547105e+01 1.087084863019691237e-49
6.535393731967467090e+01 1.084936707887607220e-49
6.555495674688246766e+01 1.082798706910942643e-49
6.575659448129208329e+01 1.080670782093175071e-49
6.595885242472871823e+01 1.078552856261560929e-49
6.616173248486715863e+01 1.076444853144081894e-49
6.636523657525007991e+01 1.074346697442706991e-49
6.656936661530579613e+01 1.072258314680481101e-49
6.677412453036664886e+01 1.070179631430314400e-49
6.697951225168688438e+01 1.068110575127866688e-49
6.718553171646115629e+01 1.066051074065320192e-49
6.739218486784253059e+01 1.064001057271798659e-49
6.759947365496101668e+01 1.061960454908060123e-49
6.780740003294187090e+01 1.059929197871247311e-49
6.801596596292395702e+01 1.057907217922953044e-49
6.822517341207844765e+01 1.055894447728338932e-49
6.843502435362709946e+01 1.053890820585616335e-49
6.864552076686119619e+01 1.051896270731759587e-49
6.885666463715985230e+01 1.049910733237669608e-49
6.906845795600912652e+01 1.047934143970298366e-49
6.928090272102039648e+01 1.045966439573966345e-49
6.949400093594960026e+01 1.044007557504002495e-49
6.970775461071579571e+01 1.042057435991067863e-49
6.992216576142037354e+01 1.040116014058636933e-49
7.013723641036588674e+01 1.038183231496792520e-49
7.035296858607527781e+01 1.036259028829931152e-49
7.056936432331085030e+01 1.034343347254184050e-49
7.078642566309360973e+01 1.032436128931226899e-49
7.100415465272249094e+01 1.030537316632634179e-49
7.122255334579348585e+01 1.028646853994378996e-49
7.144162380221933972e+01 1.026764685208867507e-49
7.166136808824860793e+01 1.024890755079151778e-49
7.188178827648552272e+01 1.023025009224377598e-49
7.210288644590917784e+01 1.021167393906408892e-49
7.232466468189346642e+01 1.019317856154808385e-49
7.254712507622643614e+01 1.017476343623970712e-49
7.277026972713034070e+01 1.015642804546039967e-49
7.299410073928112297e+01 1.013817187870863364e-49
7.321862022382853752e+01 1.011999443299753105e-49
7.344383029841581845e+01 1.010189521066569293e-49
7.366973308719988722e+01 1.008387372067155917e-49
7.389633072087111998e+01 1.006592947718021733e-49
7.412362533667375430e+01 1.004806200076504591e-49
7.435161907842581286e+01 1.003027081781443118e-49
7.458031409653935384e+01 1.001255546056094525e-49
7.480971254804092041e+01 9.994915466936705746e-50
7.503981659659159220e+01 9.977350380336689276e-50
7.527062841250773317e+01 9.959859749573093856e-50
7.550215017278115681e+01 9.942443128912884374e-50
7.573438406109991661e+01 9.925100077776097515e-50
7.596733226786865600e+01 9.907830161869570767e-50
7.620099699022951256e+01 9.890632949962555276e-50
7.643538043208259580e+01 9.873508016118100193e-50
7.667048480410703348e+01 9.856454938231424627e-50
7.690631232378153470e+01 9.839473299712247378e-50
7.714286521540564934e+01 9.822562691031632016e-50
7.738014571012034537e+01 9.805722705584619885e-50
7.761815604592942464e+01 9.788952943665082353e-50
7.785689846772044120e+01 9.772253003721322748e-50
7.809637522728579029e+01 9.755622491681798780e-50
7.833658858334425190e+01 9.739061015271599842e-50
7.857754080156190923e+01 9.722568190352159020e-50
7.881923415457389126e+01 9.706143635395014979e-50
7.906167092200544744e+01 9.689786972411929411e-50
7.930485339049380400e+01 9.673497826983480088e-50
7.954878385370940919e+01 9.657275828354605267e-50
7.979346461237786059e+01 9.641120609942684927e-50
8.003889797430132091e+01 9.625031808533473194e-50
8.028508625438054480e+01 9.609009063477507422e-50
8.053203177463647933e+01 9.593052018097104458e-50
8.077973686423240451e+01 9.577160318829005825e-50
8.102820385949564752e+01 9.561333616376687659e-50
8.127743510393980841e+01 9.545571564152044984e-50
8.152743294828688647e+01 9.529873818481840551e-50
8.177819975048916490e+01 9.514240039535060970e-50
8.202973787575186293e+01 9.498669890259944880e-50
8.228204969655507739e+01 9.483163038926557943e-50
8.253513759267644900e+01 9.467719152585094924e-50
8.278900395121331712e+01 9.452337903234303047e-50
8.304365116660558499e+01 9.437018962791252461e-50
8.329908164065793130e+01 9.421762011959871764e-50
8.355529778256280338e+01 9.406566732228639951e-50
8.381230200892281346e+01 9.391432809857919638e-50
8.407009674377390240e+01 9.376359929844596998e-50
8.432868441860777864e+01 9.361347781255140140e-50
8.458806747239529500e+01 9.346396054695161345e-50
8.484824835160901557e+01 9.331504446777892615e-50
8.510922951024667782e+01 9.316672656163985072e-50
8.537101340985414311e+01 9.301900382902696980e-50
8.563360251954850355e+01 9.287187331324879880e-50
8.589699931604168626e+01 9.272533208120912352e-50
8.616120628366347489e+01 9.257937722757857404e-50
8.642622591438524182e+01 9.243400586916700047e-50
8.669206070784316864e+01 9.228921515160639660e-50
8.695871317136210621e+01 9.214500226637597806e-50
8.722618581997890885e+01 9.200136439859667135e-50
8.749448117646653600e+01 9.185829877218571000e-50
8.776360177135742902e+01 9.171580264777494021e-50
8.803355014296778336e+01 9.157387329953967948e-50
8.830432883742108174e+01 9.143250803264384076e-50
8.857594040867253682e+01 9.129170415672959864e-50
8.884838741853279487e+01 9.115145905453317857e-50
8.912167243669235006e+01 9.101177011089021906e-50
8.939579804074575975e+01 9.087263473633474532e-50
8.967076681621570344e+01 9.073405036774589348e-50
8.994658135657779496e+01 9.059601447032203905e-50
9.022324426328458458e+01 9.045852453480495761e-50
9.050075814579054168e+01 9.032157806759207118e-50
9.077912562157622745e+01 9.018517260921890607e-50
9.105834931617343386e+01 9.004930572271688118e-50
9.133843186318945584e+01 8.991397499357226816e-50
9.161937590433247180e+01 8.977917803560998695e-50
9.190118408943590111e+01 8.964491248557414354e-50
9.218385907648391253e+01 8.951117600495765487e-50
9.246740353163606585e+01 8.937796625845703352e-50
9.275182012925282038e+01 8.924528097711711564e-50
9.303711155192041815e+01 8.911311789886060498e-50
9.332328049047647767e+01 8.898147478797873220e-50
9.361032964403527501e+01 8.885034942025190920e-50
9.389826172001302496e+01 8.871973959586594210e-50
9.418707943415373052e+01 8.858964314505082230e-50
9.447678551055450669e+01 8.846005793013834003e-50
9.476738268169154367e+01 8.833098184331480625e-50
9.505887368844557272e+01 8.820241277616753257e-50
9.535126128012807101e+01 8.807434865034560160e-50
9.564454821450681266e+01 8.794678742149788786e-50
9.593873725783228679e+01 8.781972705420831025e-50
9.623383118486334808e+01 8.769316553648679010e-50
9.652983277889383373e+01 8.756710088419006463e-50
9.682674483177839875e+01 8.744153114851175287e-50
9.712457014395921817e+01 8.731645440815048728e-50
9.742331152449209242e+01 8.719186874009423584e-50
9.772297179107314946e+01 8.706777224992977441e-50
9.802355377006541914e+01 8.694416306768218479e-50
9.832506029652522272e+01 8.682103935150327501e-50
9.862749421422934404e+01 8.669839926193215280e-50
9.893085837570140484e+01 8.657624100352157261e-50
9.923515564223917806e+01 8.645456280880797391e-50
9.954038888394120477e+01 8.633336280470684894e-50
9.984656097973422106e+01 8.621263940677952149e-50
1.001536748173999456e+02 8.609239092389786989e-50
1.004617332936026912e+02 8.597261564996499742e-50
1.007707393139163514e+02 8.585331186850199041e-50
1.010806957928519125e+02 8.573447792775892259e-50
1.013916056538852928e+02 8.561611219621478840e-50
1.017034718294842577e+02 8.549821306220239010e-50
1.020162972611364864e+02 8.538077893370774393e-50
1.023300848993775105e+02 8.526380823791383702e-50
1.026448377038180269e+02 8.514729942094398121e-50
1.029605586431721491e+02 8.503125094747067163e-50
1.032772506952852183e+02 8.491566130040244186e-50
1.035949168471623665e+02 8.480052898041912234e-50
1.039135600949959723e+02 8.468585250575302455e-50
1.042331834441943954e+02 8.457163041168440346e-50
1.045537899094100993e+02 8.445786125025504277e-50
1.048753825145684857e+02 8.434454358985808432e-50
1.051979642928958611e+02 8.423167601491404885e-50
1.055215382869483562e+02 8.411925712550322459e-50
1.058461075486404752e+02 8.400728553695333168e-50
1.061716751392743134e+02 8.389575987961927254e-50
1.064982441295677660e+02 8.378467879848780285e-50
1.068258175996838446e+02 8.367404095286412087e-50
1.071543986392599663e+02 8.356384501608882354e-50
1.074839903474365883e+02 8.345408967522876877e-50
1.078145958328867238e+02 8.334477363088876887e-50
1.081462182138451595e+02 8.323589559682817846e-50
1.084788606181382278e+02 8.312745429989170035e-50
1.088125261832127109e+02 8.301944847965976814e-50
1.091472180561658263e+02 8.291187688832760123e-50
1.094829393937746715e+02 8.280473829051862639e-50
1.098196933625265501e+02 8.269803146307250822e-50
1.101574831386480184e+02 8.259175519496492107e-50
1.104963119081354250e+02 8.248590828710982285e-50
1.108361828667846538e+02 8.238048955207740819e-50
1.111770992202217343e+02 8.227549781232215002e-50
1.115190641839324002e+02 8.217093193293683943e-50
1.118620809832927989e+02 8.206679070164949965e-50
1.122061528536002015e+02 8.196307302324461336e-50
1.125512830401028168e+02 8.185977775921575268e-50
1.128974747980309559e+02 8.175690379161293156e-50
1.132447313926273722e+02 8.165445001454216409e-50
1.135930560991786393e+02 8.155241533364131862e-50
1.139424522030452778e+02 8.145079866604585774e-50
1.142929229996932321e+02 8.134959894038354928e-50
1.146444717947247227e+02 8.124881509669507386e-50
1.149971019039098508e+02 8.114844608648756088e-50
1.153508166532172368e+02 8.104849087271607220e-50
1.157056193788458103e+02 8.094894842979042942e-50
1.160615134272560880e+02 8.084981774356732306e-50
1.164185021552021340e+02 8.075109781137804916e-50
1.167765889297625677e+02 8.065278764200818872e-50
1.171357771283727942e+02 8.055488625576749508e-50
1.174960701388566235e+02 8.045739268443120184e-50
1.178574713594586569e+02 8.036030597129730961e-50
1.182199841988756646e+02 8.026362517124656002e-50
1.185836120762890999e+02 8.016734935071218281e-50
1.189483584213976712e+02 8.007147758786050157e-50
1.193142266744490030e+02 7.997600897280596087e-50
1.196812202862725627e+02 7.988094260869510225e-50
1.200493427183119337e+02 7.978627761824481340e-50
1.204185974426579975e+02 7.969201326663839084e-50
1.207889879420809223e+02 7.959814871524878923e-50
1.211605177100634734e+02 7.950468206397759811e-50
1.215331902508337976e+02 7.941161383047361363e-50
1.219070090793989039e+02 7.931894271688495320e-50
1.222819777215770642e+02 7.922666789029677271e-50
1.226580997140316356e+02 7.913478854307851305e-50
1.230353786043040856e+02 7.904330388145347754e-50
1.234138179508479993e+02 7.895221312408218819e-50
1.237934213230619207e+02 7.886151550180585339e-50
1.241741923013233162e+02 7.877121025749724956e-50
1.245561344770227521e+02 7.868129664607716747e-50
1.249392514525970768e+02 7.859177393456424493e-50
1.253235468415637826e+02 7.850264140198151150e-50
1.257090242685549697e+02 7.841389833943068173e-50
1.260956873693519213e+02 7.832554405004583580e-50
1.264835397909186980e+02 7.823757784895753582e-50
1.268725851914370395e+02 7.814999906325288741e-50
1.272628272403406129e+02 7.806280703198103766e-50
1.276542696183501135e+02 7.797600110601957250e-50
1.280469160175072147e+02 7.788958064804034212e-50
1.284407701412099243e+02 7.780354503243764603e-50
1.288358357042472733e+02 7.771789364516940068e-50
1.292321164328348004e+02 7.763262588370994648e-50
1.296296160646489852e+02 7.754774115688569853e-50
1.300283383488628886e+02 7.746323888476023125e-50
1.304282870461818504e+02 7.737911849847581635e-50
1.308294659288782213e+02 7.729537944010998276e-50
1.312318787808274863e+02 7.721202116251588670e-50
1.316355293975436496e+02 7.712904312917268045e-50
1.320404215862155297e+02 7.704644481397842356e-50
1.324465591657419736e+02 7.696422570113328737e-50
1.328539459667683218e+02 7.688238528492865840e-50
1.332625858317223617e+02 7.680092306961348829e-50
1.336724826148509351e+02 7.671983856920088807e-50
1.340836401822556923e+02 7.663913130734247327e-50
1.344960624119299553e+02 7.655880081716307462e-50
1.349097531937950691e+02 7.647884664109569554e-50
1.353247164297376344e+02 7.639926833081203313e-50
1.357409560336455172e+02 7.632006544703325043e-50
1.361584759314451105e+02 7.624123755946597636e-50
1.365772800611388504e+02 7.616278424666790539e-50
1.369973723728414257e+02 7.608470509599391974e-50
1.374187568288177204e+02 7.600699970350249155e-50
1.378414374035198477e+02 7.592966767390048511e-50
1.382654180836251214e+02 7.585270862046383096e-50
1.386907028680729468e+02 7.577612216505235791e-50
1.391172957681030482e+02 7.569990793801732521e-50
1.395452008072929857e+02 7.562406557824176924e-50
1.399744220215966664e+02 7.554859473308203927e-50
1.404049634593816620e+02 7.547349505836845268e-50
1.408368291814678059e+02 7.539876621844987663e-50
1.412700232611653917e+02 7.532440788615612563e-50
1.417045497843139970e+02 7.525041974284564827e-50
1.421404128493202563e+02 7.517680147841012308e-50
1.425776165671969125e+02 7.510355279130785442e-50
1.430161650616020381e+02 7.503067338858313398e-50
1.434560624688770361e+02 7.495816298591898864e-50
1.438973129380862588e+02 7.488602130765119592e-50
1.443399206310559180e+02 7.481424808680387339e-50
1.447838897224137327e+02 7.474284306516432270e-50
1.452292243996276397e+02 7.467180599328137738e-50
1.456759288630457263e+02 7.460113663054307659e-50
1.461240073259356222e+02 7.453083474521565389e-50
1.465734640145248022e+02 7.446090011449141393e-50
1.470243031680396086e+02 7.439133252454299957e-50
1.474765290387457242e+02 7.432213177057622528e-50
1.479301458919881327e+02 7.425329765691359060e-50
1.483851580062317623e+02 7.418482999700826717e-50
1.488415696731011337e+02 7.411672861354158016e-50
1.492993851974211736e+02 7.404899333847832952e-50
1.497586088972582274e+02 7.398162401312020249e-50
1.502192451039600201e+02 7.391462048817610729e-50
1.506812981621970096e+02 7.384798262382693292e-50
1.511447724300030870e+02 7.378171028977784121e-50
1.516096722788172997e+02 7.371580336530615298e-50
1.520760020935241812e+02 7.365026173933728412e-50
1.525437662724956454e+02 7.358508531047505539e-50
1.530129692276322828e+02 7.352027398702599166e-50
1.534836153844054820e+02 7.345582768706047326e-50
1.539557091818982997e+02 7.339174633842334264e-50
1.544292550728479796e+02 7.332802987872653571e-50
1.549042575236875052e+02 7.326467825538277219e-50
1.553807210145885449e+02 7.320169142558685879e-50
1.558586500395025780e+02 7.313906935630061978e-50
1.563380491062038971e+02 7.307681202420662504e-50
1.568189227363325529e+02 7.301491941569171530e-50
1.573012754654359924e+02 7.295339152678947798e-50
1.577851118430125439e+02 7.289222836311852596e-50
1.582704364325539927e+02 7.283142993983497231e-50
1.587572538115892371e+02 7.277099628154028529e-50
1.592455685717265794e+02 7.271092742221835171e-50
1.597353853186975243e+02 7.265122340514280968e-50
1.602267086724000933e+02 7.259188428282008476e-50
1.607195432669428499e+02 7.253291011688058015e-50
1.612138937506877880e+02 7.247430097801457220e-50
1.617097647862947554e+02 7.241605694589936037e-50
1.622071610507651371e+02 7.235817810909938336e-50
1.627060872354865069e+02 7.230066456503672588e-50
1.632065480462761116e+02 7.224351641990403480e-50
1.637085482034255790e+02 7.218673378860736532e-50
1.642120924417459094e+02 7.213031679474838628e-50
1.647171855106113298e+02 7.207426557039989546e-50
1.652238321740045137e+02 7.201858025718965314e-50
1.657320372105614297e+02 7.196326100355549836e-50
1.662418054136168450e+02 7.190830796804662549e-50
1.667531415912486921e+02 7.185372131726089049e-50
1.672660505663240258e+02 7.179950122643446674e-50
1.677805371765441862e+02 7.174564787941326332e-50
1.682966062744910971e+02 7.169216146866808947e-50
1.688142627276720305e+02 7.163904219533598877e-50
1.693335114185662178e+02 7.158629026923372288e-50
1.698543572446704957e+02 7.153390590890434728e-50
1.703768051185462014e+02 7.148188934165296206e-50
1.709008599678645623e+02 7.143024080359362957e-50
1.714265267354535354e+02 7.137896053970815194e-50
1.719538103793451285e+02 7.132804880386412218e-50
1.724827158728209895e+02 7.127750585891020269e-50
1.730132482044600124e+02 7.122733197670878053e-50
1.735454123781851479e+02 7.117752743820337647e-50
1.740792134133111517e+02 7.112809253346943673e-50
1.746146563445909976e+02 7.107902756181329585e-50
1.751517462222639949e+02 7.103033283179995117e-50
1.756904881121031679e+02 7.098200866134515090e-50
1.762308870954635722e+02 7.093405537778642092e-50
1.767729482693293050e+02 7.088647331795366434e-50
1.773166767463622193e+02 7.083926282822760675e-50
1.778620776549498714e+02 7.079242426464738094e-50
1.784091561392544634e+02 7.074595799293633593e-50
1.789579173592604207e+02 7.069986438861484425e-50
1.795083664908235335e+02 7.065414383703258690e-50
1.800605087257203252e+02 7.060879673345147814e-50
1.806143492716959997e+02 7.056382348308852847e-50
1.811698933525140944e+02 7.051922450116846911e-50
1.817271462080056779e+02 7.047500021297318587e-50
1.822861130941192300e+02 7.043115105385235419e-50
1.828467992829693003e+02 7.038767746928149510e-50
1.834092100628868138e+02 7.034457991484676326e-50
1.839733507384687812e+02 7.030185885627543725e-50
1.845392266306288604e+02 7.025951476942312903e-50
1.851068430766465553e+02 7.021754814026332936e-50
1.856762054302182889e+02 7.017595946488733178e-50
1.862473190615074827e+02 7.013474924946512038e-50
1.868201893571959715e+02 7.009391801022415675e-50
1.873948217205337698e+02 7.005346627343053120e-50
1.879712215713904016e+02 7.001339457534550161e-50
1.885493943463067978e+02 6.997370346220298892e-50
1.891293454985453195e+02 6.993439349017164231e-50
1.897110804981419960e+02 6.989546522534654009e-50
1.902946048319576562e+02 6.985691924369751484e-50
1.908799240037305935e+02 6.981875613108249466e-50
1.914670435341271855e+02 6.978097648322950905e-50
1.920559689607948144e+02 6.974358090577437689e-50
1.926467058384136806e+02 6.970657001522496226e-50
1.932392597387499222e+02 6.966994443685992882e-50
1.938336362507071726e+02 6.963370479846492202e-50
1.944298409803798222e+02 6.959785175486875535e-50
1.950278795511056558e+02 6.956238595770351197e-50
1.956277576035196546e+02 6.952730807182496407e-50
1.962294807956059515e+02 6.949261877219490266e-50
1.968330548027519171e+02 6.945831874385308765e-50
1.974384853178021046e+02 6.942440868195223902e-50
1.980457780511108865e+02 6.939088929178626712e-50
1.986549387305971379e+02 6.935776128888918803e-50
1.992659731017977265e+02 6.932502539905879601e-50
1.998788869279225935e+02 6.929268235845715505e-50
2.004936859899078740e+02 6.926073291365303462e-50
2.011103760864712910e+02 6.922917782168856851e-50
2.017289630341663269e+02 6.919801785019013461e-50
2.023494526674380722e+02 6.916725377741505408e-50
2.029718508386768292e+02 6.913688639232605562e-50
2.035961634182742728e+02 6.910691649469578368e-50
2.042223962946783331e+02 6.907734489518174695e-50
2.048505553744496410e+02 6.904817241539561705e-50
2.054806465823158703e+02 6.901939988799936166e-50
2.061126758612284107e+02 6.899102815678386778e-50
2.067466491724188700e+02 6.896305807674604578e-50
2.073825724954541840e+02 6.893549051416693041e-50
2.080204518282937727e+02 6.890832634667164536e-50
2.086602931873457010e+02 6.888156646330806449e-50
2.093021026075242901e+02 6.885521176461493306e-50
2.099458861423058238e+02 6.882926316264054551e-50
2.105916498637863299e+02 6.880372158102514801e-50
2.112393998627386225e+02 6.877858795501950225e-50
2.118891422486704528e+02 6.875386323152305768e-50
2.125408831498809263e+02 6.872954836909737819e-50
2.131946287135191085e+02 6.870564433800622295e-50
2.138503851056416920e+02 6.868215212019964130e-50
2.145081585112718301e+02 6.865907270935707313e-50
2.151679551344563208e+02 6.863640711086817736e-50
2.158297811983247527e+02 6.861415634185022780e-50
2.164936429451488209e+02 6.859232143115200632e-50
2.171595466363998810e+02 6.857090341934543728e-50
2.178274985528088905e+02 6.854990335885309400e-50
2.184975049944252987e+02 6.852932231369035612e-50
2.191695722806771869e+02 6.850916135980729750e-50
2.198437067504296749e+02 6.848942158490173751e-50
2.205199147620456017e+02 6.847010408854750712e-50
2.211982026934448982e+02 6.845120998218168692e-50
2.218785769421658358e+02 6.843274038917543449e-50
2.225610439254238599e+02 6.841469644487948720e-50
2.232456100801731509e+02 6.839707929666865843e-50
2.239322818631667644e+02 6.837989010400739497e-50
2.246210657510185627e+02 6.836313003852516234e-50
2.253119682402627575e+02 6.834680028406610661e-50
2.260049958474160690e+02 6.833090203677355542e-50
2.267001551090397413e+02 6.831543650516377962e-50
2.273974525817999108e+02 6.830040491020127407e-50
2.280968948425302756e+02 6.828580848540338931e-50
2.287984884882937138e+02 6.827164847689309848e-50
2.295022401364454083e+02 6.825792614351868888e-50
2.302081564246939536e+02 6.824464275691959480e-50
2.309162440111647641e+02 6.823179960163809384e-50
2.316265095744624603e+02 6.821939797522016885e-50
2.323389598137349026e+02 6.820743918827805526e-50
2.330536014487347529e+02 6.819592456463145910e-50
2.337704412198839634e+02 6.818485544135119870e-50
2.344894858883368727e+02 6.817423316890375566e-50
2.352107422360448084e+02 6.816405911119334026e-50
2.359342170658187570e+02 6.815433464567674032e-50
2.366599172013941370e+02 6.814506116344232433e-50
2.373878494874959699e+02 6.813624006926100418e-50
2.381180207899019194e+02 6.812787278167451544e-50
2.388504379955081163e+02 6.811996073305711006e-50
2.395851080123934764e+02 6.811250536966254994e-50
2.403220377698859807e+02 6.810550815168006431e-50
2.410612342186264243e+02 6.809897055327179075e-50
2.418027043306351516e+02 6.809289406264442876e-50
2.425464550993771411e+02 6.808728018203850025e-50
2.432924935398289392e+02 6.808213042781116040e-50
2.440408266885435751e+02 6.807744633046606121e-50
2.447914616037176643e+02 6.807322943467131714e-50
2.455444053652575747e+02 6.806948129932848088e-50
2.462996650748472689e+02 6.806620349760621465e-50
2.470572478560137029e+02 6.806339761699714967e-50
2.478171608541947819e+02 6.806106525936735805e-50
2.485794112368074877e+02 6.805920804103477668e-50
2.493440061933141010e+02 6.805782759280986729e-50
2.501109529352908112e+02 6.805692556007895899e-50
2.508802586964954173e+02 6.805650360290142596e-50
2.516519307329364210e+02 6.805656339605489581e-50
2.524259763229400448e+02 6.805710662915253887e-50
2.532024027672199225e+02 6.805813500671860541e-50
2.539812173889452822e+02 6.805965024828341929e-50
2.547624275338112056e+02 6.806165408847837163e-50
2.555460405701063280e+02 6.806414827715147240e-50
2.563320638887833525e+02 6.806713457946030249e-50
2.571205049035282286e+02 6.807061477598107033e-50
2.579113710508310646e+02 6.807459066281880793e-50
2.587046697900549361e+02 6.807906405171516461e-50
2.595004086035067417e+02 6.808403677017192531e-50
2.602985949965085979e+02 6.808951066155559476e-50
2.610992364974674160e+02 6.809548758520681497e-50
2.619023406579463540e+02 6.810196941656419684e-50
2.627079150527360412e+02 6.810895804725676910e-50
2.635159672799268833e+02 6.811645538522469538e-50
2.643265049609790367e+02 6.812446335480379431e-50
2.651395357407955089e+02 6.813298389684658901e-50
2.659550672877936677e+02 6.814201896878069534e-50
2.667731072939786827e+02 6.815157054471427962e-50
2.675936634750143526e+02 6.816164061553593312e-50
2.684167435702971147e+02 6.817223118893368207e-50
2.692423553430283505e+02 6.818334428955052513e-50
2.700705065802887930e+02 6.819498195895620308e-50
2.709012050931103772e+02 6.820714625583042521e-50
2.717344587165504777e+02 6.821983925594449550e-50
2.725702753097670552e+02 6.823306305227809854e-50
2.734086627560907345e+02 6.824681975508586347e-50
2.742496289631004061e+02 6.826111149198202649e-50
2.750931818626974064e+02 6.827594040802001318e-50
2.759393294111812338e+02 6.829130866577584759e-50
2.767880795893229333e+02 6.830721844547344626e-50
2.776394404024416644e+02 6.832367194552830590e-50
2.784934198804794505e+02 6.834067138020138604e-50
2.793500260780782014e+02 6.835821898466182288e-50
2.802092670746537806e+02 6.837631701021425754e-50
2.810711509744735963e+02 6.839496772676734183e-50
2.819356859067322603e+02 6.841417342252526523e-50
2.828028800256295767e+02 6.843393640411960085e-50
2.836727415104456327e+02 6.845425899673516919e-50
2.845452785656186734e+02 6.847514354422596953e-50
2.854204994208236599e+02 6.849659240925572382e-50
2.862984123310480413e+02 6.851860797346192209e-50
2.871790255766704831e+02 6.854119263754704641e-50
2.880623474635389130e+02 6.856434882145922402e-50
2.889483863230494762e+02 6.858807896450870000e-50
2.898371505122238432e+02 6.861238552551628148e-50
2.907286484137889033e+02 6.863727098293851768e-50
2.916228884362553231e+02 6.866273783501787234e-50
2.925198790139980360e+02 6.868878859989017555e-50
2.934196286073340616e+02 6.871542581572265135e-50
2.943221457026034500e+02 6.874265204084422535e-50
2.952274388122485789e+02 6.877046985384259798e-50
2.961355164748960647e+02 6.879888185368963343e-50
2.970463872554350360e+02 6.882789065986640680e-50
2.979600597450989881e+02 6.885749891245673541e-50
2.988765425615478648e+02 6.888770927226905443e-50
2.997958443489472984e+02 6.891852442096878513e-50
3.007179737780514301e+02 6.894994706116836229e-50
3.016429395462842535e+02 6.898197991656760723e-50
3.025707503778224918e+02 6.901462573208457671e-50
3.035014150236764863e+02 6.904788727398610801e-50
3.044349422617736991e+02 6.908176733001667376e-50
3.053713408970407954e+02 6.911626870955618881e-50
3.063106197614883399e+02 6.915139424377700992e-50
3.072527877142916850e+02 6.918714678578309335e-50
3.081978536418762360e+02 6.922352921078450432e-50
3.091458264580004993e+02 6.926054441625937352e-50
3.100967151038412339e+02 6.929819532213723745e-50
3.110505285480761017e+02 6.933648487096715747e-50
3.120072757869692168e+02 6.937541602810751723e-50
3.129669658444568086e+02 6.941499178191125269e-50
3.139296077722304972e+02 6.945521514392494568e-50
3.148952106498239232e+02 6.949608914907288601e-50
3.158637835846978419e+02 6.953761685587239295e-50
3.168353357123270939e+02 6.957980134662232123e-50
3.178098761962851313e+02 6.962264572760815584e-50
3.187874142283314995e+02 6.966615312931570975e-50
3.197679590284979554e+02 6.971032670662387445e-50
3.207515198451766878e+02 6.975516963901442452e-50
3.217381059552058105e+02 6.980068513078191718e-50
3.227277266639578670e+02 6.984687641122243563e-50
3.237203913054270856e+02 6.989374673487362757e-50
3.247161092423188506e+02 6.994129938170397082e-50
3.257148898661357066e+02 6.998953765733566280e-50
3.267167425972672277e+02 7.003846489327226724e-50
3.277216768850798303e+02 7.008808444713563815e-50
3.287297022080037436e+02 7.013839970290133385e-50
3.297408280736239021e+02 7.018941407118064493e-50
3.307550640187687350e+02 7.024113098944779461e-50
3.317724196096018545e+02 7.029355392236444032e-50
3.327929044417098794e+02 7.034668636205914723e-50
3.338165281401943503e+02 7.040053182845223165e-50
3.348433003597620541e+02 7.045509386957688209e-50
3.358732307848172809e+02 7.051037606194863187e-50
3.369063291295510680e+02 7.056638201092900132e-50
3.379426051380343665e+02 7.062311535111341073e-50
3.389820685843091042e+02 7.068057974675668627e-50
3.400247292724818635e+02 7.073877889220702637e-50
3.410705970368140925e+02 7.079771651237824485e-50
3.421196817418161800e+02 7.085739636322248873e-50
3.431719932823413046e+02 7.091782223228365891e-50
3.442275415836768389e+02 7.097899793921438689e-50
3.452863366016391637e+02 7.104092733639023654e-50
3.463483883226671196e+02 7.110361430952660268e-50
3.474137067639173893e+02 7.116706277832999306e-50
3.484823019733569254e+02 7.123127669722511351e-50
3.495541840298592433e+02 7.129626005609646223e-50
3.506293630432986106e+02 7.136201688111689410e-50
3.517078491546468513e+02 7.142855123562538143e-50
3.527896525360670807e+02 7.149586722108772802e-50
3.538747833910107943e+02 7.156396897813356117e-50
3.549632519543134208e+02 7.163286068768459499e-50
3.560550684922924916e+02 7.170254657222183292e-50
3.571502433028421706e+02 7.177303089713834430e-50
3.582487867155314234e+02 7.184431797225490894e-50
3.593507090917026403e+02 7.191641215348721084e-50
3.604560208245671333e+02 7.198931784470298143e-50
3.615647323393046122e+02 7.206303949975977683e-50
3.626768540931607276e+02 7.213758162480276280e-50
3.637923965755473432e+02 7.221294878081322075e-50
3.649113703081391122e+02 7.228914558644518709e-50
3.660337858449742043e+02 7.236617672122796644e-50
3.671596537725532130e+02 7.244404692916568297e-50
3.682889847099403369e+02 7.252276102277949607e-50
3.694217893088614915e+02 7.260232388768215662e-50
3.705580782538060021e+02 7.268274048776089676e-50
3.716978622621269324e+02 7.276401587109244691e-50
3.728411520841434594e+02 7.284615517666483424e-50
3.739879585032401792e+02 7.292916364204118897e-50
3.751382923359696520e+02 7.301304661223759689e-50
3.762921644321560279e+02 7.309780954987757406e-50
3.774495856749945801e+02 7.318345804694430373e-50
3.786105669811562393e+02 7.326999783843027758e-50
3.797751193008896848e+02 7.335743481828946020e-50
3.809432536181261639e+02 7.344577505797027293e-50
3.821149809505807866e+02 7.353502482826443950e-50
3.832903123498578566e+02 7.362519062508169807e-50
3.844692589015546105e+02 7.371627919991079450e-50
3.856518317253671171e+02 7.380829759611503660e-50
3.868380419751928798e+02 7.390125319229807727e-50
3.880279008392375317e+02 7.399515375436850174e-50
3.892214195401197685e+02 7.409000749846016572e-50
3.904186093349786120e+02 7.418582316729111676e-50
3.916194815155771494e+02 7.428261012340982265e-50
3.928240474084104221e+02 7.438037846379661828e-50
3.940323183748134284e+02 7.447913916155387081e-50
3.952443058110656580e+02 7.457890424235637978e-50
3.964600211485004593e+02 7.467968700581981026e-50
3.976794758536118479e+02 7.478150230531589330e-50
3.989026814281643851e+02 7.488436690476787115e-50
4.001296494092993612e+02 7.498829993759064798e-50
4.013603913696447876e+02 7.509332350282511563e-50
4.025949189174243088e+02 7.519946344757319235e-50
4.038332436965678198e+02 7.530675040555402797e-50
4.050753773868192411e+02 7.541522119265081685e-50
4.063213317038479886e+02 7.552492070729838634e-50
4.075711183993589657e+02 7.563590455635673557e-50
4.088247492612046585e+02 7.574824274212054636e-50
4.100822361134943890e+02 7.586202493164247120e-50
4.113435908167064099e+02 7.597736813698660782e-50
4.126088252678015920e+02 7.609442815792640184e-50
4.138779514003329041e+02 7.621341705627197213e-50
4.151509811845595550e+02 7.633463059800812917e-50
4.164279266275592022e+02 7.645849274884392353e-50
4.177087997733428324e+02 7.658563053261943860e-50
4.189936127029658337e+02 7.671700551857016024e-50
4.202823775346436150e+02 7.685415687419247288e-50
4.215751064238651225e+02 7.699967914942010075e-50
4.228718115635090271e+02 7.715823532103048886e-50
4.241725051839563321e+02 7.733892029595787660e-50
4.254771995532074698e+02 7.756151073547763372e-50
4.267859069769969551e+02 7.787610126764466481e-50
4.280986397989113357e+02 7.844283325934235995e-50
4.294154104005029922e+02 8.003348888945406977e-50
4.307362312014080885e+02 9.313232949386378654e-50
4.320611146594653746e+02 1.290434687433843555e-49
4.333900732708305554e+02 8.143272950187678909e-50
4.347231195700964008e+02 7.925526903180706899e-50
4.360602661304097296e+02 7.881362950574737363e-50
4.374015255635918606e+02 7.872243799637413000e-50
4.387469105202551987e+02 7.874693572097135550e-50
4.400964336899237423e+02 7.882087219041039032e-50
4.414501078011524555e+02 7.891976039806928152e-50
4.428079456216488552e+02 7.903286340895410947e-50
4.441699599583906206e+02 7.915487887815694622e-50
4.455361636577484887e+02 7.928294797487738966e-50
4.469065696056062507e+02 7.941542170152737525e-50
4.482811907274842724e+02 7.955129676136714981e-50
4.496600399886585251e+02 7.968993586649226603e-50
4.510431303942845034e+02 7.983091971788501783e-50
4.524304749895208602e+02 7.997396433505530133e-50
4.538220868596500850e+02 8.011887274657953111e-50
4.552179791302035028e+02 8.026550564916174271e-50
4.566181649670843967e+02 8.041376298370017274e-50
4.580226575766937458e+02 8.056357202521590701e-50
4.594314702060521540e+02 8.071487948408901528e-50
4.608446161429266681e+02 8.086764614741119816e-50
4.622621087159552644e+02 8.102184316898406920e-50
4.636839612947741216e+02 8.117744945357414900e-50
4.651101872901411980e+02 8.133444978200986124e-50
4.665408001540646410e+02 8.149283344703399848e-50
4.679758133799283542e+02 8.165259324715625047e-50
4.694152405026215433e+02 8.181372473521929513e-50
4.708590950986634311e+02 8.197622565073378000e-50
4.723073907863324621e+02 8.214009548649336521e-50
4.737601412257966444e+02 8.230533515446525305e-50
4.752173601192392312e+02 8.247194672594689176e-50
4.766790612109897438e+02 8.263993322777509163e-50
4.781452582876531210e+02 8.280929848141661238e-50
4.796159651782411402e+02 8.298004697503640142e-50
4.810911957543003723e+02 8.315218376146058732e-50
4.825709639300445701e+02 8.332571437667666746e-50
4.840552836624854081e+02 8.350064477531998465e-50
4.855441689515656662e+02 8.367698128113614776e-50
4.870376338402884926e+02 8.385473055304378717e-50
4.885356924148517805e+02 8.403389957276969233e-50
4.900383588047801595e+02 8.421449567641328486e-50
4.915456471830600549e+02 8.439652671652987334e-50
4.930575717662706552e+02 8.458000179304834371e-50
4.945741468147191426e+02 8.476493652158368208e-50
4.960953866325770036e+02 8.494455176019820374e-50
4.976213055680117350e+02 8.513909049397954111e-50
4.991519180133243481e+02 8.532842008675030649e-50
5.006872384050839173e+02 8.551922068573614460e-50
5.022272812242659370e+02 8.571150846776692980e-50
5.037720609963858465e+02 8.590529350296837292e-50
5.053215922916379554e+02 8.610058492941422352e-50
5.068758897250318682e+02 8.629739169093245338e-50
5.084349679565325459e+02 8.649572271891681625e-50
5.099988416911952527e+02 8.669558699085344428e-50
5.115675256793064705e+02 8.689699355208704422e-50
5.131410347165219719e+02 8.709995152455406603e-50
5.147193836440085306e+02 8.730447011021069779e-50
5.163025873485803459e+02 8.751055859219411665e-50
5.178906607628416623e+02 8.771822633495540781e-50
5.194836188653287081e+02 8.792748278394366595e-50
5.210814766806481657e+02 8.813833746512709579e-50
5.226842492796205306e+02 8.835079998446745138e-50
5.242919517794216517e+02 8.856488002739774191e-50
5.259045993437272273e+02 8.878058735840894661e-50
5.275222071828526396e+02 8.899793182063832492e-50
5.291447905538985879e+02 8.921692333561075724e-50
5.307723647608938791e+02 8.943757190297554673e-50
5.324049451549421974e+02 8.965988760037636809e-50
5.340425471343629624e+02 8.988388058336569345e-50
5.356851861448394629e+02 9.010956108535949851e-50
5.373328776795632393e+02 9.033693941767820746e-50
5.389856372793822175e+02 9.056602596961914414e-50
5.406434805329440678e+02 9.079683120855682426e-50
5.423064230768449079e+02 9.102936568012682749e-50
5.439744805957786866e+02 9.126364000841487332e-50
5.456476688226814531e+02 9.149966489616758459e-50
5.473260035388818778e+02 9.173745112506476344e-50
5.490095005742496141e+02 9.197700955602997233e-50
5.506981758073459332e+02 9.221835112950385446e-50
5.523920451655711759e+02 9.246148686584121946e-50
5.540911246253161835e+02 9.270642786564207778e-50
5.557954302121125920e+02 9.295318531017257933e-50
5.575049780007858544e+02 9.320177046176460585e-50
5.592197841156038294e+02 9.345219466426194873e-50
5.609398647304307133e+02 9.370446934346698046e-50
5.626652360688785848e+02 9.395860600760534876e-50
5.643959144044629284e+02 9.421461624782943157e-50
5.661319160607525873e+02 9.447251173868063825e-50
5.678732574115250600e+02 9.473230423862970742e-50
5.696199548809232738e+02 9.499400559056229124e-50
5.713720249436065615e+02 9.525762772233334472e-50
5.731294841249089131e+02 9.552318264728039906e-50
5.748923490009927946e+02 9.579068246477929931e-50
5.766606361990087635e+02 9.606013936080974134e-50
5.784343623972482646e+02 9.633156560851171215e-50
5.802135443253031326e+02 9.660497356878319787e-50
5.819981987642227068e+02 9.688037569084471424e-50
5.837883425466743574e+02 9.715778451288187169e-50
5.855839925570982132e+02 9.743721266262526966e-50
5.873851657318695061e+02 9.771867285798561714e-50
5.891918790594563689e+02 9.800217790768980278e-50
5.910041495805830891e+02 9.828774071191476200e-50
5.928219943883869973e+02 9.857537426293330856e-50
5.946454306285814937e+02 9.886509164576361240e-50
5.964744754996194160e+02 9.915690603883846622e-50
5.983091462528518605e+02 9.945083071465413664e-50
6.001494601926934820e+02 9.974687904043419934e-50
6.019954346767838160e+02 1.000450644788326858e-49
6.038470871161540572e+02 1.003454005885887079e-49
6.057044349753875849e+02 1.006479010252321492e-49
6.075674957727868559e+02 1.009525795417742971e-49
6.094362870805372268e+02 1.012594499894477178e-49
6.113108265248760063e+02 1.015685263183858738e-49
6.131911317862538908e+02 1.018798225783789514e-49
6.150772205995052673e+02 1.021933529195931316e-49
6.169691107540132862e+02 1.025091315933336155e-49
6.188668200938809605e+02 1.028271729527724597e-49
6.207703665180949884e+02 1.031474914537177935e-49
6.226797679806970791e+02 1.034701016553730460e-49
6.245950424909549383e+02 1.037950182210887675e-49
6.265162081135280232e+02 1.041222559191577127e-49
6.284432829686410287e+02 1.044518296235705350e-49
6.303762852322530534e+02 1.047837543148091233e-49
6.323152331362321092e+02 1.051180450806511797e-49
6.342601449685225816e+02 1.054547171169430451e-49
6.362110390733207623e+02 1.057937857284364106e-49
6.381679338512462891e+02 1.061352663296066832e-49
6.401308477595187014e+02 1.064791744454684657e-49
6.420997993121272884e+02 1.068255257124198453e-49
6.440748070800082132e+02 1.071743358790992166e-49
6.460558896912186810e+02 1.075256208072108075e-49
6.480430658311150864e+02 1.078793964724221429e-49
6.500363542425254764e+02 1.082356789651951924e-49
6.520357737259280384e+02 1.085944844916755724e-49
6.540413431396306123e+02 1.089558293745658922e-49
6.560530813999444035e+02 1.093197300540062776e-49
6.580710074813653137e+02 1.096862030884892880e-49
6.600951404167514056e+02 1.100552651557284377e-49
6.621254992975051437e+02 1.104269330535962825e-49
6.641621032737491532e+02 1.108012237010494017e-49
6.662049715545101662e+02 1.111781541390382443e-49
6.682541234078983052e+02 1.115577415314878694e-49
6.703095781612917108e+02 1.119400031662159776e-49
6.723713552015146888e+02 1.123249564559230139e-49
6.744394739750233612e+02 1.127126189391448770e-49
6.765139539880879056e+02 1.131030082812538090e-49
6.785948148069787749e+02 1.134961422754331346e-49
6.806820760581475724e+02 1.138920388436696807e-49
6.827757574284141810e+02 1.142907160377769620e-49
6.848758786651541186e+02 1.146921920403998309e-49
6.869824595764813466e+02 1.150964851660537105e-49
6.890955200314371041e+02 1.155036138621537429e-49
6.912150799601764675e+02 1.159135967100898971e-49
6.933411593541588900e+02 1.163264524262820208e-49
6.954737782663326016e+02 1.167421998632756293e-49
6.976129568113266259e+02 1.171608580108216084e-49
6.997587151656389324e+02 1.175824459970367248e-49
7.019110735678298170e+02 1.180069830894723331e-49
7.040700523187081217e+02 1.184344886963032020e-49
7.062356717815258662e+02 1.188649823674774276e-49
7.084079523821691282e+02 1.192984837958754434e-49
7.105869146093529025e+02 1.197350128185210659e-49
7.127725790148105034e+02 1.201745894177941736e-49
7.149649662134895607e+02 1.206172337226759368e-49
7.171640968837483570e+02 1.210629660100068285e-49
7.193699917675469351e+02 1.215118067057868522e-49
7.215826716706451407e+02 1.219637763865057572e-49
7.238021574627977088e+02 1.224188957804984172e-49
7.260284700779541254e+02 1.228771857693712728e-49
7.282616305144513262e+02 1.233386673893950851e-49
7.305016598352150368e+02 1.238033618330417169e-49
7.327485791679566773e+02 1.242712904504893324e-49
7.350024097053758396e+02 1.247424747512462911e-49
7.372631727053556006e+02 1.252169364057878797e-49
7.395308894911660218e+02 1.256946972473200001e-49
7.418055814516636701e+02 1.261757792736078259e-49
7.440872700414964811e+02 1.266602046489200383e-49
7.463759767813016879e+02 1.271479957061150982e-49
7.486717232579109123e+02 1.276391749488275807e-49
7.509745311245559378e+02 1.281337650538771634e-49
7.532844221010686852e+02 1.286317888738904855e-49
7.556014179740888039e+02 1.291332694401165831e-49
7.579255405972680819e+02 1.296382299655829507e-49
7.602568118914789466e+02 1.301466938485919797e-49
7.625952538450172824e+02 1.306586846766866306e-49
7.649408885138126379e+02 1.311742262310821093e-49
7.672937380216343399e+02 1.316933424918559358e-49
7.696538245603040878e+02 1.322160576438816288e-49
7.720211703898999076e+02 1.327423960838459693e-49
7.743957978389693153e+02 1.332723824285462268e-49
7.767777293047387275e+02 1.338060415248621010e-49
7.791669872533275338e+02 1.343433984618082753e-49
7.815635942199551209e+02 1.348844785853556492e-49
7.839675728091565361e+02 1.354293075167643174e-49
7.863789456949969008e+02 1.359779111756329587e-49
7.887977356212816176e+02 1.365303158091248643e-49
7.912239654017733983e+02 1.370865480294997392e-49
7.936576579204061090e+02 1.376466348630215350e-49
7.960988361315038446e+02 1.382106038143878908e-49
7.985475230599922725e+02 1.387784829528797533e-49
8.010037418016195261e+02 1.393503010292681106e-49
8.034675155231719827e+02 1.399260876368868141e-49
8.059388674626964075e+02 1.405058734375063452e-49
8.084178209297137983e+02 1.410896904838161716e-49
8.109043993054428938e+02 1.416775726895802180e-49
8.133986260430189077e+02 1.422695565304786270e-49
8.159005246677180594e+02 1.428656821158401491e-49
8.184101187771744890e+02 1.434659948748959614e-49
8.209274320416051296e+02 1.440705482979650452e-49
8.234524882040359444e+02 1.446794085631479581e-49
8.259853110805204324e+02 1.452926626962232564e-49
8.285259245603675708e+02 1.459104337310071900e-49
8.310743526063658919e+02 1.465329107024365794e-49
8.336306192550123342e+02 1.471604127634443585e-49
8.361947486167342731e+02 1.477935403899057749e-49
8.387667648761203054e+02 1.484335811149262967e-49
8.413466922921462583e+02 1.490838115963703072e-49
8.439345551984079066e+02 1.497549658280656277e-49
8.465303780033449357e+02 1.505019508851409863e-49
8.491341851904751366e+02 1.522605613243322327e-49
8.517460013186229162e+02 1.534022922858472525e-49
8.543658510221548568e+02 1.524794490638069825e-49
8.569937590112066346e+02 1.530337506440113453e-49
8.596297500719191476e+02 1.536740294855132643e-49
8.622738490666740745e+02 1.543365203947233103e-49
8.649260809343239771e+02 1.550096178502565477e-49
8.675864706904305876e+02 1.556899548688455156e-49
8.702550434274988902e+02 1.563762816048878388e-49
8.729318243152177956e+02 1.570680607024421605e-49
8.756168386006917217e+02 1.577650406804679830e-49
8.783101116086826323e+02 1.584671000697295190e-49
8.810116687418467336e+02 1.591741823965135316e-49
8.837215354809781047e+02 1.598862661980765538e-49
8.864397373852433475e+02 1.606033500581796868e-49
8.891663000924263542e+02 1.613254446464360232e-49
8.919012493191683006e+02 1.620525682540385421e-49
8.946446108612138914e+02 1.627847441766822013e-49
8.973964105936488522e+02 1.635219991213342829e-49
9.001566744711473120e+02 1.642643622041252348e-49
9.029254285282190722e+02 1.650118643020667192e-49
9.057026988794492581e+02 1.657645376230365274e-49
9.084885117197489990e+02 1.665224154143993547e-49
9.112828933246001952e+02 1.672855317617069741e-49
9.140858700503072214e+02 1.680539214472600075e-49
9.168974683342399885e+02 1.688276198493116766e-49
9.197177146950866700e+02 1.696066628692920243e-49
9.225466357331025620e+02 1.703910868786891581e-49
9.253842581303641737e+02 1.711809286799716465e-49
9.282306086510154728e+02 1.719762254776028613e-49
9.310857141415242495e+02 1.727770148564386755e-49
9.339496015309329096e+02 1.735833347656732874e-49
9.368222978311168845e+02 1.743952235068256942e-49
9.397038301370336058e+02 1.752127197248813534e-49
9.425942256269802328e+02 1.760358624017229582e-49
9.454935115628539961e+02 1.768646908515249360e-49
9.484017152904024215e+02 1.776992447174225929e-49
9.513188642394859471e+02 1.785395639694277603e-49
9.542449859243342871e+02 1.793856889031069744e-49
9.571801079438099578e+02 1.802376601390938594e-49
9.601242579816628222e+02 1.810955186230953569e-49
9.630774638067948672e+02 1.819593056263676814e-49
9.660397532735202049e+02 1.828290627466727902e-49
9.690111543218322367e+02 1.837048319095450159e-49
9.719916949776603587e+02 1.845866553699903935e-49
9.749814033531389441e+02 1.854745757146411282e-49
9.779803076468703011e+02 1.863686358649095301e-49
9.809884361441947931e+02 1.872688790824276441e-49
9.840058172174511810e+02 1.881753489823432868e-49
9.870324793262476533e+02 1.890880895869065728e-49
9.900684510177329685e+02 1.900071458234473423e-49
9.931137609268602091e+02 1.909325543437710667e-49
9.961684377766601983e+02 1.918643764886949067e-49
9.992325103785108240e+02 1.928026455382074036e-49
1.002306007632412502e+03 1.937474096621128949e-49
1.005388958527255340e+03 1.946987150453834759e-49
1.008481392141095739e+03 1.956566080934471413e-49
1.011583337641429353e+03 1.966211355422763215e-49
1.014694824285469736e+03 1.975923444803440660e-49
1.017815881420418691e+03 1.985702823568084248e-49
1.020946538483746394e+03 1.995549969862628155e-49
1.024086825003467993e+03 2.005465365524101999e-49
1.027236770598425665e+03 2.015449496114004727e-49
1.030396404978561122e+03 2.025502850950056649e-49
1.033565757945200630e+03 2.035625923137079030e-49
1.036744859391337741e+03 2.045819209598412637e-49
1.039933739301909327e+03 2.056083211106985725e-49
1.043132427754082983e+03 2.066418432316816528e-49
1.046340954917538284e+03 2.076825381794736813e-49
1.049559351054755325e+03 2.087304572052244951e-49
1.052787646521294619e+03 2.097856519578175231e-49
1.056025871766086993e+03 2.108481744871247901e-49
1.059274057331718495e+03 2.119180772473116406e-49
1.062532233854723245e+03 2.129954131001808121e-49
1.065800432065865834e+03 2.140802353185770135e-49
1.069078682790435323e+03 2.151725975897982649e-49
1.072367016948534001e+03 2.162725540190435865e-49
1.075665465555372748e+03 2.173801591329665439e-49
1.078974059721558433e+03 2.184954678832330472e-49
1.082292830653389046e+03 2.196185356501054341e-49
1.085621809653152241e+03 2.207494182461933714e-49
1.088961028119413868e+03 2.218881719201269301e-49
1.092310517547318113e+03 2.230348533604032401e-49
1.095670309528882854e+03 2.241895196992752671e-49
1.099040435753302063e+03 2.253522285167127557e-49
1.102420928007237080e+03 2.265230378445170763e-49
1.105811818175122653e+03 2.277020061704798289e-49
1.109213138239463660e+03 2.288891924427527024e-49
1.112624920281142067e+03 2.300846560743181404e-49
1.116047196479713193e+03 2.312884569476797339e-49
1.119479999113712665e+03 2.325006554198181474e-49
1.122923360560959054e+03 2.337213123272352413e-49
1.126377313298864919e+03 2.349504889917110061e-49
1.129841889904733989e+03 2.361882472260654353e-49
1.133317123056074024e+03 2.374346493406965652e-49
1.136803045530907639e+03 2.386897581507315115e-49
1.140299690208073798e+03 2.399536369840237501e-49
1.143807090067543868e+03 2.412263496902086984e-49
1.147325278190729705e+03 2.425079606512828030e-49
1.150854287760799934e+03 2.437985347939443598e-49
1.154394152062987359e+03 2.450981376045686696e-49
1.157944904484905464e+03 2.464068351475257101e-49
1.161506578516862874e+03 2.477246940882268666e-49
1.165079207752182811e+03 2.490517817225525316e-49
1.168662825887513463e+03 2.503881660155482150e-49
1.172257466723149946e+03 2.517339156531082355e-49
1.175863164163351939e+03 2.530891001127908161e-49
1.179479952216666106e+03 2.544537897630669736e-49
1.183107864996242370e+03 2.558280560056983529e-49
1.186746936720156555e+03 2.572119714852754647e-49
1.190397201711738944e+03 2.586056104061235231e-49
1.194058694399889646e+03 2.600090490261413235e-49
1.197731449319408284e+03 2.614223664519880794e-49
1.201415501111317326e+03 2.628456459694132226e-49
1.205110884523194045e+03 2.642789773663557883e-49
1.208817634409490438e+03 2.657224612031056745e-49
1.212535785731867009e+03 2.671762171538574914e-49
1.216265373559520413e+03 2.686404015663207336e-49
1.220006433069518607e+03 2.701152480702214110e-49
1.223758999547125768e+03 2.716011737464583253e-49
1.227523108386139484e+03 2.730991075134383791e-49
1.231298795089222722e+03 2.746117920261009694e-49
1.235086095268242843e+03 2.761516239904507553e-49
1.238885044644600839e+03 2.778649443512784137e-49
1.242695679049571936e+03 2.806539383924546140e-49
1.246518034424646430e+03 2.807917705707902207e-49
1.250352146821861879e+03 2.823027901430113682e-49
1.254198052404148712e+03 2.838614234359125787e-49
1.258055787445667420e+03 2.854380960065806712e-49
1.261925388332156444e+03 2.870281490232479719e-49
1.265806891561268458e+03 2.886303632499847178e-49
1.269700333742918247e+03 2.902443485917780561e-49
1.273605751599626501e+03 2.918699836390745013e-49
1.277523181966871334e+03 2.935072522880400839e-49
1.281452661793427069e+03 2.951561857175676754e-49
1.285394228141718941e+03 2.968168386888071152e-49
1.289347918188169615e+03 2.984892787921693538e-49
1.293313769223554800e+03 3.001735811519965420e-49
1.297291818653347946e+03 3.018698256413432181e-49
1.301282103998075627e+03 3.035780953358481456e-49
1.305284662893677023e+03 3.052984756161528196e-49
1.309299533091849526e+03 3.070310536268355092e-49
1.313326752460411171e+03 3.087759179398384656e-49
1.317366358983653981e+03 3.105331583394997008e-49
1.321418390762709123e+03 3.123028656823163283e-49
1.325482886015897066e+03 3.140851318038284050e-49
1.329559883079093652e+03 3.158800494561165591e-49
1.333649420406088893e+03 3.176877122655594003e-49
1.337751536568955771e+03 3.195082147041567907e-49
1.341866270258405166e+03 3.213416520704716710e-49
1.345993660284156476e+03 3.231881204770464959e-49
1.350133745575300509e+03 3.250477168425513873e-49
1.354286565180673506e+03 3.269205388873141526e-49
1.358452158269215033e+03 3.288066851314888936e-49
1.362630564130343828e+03 3.307062548948074124e-49
1.366821822174330691e+03 3.326193482979801499e-49
1.371025971932663197e+03 3.345460662649652083e-49
1.375243053058423357e+03 3.364865105262134423e-49
1.379473105326658697e+03 3.384407836224019268e-49
1.383716168634763790e+03 3.404089889087899536e-49
1.387972283002847462e+03 3.423912305599079802e-49
1.392241488574116602e+03 3.443876135746442923e-49
1.396523825615250416e+03 3.463982437815094219e-49
1.400819334516788331e+03 3.484232278442859724e-49
1.405128055793499925e+03 3.504626732676850902e-49
1.409450030084774426e+03 3.525166884033389278e-49
1.413785298155000646e+03 3.545853824558832764e-49
1.418133900893956707e+03 3.566688654892489492e-49
1.422495879317188383e+03 3.587672484330014785e-49
1.426871274566398370e+03 3.608806430888837897e-49
1.431260127909841003e+03 3.630091621375854772e-49
1.435662480742700154e+03 3.651529191455214250e-49
1.440078374587488270e+03 3.673120285719166392e-49
1.444507851094432453e+03 3.694866057760198410e-49
1.448950952041875098e+03 3.716767670246214497e-49
1.453407719336658147e+03 3.738826294997651990e-49
1.457878195014524863e+03 3.761043113069041460e-49
1.462362421240512731e+03 3.783419314835085933e-49
1.466860440309357045e+03 3.805956100081820621e-49
1.471372294645881993e+03 3.828654678108456301e-49
1.475898026805405379e+03 3.851516267846901929e-49
1.480437679474137667e+03 3.874542098038878246e-49
1.484991295469590796e+03 3.897733407936644340e-49
1.489558917740972902e+03 3.921091436050455124e-49
1.494140589369597137e+03 3.944617462221036734e-49
1.498736353569293897e+03 3.968312739692471402e-49
1.503346253686808041e+03 3.992178551753423906e-49
1.507970333202214988e+03 4.016216189524507098e-49
1.512608635729326579e+03 4.040426955503302474e-49
1.517261205016109670e+03 4.064812164369014581e-49
1.521928084945088585e+03 4.089373143957409829e-49
1.526609319533765756e+03 4.114111236662477753e-49
1.531304952935033953e+03 4.139027801554138608e-49
1.536015029437598059e+03 4.164124217707001246e-49
1.540739593466384349e+03 4.189401889633978419e-49
1.545478689582965899e+03 4.214862256543641116e-49
1.550232362485978229e+03 4.240506808895932362e-49
1.555000657011549038e+03 4.266337119737210329e-49
1.559783618133710661e+03 4.292354908191044845e-49
1.564581290964829122e+03 4.318562179396192024e-49
1.569393720756034554e+03 4.344961567959774779e-49
1.574220952897638199e+03 4.371557310870988295e-49
1.579063032919566922e+03 4.398358624519961985e-49
1.583920006491789763e+03 4.425395808605921489e-49
1.588791919424755179e+03 4.452860645259998515e-49
1.593678817669812815e+03 4.494507881012214761e-49
1.598580747319653938e+03 4.508309108039579027e-49
1.603497754608742753e+03 4.535295052786749637e-49
1.608429885913758653e+03 4.563145410984754491e-49
1.613377187754024817e+03 4.591273450866630737e-49
1.618339706791952722e+03 4.619625406557990412e-49
1.623317489833478703e+03 4.648190492596108094e-49
1.628310583828512790e+03 4.676966275141111732e-49
1.633319035871371625e+03 4.705952717905780344e-49
1.638342893201226616e+03 4.735150655587141287e-49
1.643382203202555502e+03 4.764561296135932927e-49
1.648437013405578909e+03 4.794186029602611110e-49
1.653507371486715556e+03 4.824026345380229531e-49
1.658593325269027901e+03 4.854083792936030566e-49
1.663694922722680758e+03 4.884359961776564572e-49
1.668812211965383085e+03 4.914856470612711530e-49
1.673945241262849095e+03 4.945574961211613916e-49
1.679094059029249138e+03 4.976517094772977368e-49
1.684258713827674683e+03 5.007684549722380511e-49
1.689439254370584649e+03 5.039079020336254451e-49
1.694635729520272207e+03 5.070702215869031203e-49
1.699848188289322479e+03 5.102555859993584313e-49
1.705076679841081614e+03 5.134641690443694143e-49
1.710321253490109711e+03 5.166961458786818942e-49
1.715581958702652173e+03 5.199516930286164498e-49
1.720858845097109679e+03 5.232309883822547780e-49
1.726151962444497485e+03 5.265342111858414805e-49
1.731461360668921543e+03 5.298615420432406898e-49
1.736787089848044388e+03 5.332131629173089007e-49
1.742129200213566719e+03 5.365892571332180385e-49
1.747487742151689190e+03 5.399900093825287542e-49
1.752862766203594447e+03 5.434156057285239709e-49
1.758254323065921426e+03 5.468662336121151268e-49
1.763662463591250116e+03 5.503420818583077452e-49
1.769087238788570403e+03 5.538433406833299475e-49
1.774528699823770012e+03 5.573702017021632736e-49
1.779986898020114040e+03 5.609228579366250815e-49
1.785461884858736539e+03 5.645015038241113824e-49
1.790953711979113905e+03 5.681063352269041681e-49
1.796462431179559189e+03 5.717375494424132546e-49
1.801988094417714365e+03 5.753953452145767370e-49
1.807530753811030536e+03 5.790799227469514264e-49
1.813090461637266799e+03 5.827914837176666987e-49
1.818667270334979094e+03 5.865302312978417177e-49
1.824261232504022473e+03 5.902963701744528133e-49
1.829872400906036091e+03 5.940901065798391728e-49
1.835500828464948199e+03 5.979116483318127273e-49
1.841146568267471594e+03 6.017612048897370754e-49
1.846809673563612705e+03 6.056389874365228500e-49
1.852490197767160453e+03 6.095452090033589138e-49
1.858188194456199881e+03 6.134800846674554302e-49
1.863903717373612153e+03 6.174438318797560374e-49
1.869636820427590010e+03 6.214366710342901903e-49
1.875387557692134351e+03 6.254588265128256924e-49
1.881155983407569693e+03 6.295105287258924404e-49
1.886942151981062125e+03 6.335920184160723144e-49
1.892746117987120442e+03 6.377035566360204644e-49
1.898567936168119104e+03 6.418454509246968242e-49
1.904407661434810507e+03 6.460181366230627347e-49
1.910265348866849763e+03 6.502225011093913998e-49
1.916141053713304245e+03 6.544618538801126658e-49
1.922034831393181321e+03 6.587738696649226919e-49
1.927946737495946763e+03 6.633511858749971490e-49
1.933876827782058626e+03 6.673566101527835359e-49
1.939825158183479289e+03 6.717040526473905716e-49
1.945791784804212512e+03 6.760924370776834617e-49
1.951776763920827534e+03 6.805148079980848433e-49
1.957780151982999087e+03 6.849702403569791026e-49
1.963802005614026029e+03 6.894586531886631018e-49
1.969842381611373412e+03 6.939801715625229811e-49
1.975901336947212485e+03 6.985349886567057322e-49
1.981978928768947526e+03 7.031233253867421769e-49
1.988075214399761308e+03 7.077454156670491956e-49
1.994190251339153065e+03 7.124015014043462071e-49
2.000324097263488284e+03 7.170918286466375747e-49
2.006476810026530757e+03 7.218166470274157567e-49
2.012648447659996236e+03 7.265762088360329176e-49
2.018839068374095405e+03 7.313707686464863677e-49
2.025048730558091847e+03 7.362005830940349529e-49
2.031277492780840021e+03 7.410659107407302682e-49
2.037525413791345954e+03 7.459670119921200185e-49
2.043792552519316814e+03 7.509041490444774260e-49
2.050078968075725697e+03 7.558775858507075847e-49
2.056384719753356421e+03 7.608875880981775119e-49
2.062709867027369000e+03 7.659344231942266723e-49
2.069054469555866490e+03 7.710183602564845368e-49
2.075418587180446593e+03 7.761396701065893787e-49
2.081802279926771917e+03 7.812986252661164225e-49
2.088205608005134309e+03 7.864954999543452454e-49
2.094628631811030118e+03 7.917305700864936025e-49
2.101071411925716802e+03 7.970041132733362362e-49
2.107534009116794095e+03 8.023164088207367825e-49
2.114016484338771079e+03 8.076677377302027688e-49
2.120518898733652350e+03 8.130583826993140529e-49
2.127041313631497815e+03 8.184886281227035260e-49
2.133583790551014317e+03 8.239587600934258414e-49
2.140146391200128164e+03 8.294690664048414872e-49
2.146729177476577206e+03 8.350198365533132238e-49
2.153332211468481546e+03 8.406113617419300173e-49
2.159955555454935165e+03 8.462439348863555502e-49
2.166599271906600279e+03 8.519178506230706774e-49
2.173263423486284410e+03 8.576334053223706559e-49
2.179948073049537470e+03 8.633908971087917061e-49
2.186653283645243846e+03 8.691906258931130503e-49
2.193379118516221752e+03 8.750328934257651512e-49
2.200125641099811219e+03 8.809180033863013572e-49
2.206892915028476182e+03 8.868462615413695098e-49
2.213681004130404745e+03 8.928179760345797216e-49
2.220489972430117177e+03 8.988334579494406787e-49
2.227319884149057089e+03 9.048930224814431454e-49
2.234170803706208062e+03 9.109969916003301666e-49
2.241042795718692560e+03 9.171457008279161875e-49
2.247935925002395379e+03 9.233395193878764308e-49
2.254850256572556646e+03 9.295789251984805549e-49
2.261785855644396634e+03 9.358649066921184998e-49
2.268742787633732405e+03 9.422035482377804362e-49
2.275721118157586716e+03 9.526671667413554904e-49
2.282720913034811019e+03 9.550019310003652633e-49
2.289742238286705287e+03 9.614657563060965681e-49
2.296785160137647836e+03 9.679820714437380680e-49
2.303849745015707413e+03 9.745467834201802729e-49
2.310936059553277573e+03 9.811596465153961851e-49
2.318044170587701956e+03 9.878208463550543212e-49
2.325174145161913202e+03 9.945306647903920034e-49
2.332326050525051869e+03 1.001289414338014829e-48
2.339499954133108986e+03 1.008097420060483015e-48
2.346695923649558608e+03 1.014955013345272715e-48
2.353914026946004469e+03 1.021862529416901567e-48
2.361154332102808439e+03 1.028820306220998178e-48
2.368416907409735359e+03 1.035828683874172381e-48
2.375701821366609238e+03 1.042888004370618751e-48
2.383009142683940809e+03 1.049998611413438098e-48
2.390338940283587817e+03 1.057160850310295918e-48
2.397691283299399856e+03 1.064375067904027869e-48
2.405066241077878658e+03 1.071641612522791536e-48
2.412463883178819287e+03 1.078960833941834997e-48
2.419884279375974984e+03 1.086333083351240455e-48
2.427327499657711542e+03 1.093758713328893925e-48
2.434793614227674880e+03 1.101238077814359663e-48
2.442282693505441330e+03 1.108771532085079260e-48
2.449794808127189754e+03 1.116359432732844966e-48
2.457330028946363200e+03 1.124002137640470066e-48
2.464888427034347842e+03 1.131700005958591290e-48
2.472470073681127360e+03 1.139453398083666434e-48
2.480075040395963697e+03 1.147262675819471490e-48
2.487703398908077816e+03 1.155128201373492971e-48
2.495355221167313175e+03 1.163050339356132487e-48
2.503030579344822854e+03 1.171029454671521012e-48
2.510729545833745306e+03 1.179065913567764677e-48
2.518452193249897391e+03 1.187160083384278047e-48
2.526198594432445589e+03 1.195312332526543837e-48
2.533968822444599937e+03 1.203523030439894510e-48
2.541762950574301613e+03 1.211792547582895519e-48
2.549581052334921878e+03 1.220121255402283538e-48
2.557423201465941474e+03 1.228509526309131071e-48
2.565289471933655477e+03 1.236957733659792868e-48
2.573179937931866334e+03 1.245466251744271052e-48
2.581094673882594179e+03 1.254035455789153269e-48
2.589033754436762138e+03 1.262665721989705733e-48
2.596997254474912552e+03 1.271357427601464134e-48
2.604985249107906384e+03 1.280110951161954228e-48
2.612997813677642625e+03 1.288926673021929355e-48
2.621035023757754516e+03 1.297804976696822177e-48
2.629096955154327588e+03 1.306746252728700105e-48
2.637183683906624992e+03 1.315750911966843527e-48
2.645295286287787803e+03 1.324819447132513009e-48
2.653431838805564894e+03 1.333952932492017254e-48
2.661593418203029159e+03 1.343180229451939855e-48
2.669780101459312391e+03 1.352415517105102259e-48
2.677991965790316499e+03 1.361737707228265896e-48
2.686229088649449295e+03 1.371129651015042052e-48
2.694491547728352543e+03 1.380588003465508052e-48
2.702779420957645016e+03 1.390112842182581300e-48
2.711092786507639630e+03 1.399704484603733590e-48
2.719431722789094238e+03 1.409363292823019508e-48
2.727796308453942856e+03 1.419089641458691404e-48
2.736186622396051007e+03 1.428883909553735654e-48
2.744602743751941489e+03 1.438746477927817394e-48
2.753044751901551081e+03 1.448677728131072238e-48
2.761512726468984511e+03 1.458678041957336129e-48
2.770006747323252057e+03 1.468747801180690581e-48
2.778526894579031705e+03 1.478887387388811975e-48
2.787073248597420388e+03 1.489097181861870400e-48
2.795645889986702969e+03 1.499377565474688240e-48
2.804244899603094382e+03 1.509728918609069795e-48
2.812870358551515892e+03 1.520151621072904215e-48
2.821522348186352701e+03 1.530646052021658874e-48
2.830200950112232931e+03 1.541212589880352853e-48
2.838906246184780684e+03 1.551851612266194949e-48
2.847638318511399120e+03 1.562563495910269706e-48
2.856397249452038523e+03 1.573348616578312167e-48
2.865183121619986650e+03 1.584207348990241373e-48
2.873996017882628166e+03 1.595140066738434060e-48
2.882836021362236806e+03 1.606147142204045159e-48
2.891703215436766641e+03 1.617228946472407302e-48
2.900597683740621960e+03 1.628385849246344036e-48
2.909519510165458541e+03 1.639618218757704553e-48
2.918468778860966268e+03 1.650926421677902991e-48
2.927445574235678123e+03 1.662310823025762195e-48
2.936449980957745083e+03 1.673771786074772559e-48
2.945482083955749658e+03 1.685309672258078013e-48
2.954541968419499426e+03 1.696924841072784697e-48
2.963629719800841940e+03 1.708617649983089465e-48
2.972745423814454625e+03 1.720388454326612560e-48
2.981889166438662869e+03 1.732237607188549290e-48
2.991061033916247197e+03 1.744165459392716538e-48
3.000261112755267277e+03 1.756172359309995413e-48
3.009489489729859997e+03 1.768258652870010336e-48
3.018746251881067110e+03 1.780424683527289578e-48
3.028031486517666508e+03 1.792670792375054364e-48
3.037345281216975309e+03 1.804997318594079685e-48
3.046687723825688408e+03 1.817404600977953816e-48
3.056058902460703393e+03 1.829892983704776101e-48
3.065458905509960459e+03 1.842462845794154675e-48
3.074887821633260501e+03 1.855114888228767688e-48
3.084345739763111851e+03 1.867943727255656691e-48
3.093832749105563835e+03 1.880664737653477749e-48
3.103348939141059418e+03 1.893562398027186270e-48
3.112894399625262395e+03 1.906543816370927927e-48
3.122469220589914585e+03 1.919608632826942155e-48
3.132073492343680300e+03 1.932757075400011943e-48
3.141707305473009001e+03 1.945989423535290422e-48
3.151370750842972939e+03 1.959305963684229764e-48
3.161063919598130724e+03 1.972706981059952846e-48
3.170786903163399984e+03 1.986192757333254159e-48
3.180539793244897282e+03 1.999763569758172574e-48
3.190322681830818510e+03 2.013419690731743097e-48
3.200135661192298812e+03 2.027161387511375038e-48
3.209978823884294798e+03 2.040988921991681258e-48
3.219852262746441284e+03 2.054902550508938448e-48
3.229756070903935779e+03 2.068902523655503015e-48
3.239690341768413873e+03 2.082989086099991773e-48
3.249655169038840995e+03 2.097162476406764057e-48
3.259650646702378253e+03 2.111422926856102410e-48
3.269676869035280561e+03 2.125770663262120105e-48
3.279733930603779754e+03 2.140205904788235073e-48
3.289821926264990452e+03 2.154728863760658409e-48
3.299940951167784078e+03 2.169339745478880473e-48
3.310091100753696537e+03 2.184038748023261207e-48
3.320272470757838164e+03 2.198826062059650852e-48
3.330485157209777753e+03 2.213701870641552458e-48
3.340729256434458875e+03 2.228666349007556047e-48
3.351004865053105277e+03 2.243719664378425776e-48
3.361312079984143566e+03 2.258861975748133942e-48
3.371650998444096786e+03 2.274093433674286050e-48
3.382021717948517107e+03 2.289414180064316487e-48
3.392424336312895321e+03 2.304824347959324730e-48
3.402858951653600798e+03 2.320324061315702811e-48
3.413325662388783712e+03 2.335913434786229517e-48
3.423824567239317730e+03 2.351592573500222617e-48
3.434355765229724966e+03 2.367361572849513937e-48
3.444919355689123677e+03 2.383220518287851311e-48
3.455515438252142758e+03 2.399169485165648961e-48
3.466144112859873530e+03 2.415208538666052399e-48
3.476805479760823800e+03 2.431337734030152631e-48
3.487499639511838723e+03 2.447557117910664872e-48
3.498226692979066684e+03 2.463866734852350894e-48
3.508986741338902902e+03 2.480266674729622981e-48
3.519779886078957134e+03 2.496758349114704781e-48
3.530606228998989081e+03 2.513338453148512917e-48
3.541465872211885198e+03 2.530007548230045582e-48
3.552358918144611380e+03 2.546768140675756078e-48
3.563285469539196129e+03 2.563618971225291840e-48
3.574245629453676884e+03 2.580559918798718077e-48
3.585239501263086822e+03 2.597590902738728549e-48
3.596267188660422107e+03 2.614711837616087355e-48
3.607328795657634146e+03 2.631922626378860615e-48
3.618424426586590471e+03 2.649223158512175129e-48
3.629554186100067909e+03 2.666613309260658701e-48
3.640718179172751661e+03 2.684092939149918823e-48
3.651916511102203458e+03 2.701661893604934803e-48
3.663149287509867918e+03 2.719320002604844190e-48
3.674416614342063440e+03 2.737067080351699394e-48
3.685718597870995382e+03 2.754902924943483785e-48
3.697055344695736039e+03 2.772827318045404910e-48
3.708426961743244647e+03 2.790840024562281003e-48
3.719833556269369183e+03 2.808940792305824192e-48
3.731275235859873192e+03 2.827129351660056795e-48
3.742752108431425768e+03 2.845405415241975284e-48
3.754264282232637925e+03 2.863768677560014923e-48
3.765811865845073498e+03 2.882218814666406847e-48
3.777394968184288700e+03 2.900755483809145605e-48
3.789013698500838473e+03 2.919378323076043018e-48
3.800668166381315132e+03 2.938086951038328069e-48
3.812358481749397015e+03 2.956880966388987015e-48
3.824084754866859384e+03 2.975759947577112012e-48
3.835847096334630805e+03 2.994723452440416871e-48
3.847645617093830424e+03 3.013771017834251151e-48
3.859480428426825711e+03 3.032902159258907176e-48
3.871351641958262917e+03 3.052116370488812800e-48
3.883259369656133458e+03 3.071413123208379268e-48
3.895203723832821652e+03 3.090791866669673390e-48
3.907184817146182013e+03 3.110252027413170668e-48
3.919202762600575170e+03 3.129793009185509399e-48
3.931257673547952436e+03 3.149414193585102987e-48
3.943349663688914461e+03 3.169114944298384664e-48
3.955478847073801717e+03 3.188894641182850746e-48
3.967645338103744962e+03 3.208753866729764316e-48
3.979849251531756636e+03 3.228688296264679266e-48
3.992090702463824528e+03 3.248699678984351809e-48
4.004369806359975428e+03 3.268787563014361609e-48
4.016686679035377438e+03 3.288950643896559067e-48
4.029041436661426360e+03 3.309188062641851924e-48
4.041434195766856647e+03 3.329498959442479269e-48
4.053865073238816422e+03 3.349882451187649623e-48
4.066334186323986160e+03 3.370337627634303288e-48
4.078841652629676446e+03 3.390863550143364410e-48
4.091387590124953476e+03 3.411459250973053170e-48
4.103972117141726812e+03 3.432123732730321524e-48
4.116595352375883522e+03 3.452855967874692310e-48
4.129257414888395942e+03 3.473654898240469022e-48
4.141958424106465827e+03 3.494519434564797284e-48
4.154698499824623468e+03 3.515448456018011936e-48
4.167477762205867293e+03 3.536440809733142443e-48
4.180296331782817106e+03 3.557495310333103509e-48
4.193154329458816392e+03 3.578610739457609176e-48
4.206051876509098292e+03 3.599785845285275036e-48
4.218989094581914287e+03 3.621019342056043731e-48
4.231966105699704713e+03 3.642309909589688878e-48
4.244983032260216532e+03 3.663656192803440832e-48
4.258039997037682951e+03 3.685056801226647402e-48
4.271137123183965741e+03 3.706510308515062650e-48
4.284274534229740311e+03 3.728015251963847935e-48
4.297452354085630759e+03 3.749570132021222606e-48
4.310670707043394032e+03 3.771173411804778316e-48
4.323929717777092264e+03 3.792823516626943118e-48
4.337229511344275124e+03 3.814518833543081767e-48
4.350570213187141235e+03 3.836257710964160426e-48
4.363951949133730523e+03 3.858038458472462763e-48
4.377374845399126571e+03 3.879859347422659088e-48
4.390839028586617133e+03 3.901718615768186175e-48
4.404344625688911037e+03 3.923614515415446711e-48
4.417891764089321441e+03 3.945551332409964923e-48
4.431480571562989098e+03 3.967508454724693486e-48
4.445111176278061066e+03 3.989502402635975637e-48
4.458783706796912156e+03 4.011525424685985719e-48
4.472498292077355472e+03 4.033575330463450812e-48
4.486255061473872956e+03 4.055650035609083217e-48
4.500054144738807736e+03 4.077747424083508563e-48
4.513895672023608313e+03 4.099865337495179287e-48
4.527779773880045468e+03 4.122001572818560228e-48
4.541706581261463725e+03 4.144153881434395647e-48
4.555676225523985522e+03 4.166319968482536298e-48
4.569688838427768133e+03 4.188497492309179486e-48
4.583744552138256040e+03 4.210684063949170721e-48
4.597843499227405118e+03 4.232877246624386135e-48
4.611985812674945919e+03 4.255074555249708946e-48
4.626171625869630589e+03 4.277273455947029578e-48
4.640401072610512529e+03 4.299471365560625317e-48
4.654674287108176031e+03 4.321665651180936159e-48
4.668991403986023215e+03 4.343853629668661542e-48
4.683352558281534584e+03 4.366032567187813603e-48
4.697757885447560511e+03 4.388199678740601476e-48
4.712207521353571792e+03 4.410352127709870723e-48
4.726701602286956586e+03 4.432487025410208199e-48
4.741240264954300983e+03 4.454601430646168733e-48
4.755823646482695949e+03 4.476692349289901947e-48
4.770451884420999704e+03 4.498756733886985009e-48
4.785125116741152851e+03 4.520791483336044909e-48
4.799843481839490778e+03 4.542793442779102129e-48
4.814607118538024224e+03 4.564759404301544392e-48
4.829416166085764416e+03 4.586686112027095229e-48
4.844270764160025465e+03 4.608570313557458212e-48
4.859171052867768594e+03 4.630420518145449871e-48
4.874117172746885444e+03 4.652197259283701352e-48
4.889109264767548666e+03 4.673932923588938140e-48
4.904147470333529782e+03 4.695612303455645159e-48
4.919231931283554331e+03 4.717231662811552875e-48
4.934362789892606997e+03 4.738787325862797278e-48
4.949540188873295847e+03 4.760275569478309093e-48
4.964764271377187470e+03 4.781692614341658393e-48
4.980035180996177587e+03 4.803034623121598112e-48
4.995353061763816186e+03 4.824297699770572820e-48
5.010718058156677216e+03 4.845477889118956250e-48
5.026130315095742844e+03 4.866571176558551417e-48
5.041589977947732223e+03 4.887573487768948709e-48
5.057097192526501203e+03 4.908480688474334833e-48
5.072652105094399303e+03 4.929288584220349092e-48
5.088254862363676693e+03 4.949992920168794382e-48
5.103905611497832069e+03 4.970589380914932135e-48
5.119604500113026006e+03 4.991073590320715840e-48
5.135351676279457024e+03 5.011441111370657137e-48
5.151147288522783128e+03 5.031687446051915486e-48
5.166991485825492418e+03 5.051808035259263481e-48
5.182884417628323718e+03 5.071798258743748198e-48
5.198826233831673562e+03 5.091653435126626727e-48
5.214817084797022289e+03 5.111368822082134441e-48
5.230857121348327382e+03 5.130939617046275487e-48
5.246946494773458653e+03 5.150360960349020741e-48
5.263085356825641611e+03 5.169627956971719444e-48
5.279273859724858994e+03 5.188736241174420259e-48
5.295512156159302322e+03 5.207679308061158375e-48
5.311800399286808897e+03 5.226452249796101269e-48
5.328138742736320637e+03 5.245051089353497244e-48
5.344527340609306520e+03 5.263470027033676349e-48
5.360966347481234152e+03 5.281703739786176020e-48
5.377455918403016767e+03 5.299746868509964439e-48
5.393996208902501166e+03 5.317593997919577125e-48
5.410587374985896531e+03 5.335239653887547871e-48
5.427229573139273270e+03 5.352678303068855851e-48
5.443922960330021851e+03 5.369904353036448793e-48
5.460667694008361650e+03 5.386912152584171341e-48
5.477463932108788867e+03 5.403695992112776141e-48
5.494311833051582653e+03 5.420250104063154482e-48
5.511211555744319412e+03 5.436568663404432186e-48
5.528163259583334366e+03 5.452645788160397192e-48
5.545167104455248591e+03 5.468475539982662968e-48
5.562223250738467868e+03 5.484051924772846063e-48
5.579331859304713362e+03 5.499368893368556915e-48
5.596493091520510461e+03 5.514420342318627117e-48
5.613707109248729466e+03 5.529200114849726007e-48
5.630974074850102625e+03 5.543702002386709538e-48
5.648294151184776638e+03 5.557919748472589976e-48
5.665667501613816967e+03 5.571847070206811378e-48
5.683094290000770343e+03 5.585478109545446055e-48
5.700574680713198177e+03 5.598805707818571406e-48
5.718108838624249984e+03 5.611822200543569082e-48
5.735696929114185878e+03 5.624523411303668055e-48
5.753339118071950907e+03 5.636901902667701363e-48
5.771035571896758483e+03 5.648951036043443054e-48
5.788786457499624703e+03 5.660664160601598668e-48
5.806591942304967233e+03 5.672034587982725483e-48
5.824452194252169647e+03 5.683055589982318236e-48
5.842367381797193957e+03 5.693720399119646197e-48
5.860337673914127663e+03 5.704022209848409190e-48
5.878363240096806294e+03 5.713954179992615720e-48
5.896444250360398655e+03 5.723509432296265703e-48
5.914580875243032096e+03 5.732681056063072457e-48
5.932773285807369575e+03 5.741462108874873009e-48
5.951021653642242200e+03 5.749845618393195885e-48
5.969326150864259944e+03 5.757824584261416879e-48
5.987686950119456014e+03 5.765391980171503871e-48
6.006104224584880285e+03 5.772540756277973061e-48
6.024578147970250029e+03 5.779263842855507531e-48
6.043108894519607929e+03 5.785554160909177626e-48
6.061696639012928244e+03 5.791404718922880389e-48
6.080341556767790280e+03 5.797016948467389221e-48
6.099043823641018207e+03 5.801757246971090896e-48
6.117803616030365447e+03 5.806244981124130080e-48
6.136621110876141756e+03 5.810264357498396148e-48
6.155496485662905798e+03 5.813808112014970072e-48
6.174429918421127695e+03 5.816869064571305535e-48
6.193421587728892518e+03 5.819440044372040409e-48
6.212471672713547377e+03 5.821513885334995499e-48
6.231580353053415820e+03 5.823083427583123016e-48
6.250747808979480396e+03 5.824141520070592277e-48
6.269974221277108882e+03 5.824681023558588213e-48
6.289259771287715921e+03 5.824694813763849596e-48
6.308604640910501985e+03 5.824175784634905479e-48
6.328009012604178679e+03 5.823116851743013242e-48
6.347473069388657677e+03 5.821510955799398316e-48
6.366996994846798771e+03 5.819351066344092340e-48
6.386580973126131539e+03 5.816630185779412119e-48
6.406225188940615226e+03 5.813341354531035572e-48
6.425929827572345857e+03 5.809477662698247194e-48
6.445695074873324302e+03 5.805032352435611355e-48
6.465521117267201589e+03 5.800007999789278241e-48
6.485408141751059702e+03 5.794368778966695829e-48
6.505356335897138706e+03 5.788137170241866044e-48
6.525365887854628454e+03 5.781296883507757134e-48
6.545436986351435735e+03 5.773841262462806598e-48
6.565569820695984163e+03 5.765763772180745069e-48
6.585764580778965865e+03 5.757057958513873747e-48
6.606021457075147737e+03 5.747717448078295676e-48
6.626340640645191343e+03 5.737735952194854082e-48
6.646722323137413696e+03 5.727107271645602948e-48
6.667166696789619891e+03 5.715825301719419290e-48
6.687673954430905724e+03 5.703884037431796662e-48
6.708244289483503053e+03 5.691277578885537692e-48
6.728877895964560594e+03 5.678000136761281573e-48
6.749574968488004743e+03 5.664046037956805360e-48
6.770335702266359476e+03 5.649409731420736175e-48
6.791160293112614454e+03 5.634085794395059582e-48
6.812048937442032184e+03 5.618068940204435004e-48
6.833001832274028857e+03 5.601354038221783690e-48
6.854019175234014256e+03 5.583936627365679071e-48
6.875101164555290779e+03 5.565810301537724700e-48
6.896247999080874251e+03 5.546971506781555049e-48
6.917459878265393854e+03 5.527415764761393279e-48
6.938737002176995702e+03 5.507138530784644815e-48
6.960079571499183658e+03 5.486135613717953437e-48
6.981487787532744733e+03 5.464403018170119679e-48
7.002961852197629014e+03 5.441936943062647485e-48
7.024501968034887796e+03 5.418733787456158328e-48
7.046108338208537134e+03 5.394790157492897666e-48
7.067781166507503258e+03 5.370102873673291511e-48
7.089520657347531596e+03 5.344668978321217758e-48
7.111327015773143103e+03 5.318485743186317559e-48
7.133200447459525094e+03 5.291550677179479212e-48
7.155141158714498488e+03 5.263861534236671743e-48
7.177149356480453207e+03 5.235416321323607641e-48
7.199225248336322693e+03 5.206213306634927678e-48
7.221369042499505667e+03 5.176251028216259686e-48
7.243580947827844284e+03 5.145528304565671415e-48
7.265861173821623197e+03 5.114044269397020017e-48
7.288209930625494962e+03 5.081819337524703630e-48
7.310627429030498206e+03 5.048789932753325804e-48
7.333113880476023041e+03 5.015019356674605965e-48
7.355669497051842882e+03 4.980486896091140096e-48
7.378294491500066215e+03 4.945193186286621186e-48
7.400989077217172053e+03 4.909139223563521751e-48
7.423753468256009910e+03 4.872326354713665698e-48
7.446587879327848896e+03 4.834756284334825497e-48
7.469492525804355864e+03 4.796431083808095680e-48
7.492467623719658150e+03 4.757353200643402659e-48
7.515513389772365372e+03 4.717525467986720571e-48
7.538630041327644904e+03 4.676951114233909741e-48
7.561817796419224578e+03 4.635633772739250106e-48
7.585076873751474523e+03 4.593577491609462711e-48
7.608407492701490810e+03 4.550786743583885317e-48
7.631809873321118175e+03 4.507266436013000836e-48
7.655284236339058225e+03 4.463021920997495841e-48
7.678830803162934899e+03 4.418059006045323734e-48
7.702449795881413593e+03 4.372383968591670604e-48
7.726141437266250250e+03 4.326003721519808265e-48
7.749905950774422308e+03 4.278925025276975534e-48
7.773743560550220536e+03 4.231155936833203889e-48
7.797654491427396351e+03 4.182704723746617355e-48
7.821638968931233649e+03 4.133580071374283107e-48
7.845697219280709760e+03 4.083791250695208239e-48
7.869829469390608210e+03 4.033348073037367607e-48
7.894035946873696048e+03 3.982260897696231502e-48
7.918316880042822049e+03 3.930540641933689034e-48
7.942672497913089501e+03 3.878198791310327630e-48
7.967103030204047172e+03 3.825247410085763998e-48
7.991608707341802074e+03 3.771699151628357018e-48
8.016189760461229525e+03 3.717567268814470339e-48
8.040846421408131391e+03 3.662865624404294147e-48
8.065578922741461611e+03 3.607608701390742662e-48
8.090387497735467150e+03 3.551811613318087365e-48
8.115272380381921721e+03 3.495490114603685327e-48
8.140233805392314935e+03 3.438660611068240533e-48
8.165272008200102391e+03 3.381340172555665615e-48
8.190387224962873006e+03 3.323546619587162738e-48
8.215579692564611832e+03 3.265298151030898971e-48
8.240849648617919229e+03 3.206613987721376582e-48
8.266197331466277319e+03 3.147514011377601115e-48
8.291622980186260975e+03 3.088018693740907542e-48
8.317126834589807913e+03 3.028149271470104569e-48
8.342709135226503349e+03 2.967927712566536324e-48
8.368370123385813713e+03 2.907376723582318848e-48
8.394110041099376758e+03 2.846519758323538726e-48
8.419929131143280756e+03 2.785381026593076633e-48
8.445827637040385525e+03 2.723985502786832998e-48
8.471805803062563427e+03 2.662358934295457393e-48
8.497863874233044044e+03 2.600527849688077310e-48
8.524002096328704283e+03 2.538519566664265505e-48
8.550220715882420336e+03 2.476362199760874013e-48
8.576519980185345048e+03 2.414084667815444961e-48
8.602900137289268969e+03 2.351716701240730679e-48
8.629361436008948658e+03 2.289288849572784920e-48
8.655904125924484106e+03 2.226832496807991792e-48
8.682528457383623390e+03 2.164380694805152912e-48
8.709234681504149194e+03 2.101963867940380310e-48
8.736023050176270772e+03 2.039618529999061683e-48
8.762893816064950443e+03 1.977378544694340560e-48
8.789847232612322841e+03 1.915279489765367545e-48
8.816883554040063245e+03 1.853357804111345755e-48
8.844003035351823200e+03 1.791650787592067994e-48
8.871205932335584293e+03 1.730196604015745000e-48
8.898492501566106512e+03 1.669034283999728299e-48
8.925863000407322033e+03 1.608203727403892110e-48
8.953317687014809053e+03 1.547745705267497006e-48
8.980856820338169200e+03 1.487701861223328215e-48
9.008480660123505004e+03 1.428114712361088542e-48
9.036189466915848243e+03 1.369027649527629383e-48
9.063983502061664694e+03 1.310484937058821418e-48
9.091863027711249742e+03 1.252531712012471653e-48
9.119828306821240403e+03 1.195213983622632439e-48
9.147879603157118254e+03 1.138578652103668958e-48
9.176017181295641421e+03 1.082673438009292459e-48
9.204241306627376616e+03 1.027546849110241931e-48
9.232552245359187509e+03 9.732484968479906205e-49
9.260950264516777679e+03 9.198286428503711717e-49
9.289435631947157162e+03 8.673384471454416642e-49
9.318008616321205409e+03 8.158299118483211548e-49
9.346669487136185126e+03 7.653558721830990769e-49
9.375418514718323422e+03 7.159699879583734352e-49
9.404255970225302008e+03 6.677267343310727236e-49
9.433182125648854708e+03 6.206813917082718001e-49
9.462197253817317687e+03 5.748900347398049456e-49
9.491301628398232424e+03 5.304095203715522936e-49
9.520495523900877743e+03 4.872974749373471238e-49
9.549779215678880064e+03 4.456122802799525417e-49
9.579152979932845483e+03 4.054130589629599251e-49
9.608617093712906353e+03 3.667596592870895382e-49
9.638171834921369737e+03 3.297126618609744457e-49
9.667817482315322195e+03 2.943332599678343316e-49
9.697554315509292792e+03 2.606833406021616146e-49
9.727382614977843332e+03 2.288255520326292084e-49
9.757302662058238639e+03 1.988230500699564972e-49
9.787314738953087726e+03 1.707396275172501467e-49
9.817419128733050457e+03 1.446396567381231504e-49
9.847616115339435055e+03 1.205880581399828354e-49
9.877905983586924776e+03 9.865025675441112450e-50
9.908289019166246362e+03 7.889210134331278268e-50
9.938765508646893068e+03 6.137999399722922079e-50
9.969335739479784024e+03 4.618202473557886483e-50
1.000000000000000000e+04 3.336439132352106841e-50
