1.000000000000000000e+00 1.986094068627851750e-33
1.003075857942949956e+00 2.203322518709106755e-33
1.006161176787985001e+00 2.454673396213242428e-33
1.009255985635496122e+00 2.745708814546551165e-33
1.012360313675382706e+00 3.101849256389682736e-33
1.015474190187328318e+00 3.516394891000793774e-33
1.018597644541076708e+00 3.965900097744261428e-33
1.021730706196708249e+00 4.430759841064922898e-33
1.024873404704919277e+00 5.012253810904979224e-33
1.028025769707298975e+00 5.629333310536781274e-33
1.031187830936610261e+00 6.092396005177871986e-33
1.034359618217070009e+00 6.188864793015838804e-33
1.037541161464629491e+00 6.076447399398995557e-33
1.040732490687257927e+00 5.862857521582068770e-33
1.043933635985224262e+00 5.586568483277746877e-33
1.047144627551382046e+00 5.266236630838278651e-33
1.050365495671453209e+00 4.697300733684825479e-33
1.053596270724314721e+00 3.992658556527086964e-33
1.056836983182284584e+00 3.335528595454916931e-33
1.060087663611408937e+00 2.823247159109586941e-33
1.063348342671751157e+00 2.397847074710947385e-33
1.066619051117680739e+00 2.027179503061389241e-33
1.069899819798162621e+00 1.716639066795871213e-33
1.073190679657049618e+00 1.465247471966614250e-33
1.076491661733372407e+00 1.259103613537011515e-33
1.079802797161634409e+00 1.086531992997744171e-33
1.083124117172103329e+00 9.423083829238570372e-34
1.086455653091107809e+00 8.217189643123776718e-34
1.089797436341330972e+00 7.203386942553532863e-34
1.093149498442107737e+00 6.343505087332373549e-34
1.096511871009722583e+00 5.610565286100216714e-34
1.099884585757706645e+00 4.982762532269481876e-34
1.103267674497137696e+00 4.442715685750692673e-34
1.106661169136939460e+00 3.976061878550658970e-34
1.110065101684183597e+00 3.570692638496442468e-34
1.113479504244390350e+00 3.216710983710896759e-34
1.116904409021832301e+00 2.906479756890127669e-34
1.120339848319837905e+00 2.633898216680744312e-34
1.123785854541095697e+00 2.393316515961368339e-34
1.127242460187960704e+00 2.180024652667805894e-34
1.130709697862760210e+00 1.990336834860639286e-34
1.134187600268101725e+00 1.821381137654519424e-34
1.137676200207181632e+00 1.670352518841016684e-34
1.141175530584093822e+00 1.534877965645636728e-34
1.144685624404141011e+00 1.413100829979149169e-34
1.148206514774145148e+00 1.303785677926294902e-34
1.151738234902759839e+00 1.206984995989080668e-34
1.155280818100784535e+00 1.194765304850789178e-34
1.158834297781477618e+00 1.041876279501837533e-34
1.162398707460871483e+00 9.587421494640123391e-35
1.165974080758089615e+00 8.898643246266849191e-35
1.169560451395663003e+00 8.276026501023577192e-35
1.173157853199848333e+00 7.707518768024013457e-35
1.176766320100947283e+00 7.187051843820293526e-35
1.180385886133625606e+00 6.709260308963292918e-35
1.184016585437235758e+00 6.269501704782187854e-35
1.187658452256137087e+00 5.863818578887815682e-35
1.191311520940020685e+00 5.489129658477483784e-35
1.194975825944231795e+00 5.142282504957613734e-35
1.198651401830095553e+00 4.820369271901779730e-35
1.202338283265242502e+00 4.520793757596193422e-35
1.206036505023936778e+00 4.244624699974537358e-35
1.209746101987402067e+00 3.988224411363334482e-35
1.213467109144152678e+00 3.749186525457673816e-35
1.217199561590322165e+00 3.525886037197269952e-35
1.220943494529994844e+00 3.316994502647926406e-35
1.224698943275537966e+00 3.121198089040241082e-35
1.228465943247934122e+00 2.937259015040592575e-35
1.232244529977116754e+00 2.764046415717901476e-35
1.236034739102303437e+00 2.600592771088007393e-35
1.239836606372333172e+00 2.445970401593311947e-35
1.243650167646003668e+00 2.299301122124704962e-35
1.247475458892408406e+00 2.159947833912567322e-35
1.251312516191277702e+00 2.031416357471922660e-35
1.255161375733317319e+00 1.909377435088462383e-35
1.259022073820550425e+00 1.793280910881465511e-35
1.262894646866660642e+00 1.682623964145779677e-35
1.266779131397334446e+00 1.576933786167047430e-35
1.270675564050605999e+00 1.475810971837751694e-35
1.274583981577203318e+00 1.378913903154755919e-35
1.278504420840894218e+00 1.285945736410765140e-35
1.282436918818834259e+00 1.196666540543189591e-35
1.286381512601915356e+00 1.110838394133293062e-35
1.290338239395115716e+00 1.028267108468489896e-35
1.294307136517851120e+00 9.499608187624767174e-36
1.298288241404326415e+00 8.781476298389108876e-36
1.302281591603888344e+00 8.095618371241573588e-36
1.306287224781380596e+00 7.440821664764238544e-36
1.310305178717498187e+00 6.816453288498734191e-36
1.314335491309144732e+00 6.222702552103237828e-36
1.318378200569789049e+00 5.660418433793752739e-36
1.322433344629823537e+00 5.130181358848341914e-36
1.326500961736924999e+00 4.632398838621424056e-36
1.330581090256414134e+00 4.167105677870952926e-36
1.334673768671618133e+00 3.734177110847371270e-36
1.338779035584233723e+00 3.333524963681860985e-36
1.342896929714690213e+00 2.974882679801144108e-36
1.347027489902516084e+00 2.656369476486805266e-36
1.351170755106704480e+00 2.364912055378492881e-36
1.355326764406081130e+00 2.099317563395632026e-36
1.359495556999672061e+00 1.858293949726468120e-36
1.363677172207074628e+00 1.640465028767165290e-36
1.367871649468827222e+00 1.444388828290600821e-36
1.372079028346781859e+00 1.268580024906285403e-36
1.376299348524477217e+00 1.111536734576155881e-36
1.380532649807513002e+00 9.717630367037347812e-37
1.384778972123924978e+00 8.477896368762012418e-37
1.389038355524562451e+00 7.381884581026322117e-37
1.393310840183464627e+00 6.449460320784442665e-37
1.397596466398240977e+00 5.639473753572951964e-37
1.401895274590450713e+00 4.924595704985378142e-37
1.406207305305983812e+00 4.294995980603816827e-37
1.410532599215443161e+00 3.741594355194271805e-37
1.414871197114529799e+00 3.256056632771573325e-37
1.419223139924425503e+00 2.830778068972958348e-37
1.423588468692180253e+00 2.458859743241830370e-37
1.427967224591099038e+00 2.134071492253604022e-37
1.432359448921129541e+00 1.850812213734565208e-37
1.436765183109252941e+00 1.604066778108685007e-37
1.441184468709873379e+00 1.389363547840877516e-37
1.445617347405210529e+00 1.209748703060487234e-37
1.450063861005693067e+00 1.053482543365373685e-37
1.454524051450352129e+00 9.170251245789670891e-38
1.458997960807217220e+00 7.979446900866008545e-38
1.463485631273713672e+00 6.940914627075563403e-38
1.467987105177060103e+00 6.035682971726193319e-38
1.472502424974666990e+00 5.247036510015827352e-38
1.477031633254538123e+00 4.560274021477773915e-38
1.481574772735672285e+00 3.962482446391909107e-38
1.486131886268465596e+00 3.442331021143073292e-38
1.490703016835115413e+00 2.989890037557465994e-38
1.495288207550027115e+00 2.598190782806744318e-38
1.499887501660219113e+00 2.267755660042113558e-38
1.504500942545731856e+00 1.979088641140581979e-38
1.509128573720036837e+00 1.726962584489697594e-38
1.513770438830446041e+00 1.506793909195155728e-38
1.518426581658525620e+00 1.314565433914432428e-38
1.523097046120506226e+00 1.146757995600433022e-38
1.527781876267699346e+00 1.000290033263778376e-38
1.532481116286912304e+00 8.724645801491747511e-39
1.537194810500863928e+00 7.609221355599192156e-39
1.541923003368604439e+00 6.635990600754045702e-39
1.546665739485932889e+00 5.786910070297402657e-39
1.551423063585819051e+00 5.053652132187781065e-39
1.556195020538825080e+00 4.425493166789034031e-39
1.560981655353528508e+00 3.875255410743873040e-39
1.565783013176946792e+00 3.393303363818599057e-39
1.570599139294962976e+00 2.971187059351163416e-39
1.575430079132753791e+00 2.601497539903472258e-39
1.580275878255216204e+00 2.277739322828219388e-39
1.585136582367399738e+00 1.994218492269698172e-39
1.590012237314934795e+00 1.745944501380902948e-39
1.594902889084467645e+00 1.528543876603053532e-39
1.599808583804091633e+00 1.338184190718759102e-39
1.604729367743784829e+00 1.171507425945087431e-39
1.609665287315844573e+00 1.027626803607440613e-39
1.614616389075325786e+00 9.028101245680366038e-40
1.619582719720479957e+00 7.931410936996524400e-40
1.624564326093196565e+00 6.967836270468679933e-40
1.629561255179443391e+00 6.121237918026217086e-40
1.634573554109710392e+00 5.377430324197372050e-40
1.639601270159454671e+00 4.723945522780135272e-40
1.644644450749545239e+00 4.149825622585002583e-40
1.649703143446711762e+00 3.645440312492732507e-40
1.654777395963991538e+00 3.202326497429775907e-40
1.659867256161181359e+00 2.813046969616842797e-40
1.664972772045287153e+00 2.471066248878600744e-40
1.670093991770977837e+00 2.175742158271406197e-40
1.675230963641039406e+00 1.916973405733395127e-40
1.680383736106830339e+00 1.688968274897162752e-40
1.685552357768738352e+00 1.488071773064348677e-40
1.690736877376639358e+00 1.311062774225947976e-40
1.695937343830356436e+00 1.155102613736207116e-40
1.701153806180122352e+00 1.017689696485757647e-40
1.706386313627040963e+00 8.966195198930902908e-41
1.711634915523551514e+00 7.899494103981022316e-41
1.716899661373894936e+00 6.959674767502322861e-41
1.722180600834579911e+00 6.131652067919337250e-41
1.727477783714851167e+00 5.402133231452971854e-41
1.732791259977159770e+00 4.771652796456620892e-41
1.738121079737634744e+00 4.214793232644836420e-41
1.743467293266554252e+00 3.722920838843463053e-41
1.748829950988821658e+00 3.288454423831561292e-41
1.754209103484439147e+00 2.904696682926658615e-41
1.759604801488986681e+00 2.565731254025049552e-41
1.765017095894099386e+00 2.266331697883517755e-41
1.770446037747947621e+00 2.001881088535233927e-41
1.775891678255718586e+00 1.768300969984235189e-41
1.781354068780100164e+00 1.561988606794919224e-41
1.786833260841763416e+00 1.379761523264451848e-41
1.792329306119850640e+00 1.219389080659560937e-41
1.797842256452461207e+00 1.079563930295403535e-41
1.803372163837141384e+00 9.557864351154273862e-42
1.808919080431374615e+00 8.462150141957486263e-42
1.814483058553072903e+00 7.492193304432744066e-42
1.820064150681071524e+00 6.633560707557966269e-42
1.825662409455622193e+00 5.873475085389637733e-42
1.831277887678891325e+00 5.200625120162033236e-42
1.836910638315456978e+00 4.604997346224226539e-42
1.842560714492808671e+00 4.077727310628889989e-42
1.848228169501848539e+00 3.610967804526774364e-42
1.853913056797394487e+00 3.197772187535260173e-42
1.859615429998683345e+00 2.834359168088826878e-42
1.865335342889876902e+00 2.515149140081192616e-42
1.871072849420569950e+00 2.232009854040214106e-42
1.876828003706298098e+00 1.980862570733520627e-42
1.882600860029048917e+00 1.758089677644006281e-42
1.888391472837773533e+00 1.560482576340253533e-42
1.894199896748900214e+00 1.385195464241138440e-42
1.900026186546850182e+00 1.229704334754222362e-42
1.905870397184552978e+00 1.091770597722120289e-42
1.911732583783966266e+00 9.694088159767023847e-43
1.917612801636594311e+00 8.608580894560514458e-43
1.923511106204010668e+00 7.645566758798292188e-43
1.929427553118380434e+00 6.798619342428235263e-43
1.935362198182985827e+00 6.049937012505376533e-43
1.941315097372751985e+00 5.384520322895485868e-43
1.947286306834774328e+00 4.793083147234681062e-43
1.953275882888849679e+00 4.267375520643359937e-43
1.959283882028005852e+00 3.800068051062129517e-43
1.965310360919035437e+00 3.384649217829119469e-43
1.971355376403029824e+00 3.015334114985954708e-43
1.977418985495916104e+00 2.686983384126856152e-43
1.983501245388993306e+00 2.395031183735100004e-43
1.989602213449474188e+00 2.135421191988880710e-43
1.995721947221023473e+00 1.904549746035987220e-43
2.001860504424302523e+00 1.701654142864856814e-43
2.008017942957513569e+00 1.521887510269842970e-43
2.014194320896945722e+00 1.361672932748990410e-43
2.020389696497520760e+00 1.218866300446648583e-43
2.026604128193346899e+00 1.091559112798656128e-43
2.032837674598265032e+00 9.780525840512935991e-44
2.039090394506406057e+00 8.768345934927256766e-44
2.045362346892741545e+00 7.865591678432866478e-44
2.051653590913641967e+00 7.060282183198756088e-44
2.057964185907435350e+00 6.341752843734297253e-44
2.064294191394965505e+00 5.700510638259549961e-44
2.070643667080152905e+00 5.128604988691618020e-44
2.077012672850560016e+00 4.622862495766916306e-44
2.083401268777954840e+00 4.170558335583184405e-44
2.089809515118877581e+00 3.765926407846802140e-44
2.096237472315208183e+00 3.403826582282984655e-44
2.102685200994737880e+00 3.079676645996017564e-44
2.109152761971740730e+00 2.789391648721276206e-44
2.115640216247546501e+00 2.529329842450617945e-44
2.122147625011115313e+00 2.296244497918328832e-44
2.128675049639618067e+00 2.087240961101183120e-44
2.135222551699011095e+00 1.899738379076218469e-44
2.141790192944620586e+00 1.731435587934546542e-44
2.148378035321721224e+00 1.580689144957892653e-44
2.154986140966124619e+00 1.446023246302786793e-44
2.161614572204762386e+00 1.324784384121602219e-44
2.168263391556274566e+00 1.215560003571156337e-44
2.174932661731600270e+00 1.117088702306686498e-44
2.181622445634568308e+00 1.028243975128340175e-44
2.188332806362491390e+00 9.480197086842389267e-45
2.195063807206758977e+00 8.755172378430327021e-45
2.201815511653437696e+00 8.099337958514256341e-45
2.208587983383867304e+00 7.505522079144000133e-45
2.215381286275262429e+00 6.967316942763493790e-45
2.222195484401314314e+00 6.478996635371123789e-45
2.229030642032797438e+00 6.037055637206687041e-45
2.235886823638172594e+00 5.636305233091387159e-45
2.242764093884197063e+00 5.271077927775003300e-45
2.249662517636533909e+00 4.937812744700861981e-45
2.256582159960362599e+00 4.633321518403779719e-45
2.263523086120995842e+00 4.354749309919478934e-45
2.270485361584491546e+00 4.099539042029858280e-45
2.277469052018272322e+00 3.865399904862589720e-45
2.284474223291745432e+00 3.650279129393154253e-45
2.291500941476921405e+00 3.452336769673456899e-45
2.298549272849040648e+00 3.269923172063566937e-45
2.305619283887194726e+00 3.101558845186743503e-45
2.312711041274957857e+00 2.946449281780838396e-45
2.319824611901011302e+00 2.802928841567854303e-45
2.326960062859777079e+00 2.669737006306457561e-45
2.334117461452051678e+00 2.545934847370671331e-45
2.341296875185637116e+00 2.430677785885485944e-45
2.348498371775980420e+00 2.323205763632412202e-45
2.355722019146812674e+00 2.222834449945390361e-45
2.362967885430787174e+00 2.128947375270764535e-45
2.370236038970125136e+00 2.040988893272256876e-45
2.377526548317257404e+00 1.958457883893850330e-45
2.384839482235472818e+00 1.880902118955990777e-45
2.392174909699567475e+00 1.807913220282721464e-45
2.399532899896492211e+00 1.739285286224680685e-45
2.406913522226008517e+00 1.674494236090520536e-45
2.414316846301340913e+00 1.613234469190822431e-45
2.421742941949834638e+00 1.555237378033547349e-45
2.429191879213613792e+00 1.500259194744465803e-45
2.436663728350242142e+00 1.448078492995218584e-45
2.444158559833386146e+00 1.398493948911703448e-45
2.451676444353478423e+00 1.351322333847555548e-45
2.459217452818386107e+00 1.306396714755851505e-45
2.466781656354078756e+00 1.263564840436554655e-45
2.474369126305298483e+00 1.222687694208799737e-45
2.481979934236234531e+00 1.183645934375056070e-45
2.489614151931197394e+00 1.146348057537647202e-45
2.497271851395295172e+00 1.110646341034901404e-45
2.504953104855114354e+00 1.076444354912998985e-45
2.512657984759400165e+00 1.043653422282711332e-45
2.520386563779738687e+00 1.012191888132411653e-45
2.528138914811244753e+00 9.819844618722937669e-46
2.535915110973247621e+00 9.529616259827201875e-46
2.543715225609981534e+00 9.250591039602945873e-46
2.551539332291276274e+00 8.982173814349426672e-46
2.559387504813253056e+00 8.723812749916319943e-46
2.567259817199019967e+00 8.474995437856603261e-46
2.575156343699367412e+00 8.235288410709554640e-46
2.583077158793472883e+00 8.004257252511150771e-46
2.591022337189600400e+00 7.781415380710707156e-46
2.598991953825805723e+00 7.566379612427026315e-46
2.606986083870643345e+00 7.358791346027084042e-46
2.615004802723876587e+00 7.158314525831102079e-46
2.623048186017186811e+00 6.964633800293406846e-46
2.631116309614887960e+00 6.777452854340071787e-46
2.639209249614641983e+00 6.596492898269748872e-46
2.647327082348176042e+00 6.421491297527749427e-46
2.655469884382003265e+00 6.252200329312800291e-46
2.663637732518143508e+00 6.088386053348280003e-46
2.671830703794850770e+00 5.929843819721436077e-46
2.680048875487335280e+00 5.776354041125731152e-46
2.688292325108496694e+00 5.627707074909864163e-46
2.696561130409652840e+00 5.483715511274108592e-46
2.704855369381273356e+00 5.344201320926069149e-46
2.713175120253715544e+00 5.208995223619255878e-46
2.721520461497962007e+00 5.077936110214885439e-46
2.729891471826360938e+00 4.950870513231860905e-46
2.738288230193369088e+00 4.827652121132331625e-46
2.746710815796295613e+00 4.708141332332063251e-46
2.755159308076049030e+00 4.592204845089663800e-46
2.763633786717886842e+00 4.479731917054620275e-46
2.772134331652167827e+00 4.370609634380686712e-46
2.780661023055104319e+00 4.264695170433276936e-46
2.789213941349519388e+00 4.161875788905275083e-46
2.797793167205605780e+00 4.062044777390083468e-46
2.806398781541685761e+00 3.965099824180434584e-46
2.815030865524975834e+00 3.870942785659395940e-46
2.823689500572349687e+00 3.779479470007776367e-46
2.832374768351109573e+00 3.690619435861730681e-46
2.841086750779753256e+00 3.604285391070519165e-46
2.849825530028748499e+00 3.520396487873773647e-46
2.858591188521308890e+00 3.438859843632826062e-46
2.867383808934168332e+00 3.359598337693919176e-46
2.876203474198364418e+00 3.282539281783490308e-46
2.885050267500017362e+00 3.207609197468786581e-46
2.893924272281117371e+00 3.134739329615633891e-46
2.902825572240308460e+00 3.063863461113123994e-46
2.911754251333682042e+00 2.994917801547194273e-46
2.920710393775564739e+00 2.927840882132720425e-46
2.929694084039315527e+00 2.862573456470247982e-46
2.938705406858121094e+00 2.799058406813045956e-46
2.947744447225795206e+00 2.737240655243013394e-46
2.956811290397581171e+00 2.677067079487098545e-46
2.965906021890954314e+00 2.618486433094923028e-46
2.975028727486430657e+00 2.561449394974230033e-46
2.984179493228373836e+00 2.505908425862998976e-46
2.993358405425808666e+00 2.451817074559261583e-46
3.002565550653232940e+00 2.401026594250030066e-46
3.011801015751437216e+00 2.356240833851683200e-46
3.021064887828321055e+00 2.312364743833651354e-46
3.030357254259714583e+00 2.269377790468559111e-46
3.039678202690205389e+00 2.227259968267059136e-46
3.049027821033961860e+00 2.185991783160378808e-46
3.058406197475564081e+00 2.145554236441322511e-46
3.067813420470836494e+00 2.105928809339855789e-46
3.077249578747679681e+00 2.067097448266423324e-46
3.086714761306909693e+00 2.029042618523096008e-46
3.096209057423096489e+00 1.991747143818690052e-46
3.105732556645404596e+00 1.955194204546356542e-46
3.115285348798440435e+00 1.919367476612042448e-46
3.124867523983097417e+00 1.884251035994514005e-46
3.134479172577407269e+00 1.849829347423160322e-46
3.144120385237390014e+00 1.816087253311891959e-46
3.153791252897912845e+00 1.783009963135565906e-46
3.163491866773544992e+00 1.750583043312788583e-46
3.173222318359417926e+00 1.718792407507857989e-46
3.182982699432089557e+00 1.687624307041008672e-46
3.192773102050409761e+00 1.657065321658147074e-46
3.202593618556388133e+00 1.627102378323087977e-46
3.212444341576065732e+00 1.597722666331809463e-46
3.222325364020386829e+00 1.568913686448605420e-46
3.232236779086077760e+00 1.540663247774985904e-46
3.242178680256524448e+00 1.512959446297997001e-46
3.252151161302653470e+00 1.485790657677700022e-46
3.262154316283819799e+00 1.459145529802347499e-46
3.272188239548689648e+00 1.433012975648621102e-46
3.282253025736132646e+00 1.407382166395000621e-46
3.292348769776114459e+00 1.382242525205748032e-46
3.302475566890591629e+00 1.357583720561789916e-46
3.312633512594409968e+00 1.333395659898698693e-46
3.322822702696205610e+00 1.309668494932689418e-46
3.333043233299307850e+00 1.286392580902026764e-46
3.343295200802646860e+00 1.263558505899953125e-46
3.353578701901661852e+00 1.241157075026632070e-46
3.363893833589213678e+00 1.219179303453902547e-46
3.374240693156499216e+00 1.197616411975065695e-46
3.384619378193969297e+00 1.176459821511191401e-46
3.395029986592249749e+00 1.155701147953096047e-46
3.405472616543062436e+00 1.135332196902129174e-46
3.415947366540153851e+00 1.115344960289810185e-46
3.426454335380225036e+00 1.095731611190879775e-46
3.436993622163859285e+00 1.076484499652282710e-46
3.447565326296460064e+00 1.057596149442225560e-46
3.458169547489188034e+00 1.039059246032372824e-46
3.468806385759899857e+00 1.020866643352073188e-46
3.479475941434094999e+00 1.003011355232182959e-46
3.490178315145858079e+00 9.854865512043759629e-47
3.500913607838810560e+00 9.682855529836833322e-47
3.511681920767063314e+00 9.514018309379245210e-47
3.522483355496167867e+00 9.348290005221993905e-47
3.533318013904079624e+00 9.185608194588290737e-47
3.544185998182114439e+00 9.025911828905871687e-47
3.555087410835914508e+00 8.869141204576294745e-47
3.566022354686415596e+00 8.715237939676122401e-47
3.576990932870813822e+00 8.564144940699596555e-47
3.587993248843543981e+00 8.415806350379441064e-47
3.599029406377249884e+00 8.270167543786647207e-47
3.610099509563765796e+00 8.127175090919606767e-47
3.621203662815096980e+00 7.986776732254683301e-47
3.632341970864406022e+00 7.848921343834473161e-47
3.643514538766999600e+00 7.713558910689070958e-47
3.654721471901319685e+00 7.580640503692934390e-47
3.665962875969936530e+00 7.450118261448761092e-47
3.677238857000548311e+00 7.321945350570544371e-47
3.688549521346977222e+00 7.196075940725995405e-47
3.699894975690176224e+00 7.072465192911590002e-47
3.711275327039233574e+00 6.951069238347079072e-47
3.722690682732380907e+00 6.831845152878386139e-47
3.734141150438008872e+00 6.714750924631664227e-47
3.745626838155678762e+00 6.599745439170408744e-47
3.757147854217146143e+00 6.486788444743848350e-47
3.768704307287376931e+00 6.375840546864232776e-47
3.780296306365576342e+00 6.266863209589554769e-47
3.791923960786215186e+00 6.159818713769716659e-47
3.803587380220061487e+00 6.054670124779791645e-47
3.815286674675215206e+00 5.951381273751546819e-47
3.827021954498146084e+00 5.849916776056924518e-47
3.838793330374732804e+00 5.750241994649237503e-47
3.850600913331308828e+00 5.652323008420975948e-47
3.862444814735709109e+00 5.556126591550694179e-47
3.874325146298319478e+00 5.461620231110186456e-47
3.886242020073131798e+00 5.368772095279265741e-47
3.898195548458799120e+00 5.277551011497786771e-47
3.910185844199697947e+00 5.187926438632670576e-47
3.922213020386989157e+00 5.099868481781673139e-47
3.934277190459687823e+00 5.013347867467667653e-47
3.946378468205729906e+00 4.928335925661949974e-47
3.958516967763046956e+00 4.844804564480037901e-47
3.970692803620642586e+00 4.762726277648237435e-47
3.982906090619673378e+00 4.682074126552568581e-47
3.995156943954529360e+00 4.602821721817323568e-47
4.007445479173923353e+00 4.528061210349794601e-47
4.019771812181978987e+00 4.456493454710177734e-47
4.032136059239324943e+00 4.386023359266264734e-47
4.044538336964190961e+00 4.316634413919800858e-47
4.056978762333507404e+00 4.248310355135858943e-47
4.069457452684010157e+00 4.181035167497309241e-47
4.081974525713344626e+00 4.114793079072293083e-47
4.094530099481179519e+00 4.049568557090839410e-47
4.107124292410314403e+00 3.985346302975955288e-47
4.119757223287807690e+00 3.922111249788477230e-47
4.132429011266082419e+00 3.859848558866263730e-47
4.145139775864062237e+00 3.798543615309211957e-47
4.157889636968290503e+00 3.738182026549073693e-47
4.170678714834068934e+00 3.678749616690036669e-47
4.183507130086582926e+00 3.620232423442424700e-47
4.196375003722047303e+00 3.562616695229472033e-47
4.209282457108842301e+00 3.505888890396500619e-47
4.222229611988660203e+00 3.450035670378333748e-47
4.235216590477653753e+00 3.395043896621489932e-47
4.248243515067587239e+00 3.340900628383073224e-47
4.261310508626993787e+00 3.287593123124333240e-47
4.274417694402329992e+00 3.235108829341163774e-47
4.287565196019142988e+00 3.183435382458106265e-47
4.300753137483232180e+00 3.132607159002197071e-47
4.313981643181826975e+00 3.082740253258877122e-47
4.327250837884747625e+00 3.033644633780398710e-47
4.340560846745591839e+00 2.985308704150012030e-47
4.353911795302911614e+00 2.937721041807207254e-47
4.367303809481398069e+00 2.890870400006525269e-47
4.380737015593066275e+00 2.844745701252467144e-47
4.394211540338452515e+00 2.799336030696673636e-47
4.407727510807805338e+00 2.754630636689169616e-47
4.421285054482281929e+00 2.710619623595988011e-47
4.434884299235156924e+00 2.667294724184903985e-47
4.448525373333023225e+00 2.624642762484571646e-47
4.462208405437003478e+00 2.582653617568450680e-47
4.475933524603965097e+00 2.541317323971665379e-47
4.489700860287733519e+00 2.500624068468610166e-47
4.503510542340317002e+00 2.460564178379576690e-47
4.517362701013133197e+00 2.421128124761502327e-47
4.531257466958230395e+00 2.382306524579193341e-47
4.545194971229524761e+00 2.344090139730519193e-47
4.559175345284036673e+00 2.306469862385204895e-47
4.573198720983129739e+00 2.269436719473166681e-47
4.587265230593754239e+00 2.232981874792283744e-47
4.601375006789694133e+00 2.197096630494624444e-47
4.615528182652819389e+00 2.161772409172562893e-47
4.629724891674340981e+00 2.127000759658409201e-47
4.643965267756070325e+00 2.092773359065246607e-47
4.658249445211681383e+00 2.059082016720453491e-47
4.672577558767977202e+00 2.025918653480747965e-47
4.686949743566163562e+00 1.993275308050251439e-47
4.701366135163118187e+00 1.961144139253798647e-47
4.715826869532674159e+00 1.929517432709490419e-47
4.730332083066902449e+00 1.898387576986604991e-47
4.744881912577394445e+00 1.867747070539700946e-47
4.759476495296555143e+00 1.837588524147546960e-47
4.774115968878896332e+00 1.807904670487431106e-47
4.788800471402336001e+00 1.778688337231203523e-47
4.803530141369501294e+00 1.749932454259247805e-47
4.818305117709032359e+00 1.721630056277361269e-47
4.833125539776893298e+00 1.693774295402217025e-47
4.847991547357690223e+00 1.666358411744715217e-47
4.862903280665983985e+00 1.639375739938982744e-47
4.877860880347618000e+00 1.612819712468331842e-47
4.892864487481039859e+00 1.586683874983652174e-47
4.907914243578635372e+00 1.560961854973439384e-47
4.923010290588063498e+00 1.535647367025857217e-47
4.938152770893592169e+00 1.510734217031328611e-47
4.953341827317444768e+00 1.486216319836359066e-47
4.968577603121145714e+00 1.462087667271817472e-47
4.983860242006868724e+00 1.438342330868141712e-47
4.999189888118797498e+00 1.414974467405162739e-47
5.014566686044481969e+00 1.391311554516364139e-47
5.029990780816204321e+00 1.368005762402465764e-47
5.045462317912342343e+00 1.345088530065538698e-47
5.060981443258746992e+00 1.322553481765537177e-47
5.076548303230116410e+00 1.300394366406987393e-47
5.092163044651376147e+00 1.278605027685647874e-47
5.107825814799062947e+00 1.257179397996401405e-47
5.123536761402717410e+00 1.236111507196539666e-47
5.139296032646273105e+00 1.215395502878353938e-47
5.155103777169459001e+00 1.195025624832903668e-47
5.170960144069195685e+00 1.174996192998035753e-47
5.186865282901008456e+00 1.155301618962365559e-47
5.202819343680429753e+00 1.135936425030112607e-47
5.218822476884422912e+00 1.116895225286996337e-47
5.234874833452793474e+00 1.098172706414489432e-47
5.250976564789617385e+00 1.079763642195144887e-47
5.267127822764669176e+00 1.061662910464298434e-47
5.283328759714852829e+00 1.043865481997682429e-47
5.299579528445637067e+00 1.026366394238246593e-47
5.315880282232501308e+00 1.009160768479862352e-47
5.332231174822376296e+00 9.922438241958677775e-48
5.348632360435098931e+00 9.756108756676453810e-48
5.365083993764862669e+00 9.592573001514125611e-48
5.381586229981676794e+00 9.431785566340071514e-48
5.398139224732836361e+00 9.273701975567639156e-48
5.414743134144378800e+00 9.118278717397520876e-48
5.431398114822569845e+00 8.965472898398835570e-48
5.448104323855369913e+00 8.815242429798655895e-48
5.464861918813920028e+00 8.667546117212298803e-48
5.481671057754028631e+00 8.522343735565579293e-48
5.498531899217659280e+00 8.379595687543851168e-48
5.515444602234431670e+00 8.239263167702525474e-48
5.532409326323114662e+00 8.101308228205845587e-48
5.549426231493135298e+00 7.965693871360083385e-48
5.566495478246087814e+00 7.832383744487167055e-48
5.583617227577246211e+00 7.701342265469090604e-48
5.600791640977081265e+00 7.572534661147115931e-48
5.618018880432788187e+00 7.445927051797420967e-48
5.635299108429809856e+00 7.321486209534514460e-48
5.652632487953371587e+00 7.199179630093195788e-48
5.670019182490018572e+00 7.078975545404834927e-48
5.687459356029158641e+00 6.960842971980657468e-48
5.704953173064605032e+00 6.844751554097633802e-48
5.722500798596133365e+00 6.730671575967398322e-48
5.740102398131032402e+00 6.618573947818128138e-48
5.757758137685669020e+00 6.508430202026539203e-48
5.775468183787054066e+00 6.400212429478766309e-48
5.793232703474409995e+00 6.293893239194752022e-48
5.811051864300749159e+00 6.189445720325043522e-48
5.828925834334452105e+00 6.086843382818256837e-48
5.846854782160855635e+00 5.986060184365534577e-48
5.864838876883839980e+00 5.887070457822217625e-48
5.882878288127423971e+00 5.789848853917752818e-48
5.900973186037368201e+00 5.694370238843277705e-48
5.919123741282775519e+00 5.600609799179220561e-48
5.937330125057702190e+00 5.508542963113694201e-48
5.955592509082776154e+00 5.418145334464821528e-48
5.973911065606811732e+00 5.329392566621091956e-48
5.992285967408434111e+00 5.242260523391668277e-48
6.010717387797714473e+00 5.156539117964446013e-48
6.029205500617799807e+00 5.072268355063625483e-48
6.047750480246551597e+00 4.989561155864099992e-48
6.066352501598196945e+00 4.908393199510456565e-48
6.085011740124971702e+00 4.828740315172688054e-48
6.103728371818778697e+00 4.750578409061319610e-48
6.122502573212845967e+00 4.673883354974744337e-48
6.141334521383393863e+00 4.598631174547983267e-48
6.160224393951303057e+00 4.524798076210763431e-48
6.179172369083792304e+00 4.452360377707925086e-48
6.198178625496095329e+00 4.381294420118755563e-48
6.217243342453147470e+00 4.311576717030486174e-48
6.236366699771284772e+00 4.243184038531417843e-48
6.255548877819924414e+00 4.176093327198984227e-48
6.274790057523278008e+00 4.110281633864783459e-48
6.294090420362054239e+00 4.045726220630771120e-48
6.313450148375169491e+00 3.982404679789252966e-48
6.332869424161467364e+00 3.920294840077546871e-48
6.352348430881439079e+00 3.859374719037400710e-48
6.371887352258950976e+00 3.799622582361672104e-48
6.391486372582978248e+00 3.741017075970441516e-48
6.411145676709343988e+00 3.683537130295865001e-48
6.430865450062459132e+00 3.627161922214776142e-48
6.450645878637075725e+00 3.571870897933954179e-48
6.470487149000038407e+00 3.517643904827738817e-48
6.490389448292045671e+00 3.464461097763404227e-48
6.510352964229411121e+00 3.412302908557521964e-48
6.530377885105843383e+00 3.361034982843811265e-48
6.550464399794210912e+00 3.310753427258097223e-48
6.570612697748328124e+00 3.261441636960790404e-48
6.590822969004745069e+00 3.213081280065119187e-48
6.611095404184534452e+00 3.165654287265160528e-48
6.631430194495094632e+00 3.119142960297402832e-48
6.651827531731950849e+00 3.073529897701892312e-48
6.672287608280560889e+00 3.028797971319304460e-48
6.692810617118136740e+00 2.984930298048495987e-48
6.713396751815459140e+00 2.941653136514074229e-48
6.734046206538704560e+00 2.899203483915164462e-48
6.754759176051278402e+00 2.857573861612269002e-48
6.775535855715649092e+00 2.816748422312875058e-48
6.796376441495193710e+00 2.776711619689644804e-48
6.817281129956042740e+00 2.737448161948690435e-48
6.838250118268939914e+00 2.698942993541009807e-48
6.859283604211095842e+00 2.661181266076695525e-48
6.880381786168054958e+00 2.624148399998187108e-48
6.901544863135566921e+00 2.587830050099147706e-48
6.922773034721467766e+00 2.552212089847221891e-48
6.944066501147554860e+00 2.517280586372961814e-48
6.965425463251482263e+00 2.483021849584519187e-48
6.986850122488649895e+00 2.449422408659825560e-48
7.008340680934106892e+00 2.416431593185438423e-48
7.029897341284456758e+00 2.384017903927785686e-48
7.051520306859768716e+00 2.352228847105795576e-48
7.073209781605496183e+00 2.321051616148379464e-48
7.094965970094397889e+00 2.290473610824921913e-48
7.116789077528472340e+00 2.260482421498761846e-48
7.138679309740886936e+00 2.231065859394228749e-48
7.160636873197923968e+00 2.202211950014062900e-48
7.182661975000929289e+00 2.173908925720147257e-48
7.204754822888260080e+00 2.146145214382809023e-48
7.226915625237247731e+00 2.118909462253943170e-48
7.249144591066162491e+00 2.092190534075063494e-48
7.271441930036185219e+00 2.065977506761816912e-48
7.293807852453386253e+00 2.040259662693102325e-48
7.316242569270705154e+00 2.015026506091698299e-48
7.338746292089944667e+00 1.990267767910939895e-48
7.361319233163762910e+00 1.965973400301391548e-48
7.383961605397679762e+00 1.942133572946191763e-48
7.406673622352079711e+00 1.918738684292414902e-48
7.429455498244228018e+00 1.895779368644267275e-48
7.452307447950295760e+00 1.873246491318151608e-48
7.475229687007377777e+00 1.851131146297300707e-48
7.498222431615532813e+00 1.829424663104621681e-48
7.521285898639822776e+00 1.808118613971765729e-48
7.544420305612350219e+00 1.787204808929255379e-48
7.567625870734320692e+00 1.766675293686354234e-48
7.590902812878091765e+00 1.746522352025760733e-48
7.614251351589243377e+00 1.726738511904289826e-48
7.637671707088646400e+00 1.707316539456427717e-48
7.661164100274538313e+00 1.688249435815827145e-48
7.684728752724610423e+00 1.669530435810645851e-48
7.708365886698094194e+00 1.651153011316385359e-48
7.732075725137858235e+00 1.633110863909248914e-48
7.755858491672514177e+00 1.615397919932051837e-48
7.779714410618519871e+00 1.598008325749291480e-48
7.803643706982303030e+00 1.580936447994702612e-48
7.827646606462375090e+00 1.564176864618514356e-48
7.851723335451465502e+00 1.547724358104802006e-48
7.875874121038658693e+00 1.531573908009846494e-48
7.900099191011528355e+00 1.515720687999020447e-48
7.924398773858293943e+00 1.500160056001271242e-48
7.948773098769968293e+00 1.484887545676805530e-48
7.973222395642525662e+00 1.469898857299712483e-48
7.997746895079068885e+00 1.455189852602989009e-48
8.022346828392000972e+00 1.441351817239693058e-48
8.047022427605210027e+00 1.427825572469368007e-48
8.071773925456254162e+00 1.414546865953781433e-48
8.096601555398564187e+00 1.401512654459734910e-48
8.121505551603638295e+00 1.388719997550653241e-48
8.146486148963250074e+00 1.376166048803856731e-48
8.171543583091668950e+00 1.363848047587993259e-48
8.196678090327884192e+00 1.351763312924015473e-48
8.221889907737820025e+00 1.339909235601057991e-48
8.247179273116595155e+00 1.328283271294603676e-48
8.272546424990741443e+00 1.316882933769466914e-48
8.297991602620470530e+00 1.305705790275392510e-48
8.323515046001922713e+00 1.294749456066769131e-48
8.349116995869431790e+00 1.284011590005759382e-48
8.374797693697793477e+00 1.273489890271367904e-48
8.400557381704553350e+00 1.263182092519955434e-48
8.426396302852275255e+00 1.253085967257862760e-48
8.452314700850847018e+00 1.243199318753718205e-48
8.478312820159770169e+00 1.233519984446667611e-48
8.504390905990472760e+00 1.224045836002238784e-48
8.530549204308615074e+00 1.214774780741317479e-48
8.556787961836413103e+00 1.205704764458985387e-48
8.583107426054965572e+00 1.196833775167672939e-48
8.609507845206586296e+00 1.188159848186776172e-48
8.635989468297154303e+00 1.179681072163272084e-48
8.662552545098447965e+00 1.171395597001290107e-48
8.689197326150509326e+00 1.163301642605249396e-48
8.715924062764008440e+00 1.155397509191066062e-48
8.742733007022609470e+00 1.147681589671390675e-48
8.769624411785349238e+00 1.140152382932891456e-48
8.796598530689026418e+00 1.132808509705921199e-48
8.823655618150587188e+00 1.125648729709660310e-48
8.850795929369530413e+00 1.118671960634004678e-48
8.878019720330311060e+00 1.111877299455345290e-48
8.905327247804754265e+00 1.105264045232346330e-48
8.932718769354483612e+00 1.098831723592942083e-48
8.960194543333338757e+00 1.092580112248078032e-48
8.987754828889826797e+00 1.086509267314913251e-48
9.015399885969552329e+00 1.080254379376817500e-48
9.043129975317681257e+00 1.073909348379370261e-48
9.070945358481390386e+00 1.067770641655289180e-48
9.098846297812340111e+00 1.061838787349498337e-48
9.126833056469145333e+00 1.056114680926578153e-48
9.154905898419864130e+00 1.050599562615127764e-48
9.183065088444477553e+00 1.045294966544419263e-48
9.211310892137396067e+00 1.040202629693133770e-48
9.239643575909957107e+00 1.035324345605800601e-48
9.268063406992945730e+00 1.030661742901104722e-48
9.296570653439108156e+00 1.026215965855253466e-48
9.325165584125683083e+00 1.021987231593538076e-48
9.353848468756940093e+00 1.017974238403436262e-48
9.382619577866714522e+00 1.014173404432587891e-48
9.411479182820974287e+00 1.010577932719802405e-48
9.440427555820358307e+00 1.007176725391022573e-48
9.469464969902771756e+00 1.003953217740260661e-48
9.498591698945933359e+00 1.000884268486612235e-48
9.527808017669974205e+00 9.979393240277315497e-49
9.557114201640025897e+00 9.950801508287430365e-49
9.586510527268819359e+00 9.922614713188500881e-49
9.615997271819292536e+00 9.894327964903809485e-49
9.645574713407201628e+00 9.865415828520457770e-49
9.675243131003751884e+00 9.835375433665857957e-49
9.705002804438221276e+00 9.803775672665759757e-49
9.734854014400603717e+00 9.770303820483516825e-49
9.764797042444254060e+00 9.734799787593303814e-49
9.794832170988550857e+00 9.697270211619920306e-49
9.824959683321546677e+00 9.657879376678367527e-49
9.855179863602653967e+00 9.616919776954532774e-49
9.885492996865313131e+00 9.575493638779756407e-49
9.915899369019697929e+00 9.533505326977157673e-49
9.946399266855388888e+00 9.491136569162579103e-49
9.976992978044096461e+00 9.448770814497241604e-49
1.000768079114236819e+01 9.406969915639224465e-49
1.003846299559431365e+01 9.366431685431297502e-49
1.006933988173431871e+01 9.326648020919631098e-49
1.010031174078980953e+01 9.287767102886625788e-49
1.013137886488399175e+01 9.249886199673817229e-49
1.016254154703857715e+01 9.213692403850295949e-49
1.019380008117659564e+01 9.178777039250374349e-49
1.022515476212512375e+01 9.144915970829034438e-49
1.025660588561810016e+01 9.112088570397734301e-49
1.028815374829908258e+01 9.080261366453194019e-49
1.031979864772408106e+01 9.049392381595954152e-49
1.035154088236432379e+01 9.019434445269116419e-49
1.038338075160911700e+01 8.990337655040044185e-49
1.041531855576862498e+01 8.962051159837739068e-49
1.044735459607674244e+01 8.934524413457324308e-49
1.047948917469389585e+01 8.907708027288994229e-49
1.051172259470993886e+01 8.881554323462118852e-49
1.054405516014695898e+01 8.856017668633195171e-49
1.057648717596219612e+01 8.831054651382520837e-49
1.060901894805089007e+01 8.806624147740618571e-49
1.064165078324915648e+01 8.782687312402879155e-49
1.067438298933691421e+01 8.759207518752649143e-49
1.070721587504075245e+01 8.736150267665950164e-49
1.074014975003687944e+01 8.713483077206284569e-49
1.077318492495399838e+01 8.691175363696938373e-49
1.080632171137628816e+01 8.669198319532677915e-49
1.083956042184629531e+01 8.647524792774363181e-49
1.087290136986791822e+01 8.626129170684156416e-49
1.090634486990933461e+01 8.604987269763295524e-49
1.093989123740599823e+01 8.584076232452079346e-49
1.097354078876357875e+01 8.563374432724559383e-49
1.100729384136098510e+01 8.542861382819730961e-49
1.104115071355331601e+01 8.522517656518245263e-49
1.107511172467490823e+01 8.502324813731665586e-49
1.110917719504230483e+01 8.482265332331528830e-49
1.114334744595731053e+01 8.462322546773131402e-49
1.117762279971001149e+01 8.442480591795458773e-49
1.121200357958179517e+01 8.422724351802428674e-49
1.124649010984843578e+01 8.403039414119776860e-49
1.128108271578311772e+01 8.383412027323697289e-49
1.131578172365953705e+01 8.363829063057878891e-49
1.135058746075493907e+01 8.344277978372490156e-49
1.138550025535325361e+01 8.324746783973404112e-49
1.142052043674813611e+01 8.305224029403055224e-49
1.145564833524613313e+01 8.285698760076977407e-49
1.149088428216973767e+01 8.266160499205835261e-49
1.152622860986057063e+01 8.246599225729992920e-49
1.156168165168246276e+01 8.227005354630186947e-49
1.159724374202465214e+01 8.207369718209998404e-49
1.163291521630488035e+01 8.187683549742330840e-49
1.166869641097261123e+01 8.167938467566473480e-49
1.170458766351217683e+01 8.148126461218027212e-49
1.174058931244594106e+01 8.128239878009300304e-49
1.177670169733754335e+01 8.108271263878216217e-49
1.181292515879504634e+01 8.088213669333607260e-49
1.184926003847420262e+01 8.068060586379571899e-49
1.188570667908161838e+01 8.047805672811732111e-49
1.192226542437804682e+01 8.027442893055504823e-49
1.195893661918157491e+01 8.006966509260857658e-49
1.199572060937092211e+01 7.986371073304186150e-49
1.203261774188865907e+01 7.965651419207076760e-49
1.206962836474453127e+01 7.944802656206686144e-49
1.210675282701867950e+01 7.923820161930520006e-49
1.214399147886500074e+01 7.902699576355311878e-49
1.218134467151437939e+01 7.881436795981615370e-49
1.221881275727806404e+01 7.860027973238463978e-49
1.225639608955095916e+01 7.838469496206339729e-49
1.229409502281494149e+01 7.816757996898753105e-49
1.233190991264224934e+01 7.794890345569729178e-49
1.236984111569879019e+01 7.772863643917018476e-49
1.240788898974754240e+01 7.750675220977371191e-49
1.244605389365189474e+01 7.728322628844142469e-49
1.248433618737906947e+01 7.705803638989885405e-49
1.252273623200347430e+01 7.683116238428733286e-49
1.256125438971015029e+01 7.660258626182632410e-49
1.259989102379815229e+01 7.637229209830279025e-49
1.263864649868400747e+01 7.614026602166399318e-49
1.267752117990511707e+01 7.590649618604483742e-49
1.271651543412324692e+01 7.567097272206472616e-49
1.275562962912793630e+01 7.543368772592479592e-49
1.279486413384001331e+01 7.519463522398710916e-49
1.283421931831505347e+01 7.495381114580681649e-49
1.287369555374685071e+01 7.471121329410360112e-49
1.291329321247096473e+01 7.446684132085888877e-49
1.295301266796818140e+01 7.422069670016352241e-49
1.299285429486808496e+01 7.397278270274314424e-49
1.303281846895254148e+01 7.372310437170291497e-49
1.307290556715929775e+01 7.347166849906461921e-49
1.311311596758547537e+01 7.321848360168409772e-49
1.315345004949119811e+01 7.296355989920627652e-49
1.319390819330311793e+01 7.270690928865048499e-49
1.323449078061804407e+01 7.244854532513743108e-49
1.327519819420650116e+01 7.218848320090436129e-49
1.331603081801638844e+01 7.192673972239252912e-49
1.335698903717654673e+01 7.166333328964381856e-49
1.339807323800043726e+01 7.139828387639605900e-49
1.343928380798976896e+01 7.113161300974970263e-49
1.348062113583812938e+01 7.086334375115809285e-49
1.352208561143469900e+01 7.059350067615305975e-49
1.356367762586787507e+01 7.032210985619933073e-49
1.360539757142901607e+01 7.004919883794565151e-49
1.364724584161608334e+01 6.977479662782516301e-49
1.368922283113741045e+01 6.949893367100763221e-49
1.373132893591537318e+01 6.922164183403202839e-49
1.377356455309016958e+01 6.894295438825960753e-49
1.381593008102352016e+01 6.866290599177295972e-49
1.385842591930248169e+01 6.838153267113335988e-49
1.390105246874314737e+01 6.809887180536145632e-49
1.394381013139449621e+01 6.781496210974871030e-49
1.398669931054212867e+01 6.752984361709687365e-49
1.402972041071210718e+01 6.724355766278513745e-49
1.407287383767476641e+01 6.695614686758074628e-49
1.411615999844850577e+01 6.666765512230841932e-49
1.415957930130368858e+01 6.637812757218008079e-49
1.420313215576642918e+01 6.608761059949417093e-49
1.424681897262251340e+01 6.579615180911010141e-49
1.429064016392122127e+01 6.550380001263596236e-49
1.433459614297925988e+01 6.521060521149337485e-49
1.437868732438461805e+01 6.491661858412530508e-49
1.442291412400052231e+01 6.462189246845526675e-49
1.446727695896931110e+01 6.432648034819401344e-49
1.451177624771641561e+01 6.403043683663809465e-49
1.455641240995426244e+01 6.373381766095645348e-49
1.460118586668627749e+01 6.343667964918280546e-49
1.464609704021080816e+01 6.313908071249210055e-49
1.469114635412515213e+01 6.284107983316777771e-49
1.473633423332953107e+01 6.254273704441532730e-49
1.478166110403107858e+01 6.224411342132380201e-49
1.482712739374790978e+01 6.194527105978290655e-49
1.487273353131309506e+01 6.164627306518773112e-49
1.491847994687876522e+01 6.134718353361619647e-49
1.496436707192010829e+01 6.104806753809715633e-49
1.501039533923949421e+01 6.074899111123188278e-49
1.505656518297050894e+01 6.045002122861257165e-49
1.510287703858209518e+01 6.015122579638185732e-49
1.514933134288260952e+01 5.985267362806629383e-49
1.519592853402399868e+01 5.955443443173937277e-49
1.524266905150587093e+01 5.925657879060224405e-49
1.528955333617970602e+01 5.895917814621189970e-49
1.533658183025294619e+01 5.866230477803755074e-49
1.538375497729322738e+01 5.836603178576186127e-49
1.543107322223253242e+01 5.807043307126723352e-49
1.547853701137137428e+01 5.777558331463019981e-49
1.552614679238304873e+01 5.748155795693515893e-49
1.557390301431780166e+01 5.718843317564859361e-49
1.562180612760712606e+01 5.689628586534488352e-49
1.566985658406794713e+01 5.660519360974959901e-49
1.571805483690694238e+01 5.631523466541549594e-49
1.576640134072476052e+01 5.602648793073900224e-49
1.581489655152036811e+01 5.573903292016806815e-49
1.586354092669528804e+01 5.545294974114034161e-49
1.591233492505797820e+01 5.516831906198495115e-49
1.596127900682809297e+01 5.488522208474527946e-49
1.601037363364088861e+01 5.460374051497717069e-49
1.605961926855151489e+01 5.432395652907768242e-49
1.610901637603943470e+01 5.404595274157413101e-49
1.615856542201279211e+01 5.376981217291128197e-49
1.620826687381276088e+01 5.349561821103219175e-49
1.625812120021803153e+01 5.322345457576897024e-49
1.630812887144915990e+01 5.295340528140159005e-49
1.635829035917306129e+01 5.268555459340129104e-49
1.640860613650740163e+01 5.241998699152285815e-49
1.645907667802511654e+01 5.215678712428156304e-49
1.650970245975883799e+01 5.189603976325411110e-49
1.656048395920543115e+01 5.163782976088751699e-49
1.661142165533044235e+01 5.138224200143208015e-49
1.666251602857268566e+01 5.112936135098021956e-49
1.671376756084869797e+01 5.087927260816782577e-49
1.676517673555735399e+01 5.063206045573755968e-49
1.681674403758437464e+01 5.038780940285209351e-49
1.686846995330692778e+01 5.014660373492437729e-49
1.692035497059822546e+01 4.990852745713361882e-49
1.697239957883206429e+01 4.967366423800015882e-49
1.702460426888753986e+01 4.944209735467996312e-49
1.707696953315357291e+01 4.921390963501747985e-49
1.712949586553364156e+01 4.898918339863865433e-49
1.718218376145036430e+01 4.876800040095011940e-49
1.723503371785024996e+01 4.855044177310565616e-49
1.728804623320830558e+01 4.833658796443401213e-49
1.734122180753280773e+01 4.812651868765198224e-49
1.739456094236996009e+01 4.792031285733000007e-49
1.744806414080867896e+01 4.771804853890203295e-49
1.750173190748527929e+01 4.751980289033191641e-49
1.755556474858830285e+01 4.732565211151714823e-49
1.760956317186321485e+01 4.713567139244167559e-49
1.766372768661726411e+01 4.694993486319744798e-49
1.771805880372425435e+01 4.676851554740164583e-49
1.777255703562933675e+01 4.659148531948792616e-49
1.782722289635391277e+01 4.641891486152154520e-49
1.788205690150039473e+01 4.625087362822514653e-49
1.793705956825716186e+01 4.608742980938568685e-49
1.799223141540334581e+01 4.592865030151127531e-49
1.804757296331381156e+01 4.577460067975009059e-49
1.810308473396398554e+01 4.562534517492191664e-49
1.815876725093484723e+01 4.548094665348721221e-49
1.821462103941780697e+01 4.534146660524815518e-49
1.827064662621972957e+01 4.520696512615505607e-49
1.832684453976781214e+01 4.507750091685913474e-49
1.838321531011466803e+01 4.495313127229061063e-49
1.843975946894324025e+01 4.483391208477038514e-49
1.849647754957186763e+01 4.471989784069206234e-49
1.855337008695931900e+01 4.461114162722765815e-49
1.861043761770977767e+01 4.450769513320063805e-49
1.866768068007798576e+01 4.440960865690831257e-49
1.872509981397425349e+01 4.431693110773012065e-49
1.878269556096960002e+01 4.422971001035504115e-49
1.884046846430081246e+01 4.414799150593373950e-49
1.889841906887563283e+01 4.407182034863458601e-49
1.895654792127782429e+01 4.400123989925218170e-49
1.901485556977240421e+01 4.393629210870507179e-49
1.907334256431072816e+01 4.387701750089042711e-49
1.913200945653577278e+01 4.382345513849791874e-49
1.919085679978724457e+01 4.377564258735514496e-49
1.924988514910689119e+01 4.373361586001656745e-49
1.930909506124363872e+01 4.369740935487793857e-49
1.936848709465893492e+01 4.366705577406780031e-49
1.942806180953196815e+01 4.364258603224918032e-49
1.948781976776493252e+01 4.362402914193898416e-49
1.954776153298839247e+01 4.361141208716411864e-49
1.960788767056652304e+01 4.360475967327542182e-49
1.966819874760250642e+01 4.360409436597993051e-49
1.972869533294383260e+01 4.360943609806027759e-49
1.978937799718771373e+01 4.362080206972204685e-49
1.985024731268639542e+01 4.363820652184770546e-49
1.991130385355264565e+01 4.366166049044431382e-49
1.997254819566508033e+01 4.369117154367742763e-49
2.003398091667366998e+01 4.372677100087902367e-49
2.009560259600512211e+01 4.376845260474110529e-49
2.015741381486841277e+01 4.381618934214823341e-49
2.021941515626020092e+01 4.386997199762233015e-49
2.028160720497037772e+01 4.392978633037434955e-49
2.034399054758758041e+01 4.399561273062624880e-49
2.040656577250467052e+01 4.406742586567033983e-49
2.046933346992436498e+01 4.414519431766738301e-49
2.053229423186471791e+01 4.422888023335426499e-49
2.059544865216478726e+01 4.431843896056047940e-49
2.065879732649015921e+01 4.441381870129932620e-49
2.072234085233863965e+01 4.451496016854151491e-49
2.078607982904581775e+01 4.462179625379235393e-49
2.085001485779078223e+01 4.473425171469958929e-49
2.091414654160173825e+01 4.485224287865076151e-49
2.097847548536174500e+01 4.497567736503225508e-49
2.104300229581436810e+01 4.510445384081335419e-49
2.110772758156946693e+01 4.523846179743080938e-49
2.117265195310885773e+01 4.537758136096998465e-49
2.123777602279213284e+01 4.552168314240556389e-49
2.130310040486243395e+01 4.567062811518891515e-49
2.136862571545218614e+01 4.582426753568739487e-49
2.143435257258898829e+01 4.598244291093623754e-49
2.150028159620136847e+01 4.614498599883431631e-49
2.156641340812470986e+01 4.631171886176859951e-49
2.163274863210702392e+01 4.648245396177763665e-49
2.169928789381493672e+01 4.665699430148110585e-49
2.176603182083947630e+01 4.683513361697248833e-49
2.183298104270211226e+01 4.701665661040889832e-49
2.190013619086057517e+01 4.720133923923745453e-49
2.196749789871492453e+01 4.738894904185050108e-49
2.203506680161341436e+01 4.757924551412097448e-49
2.210284353685859671e+01 4.777198053364564533e-49
2.217082874371321566e+01 4.796689881912836433e-49
2.223902306340633928e+01 4.816373843586634850e-49
2.230742713913937081e+01 4.836223133800638213e-49
2.237604161609206344e+01 4.856210395040048272e-49
2.244486714142870198e+01 4.876307777674273088e-49
2.251390436430411413e+01 4.896487004505181865e-49
2.258315393586988051e+01 4.916719437876787666e-49
2.265261650928038151e+01 4.936976149155619404e-49
2.272229273969905350e+01 4.957227989767819991e-49
2.279218328430448182e+01 4.977445664659075069e-49
2.286228880229668547e+01 4.997599806331789451e-49
2.293260995490323850e+01 5.017661050461169858e-49
2.300314740538560798e+01 5.037600111131018525e-49
2.307390181904530380e+01 5.057387856917223483e-49
2.314487386323026641e+01 5.076995385804814065e-49
2.321606420734104859e+01 5.096394100448483244e-49
2.328747352283722805e+01 5.115555781018042221e-49
2.335910248324368865e+01 5.134452657448731565e-49
2.343095176415694780e+01 5.153057479787993867e-49
2.350302204325161171e+01 5.171343585539119655e-49
2.357531400028666724e+01 5.189284965376148189e-49
2.364782831711199407e+01 5.206856325510220868e-49
2.372056567767469204e+01 5.224033146579204666e-49
2.379352676802563593e+01 5.240791739830139089e-49
2.386671227632585257e+01 5.257109299111742587e-49
2.394012289285309691e+01 5.272963949357130750e-49
2.401375931000826824e+01 5.288334790308126240e-49
2.408762222232205019e+01 5.303201937056869387e-49
2.416171232646135181e+01 5.317546555550583879e-49
2.423603032123597245e+01 5.331350893569812144e-49
2.431057690760511392e+01 5.344598308315807800e-49
2.438535278868405953e+01 5.357273287721820451e-49
2.446035866975077511e+01 5.369361469225622694e-49
2.453559525825252408e+01 5.380849652339141064e-49
2.461106326381263187e+01 5.391725808240099935e-49
2.468676339823706556e+01 5.401979084075646792e-49
2.476269637552126213e+01 5.411599803641505622e-49
2.483886291185676143e+01 5.420579463417278840e-49
2.491526372563804514e+01 5.428910724907930062e-49
2.499189953746923365e+01 5.436587404076747128e-49
2.506877107017097117e+01 5.443604455403788716e-49
2.514587904878714042e+01 5.449957954071463155e-49
2.522322420059181880e+01 5.455645074587214491e-49
2.530080725509600725e+01 5.460664066099112728e-49
2.537862894405464331e+01 5.465014225293896837e-49
2.545669000147338679e+01 5.468695866855675529e-49
2.553499116361562571e+01 5.471710291579462848e-49
2.561353316900939348e+01 5.474059752262544286e-49
2.569231675845429663e+01 5.475747418515761572e-49
2.577134267502857767e+01 5.476777338855196210e-49
2.585061166409604283e+01 5.477154403142661678e-49
2.593012447331317105e+01 5.476884302253173839e-49
2.600988185263608443e+01 5.475973487729231630e-49
2.608988455432771048e+01 5.474429131149709594e-49
2.617013333296477740e+01 5.472259082824198960e-49
2.625062894544504033e+01 5.469471828977509390e-49
2.633137215099431216e+01 5.466076451355251833e-49
2.641236371117372528e+01 5.462082584854109323e-49
2.649360438988681210e+01 5.457500376193750282e-49
2.657509495338682370e+01 5.452340443516832543e-49
2.665683617028384234e+01 5.446613835648851063e-49
2.673882881155211422e+01 5.440331992413206816e-49
2.682107365053731129e+01 5.433506706653698022e-49
2.690357146296375390e+01 5.426150085516540175e-49
2.698632302694183949e+01 5.418274514210946508e-49
2.706932912297526173e+01 5.409892620186775820e-49
2.715259053396849609e+01 5.401017238283513079e-49
2.723610804523406159e+01 5.391661378210371640e-49
2.731988244450004544e+01 5.381838191902700124e-49
2.740391452191741095e+01 5.371560942909373492e-49
2.748820507006757552e+01 5.360842977574163500e-49
2.757275488396977181e+01 5.349697696599148510e-49
2.765756476108864703e+01 5.338138528580621640e-49
2.774263550134168810e+01 5.326178905246195197e-49
2.782796790710685997e+01 5.313832237015667516e-49
2.791356278323008056e+01 5.301111891230041018e-49
2.799942093703290169e+01 5.288031170878878299e-49
2.808554317832007996e+01 5.274603295044330772e-49
2.817193031938717240e+01 5.260841380595158517e-49
2.825858317502829564e+01 5.246758424659806027e-49
2.834550256254371092e+01 5.232367289740068469e-49
2.843268930174762232e+01 5.217680688541298544e-49
2.852014421497582219e+01 5.202711171159694325e-49
2.860786812709353910e+01 5.187471112331200421e-49
2.869586186550311524e+01 5.171972701146970976e-49
2.878412626015192544e+01 5.156227930556982003e-49
2.887266214354007587e+01 5.140248588605556256e-49
2.896147035072840126e+01 5.124046250229339465e-49
2.905055171934618841e+01 5.107632271232664932e-49
2.913990708959922316e+01 5.091017781680623342e-49
2.922953730427758146e+01 5.074213679665530946e-49
2.931944320876368693e+01 5.057230628043577163e-49
2.940962565104024051e+01 5.040079050835667881e-49
2.950008548169816791e+01 5.022769129607159731e-49
2.959082355394475528e+01 5.005310801964783120e-49
2.968184072361157888e+01 4.987713759459559007e-49
2.977313784916267991e+01 4.969987446891342764e-49
2.986471579170256163e+01 4.952141061390196362e-49
2.995657541498441745e+01 4.934183552846553545e-49
3.004871758541816718e+01 4.916125007913817156e-49
3.014114317207874194e+01 4.897973696189889223e-49
3.023385304671416307e+01 4.879736577181458166e-49
3.032684808375388386e+01 4.861421628370272116e-49
3.042012916031692527e+01 4.843036579534107840e-49
3.051369715622025680e+01 4.824588922325914675e-49
3.060755295398697839e+01 4.806085913030396072e-49
3.070169743885474745e+01 4.787534576028638411e-49
3.079613149878410283e+01 4.768941706005548673e-49
3.089085602446676049e+01 4.750313872325657426e-49
3.098587190933414348e+01 4.731657422139346161e-49
3.108118004956568825e+01 4.712978484219210877e-49
3.117678134409741020e+01 4.694282972965356361e-49
3.127267669463025612e+01 4.675576592282465370e-49
3.136886700563874797e+01 4.656864839975337197e-49
3.146535318437937079e+01 4.638153011469529907e-49
3.156213614089927688e+01 4.619446204529923686e-49
3.165921678804471995e+01 4.600749323476627582e-49
3.175659604146980541e+01 4.582067083602846332e-49
3.185427481964500274e+01 4.563404015370243248e-49
3.195225404386592771e+01 4.544764469345225546e-49
3.205053463826189386e+01 4.526152619921372500e-49
3.214911752980477644e+01 4.507572470417762257e-49
3.224800364831766331e+01 4.489027857130084131e-49
3.234719392648361236e+01 4.470522453839978898e-49
3.244668929985453332e+01 4.452059776036904193e-49
3.254649070685991319e+01 4.433643185623907707e-49
3.264659908881575490e+01 4.415275894850653370e-49
3.274701538993338801e+01 4.396960970727008336e-49
3.284774055732842157e+01 4.378701339135857479e-49
3.294877554102962591e+01 4.360499789092430706e-49
3.305012129398798493e+01 4.342358976789525724e-49
3.315177877208554946e+01 4.324281429580244655e-49
3.325374893414459621e+01 4.306269549942445223e-49
3.335603274193653789e+01 4.288325619360629884e-49
3.345863116019112482e+01 4.270451802097167531e-49
3.356154515660541904e+01 4.252650148960693110e-49
3.366477570185303136e+01 4.234922600919503879e-49
3.376832376959320925e+01 4.217270992951016225e-49
3.387219033648000988e+01 4.199697057146371932e-49
3.397637638217158695e+01 4.182202426446564263e-49
3.408088288933933541e+01 4.164788637743212567e-49
3.418571084367726343e+01 4.147457135343482801e-49
3.429086123391117269e+01 4.130209274208133096e-49
3.439633505180809436e+01 4.113046322734509704e-49
3.450213329218555458e+01 4.095969465989185413e-49
3.460825695292105308e+01 4.078979809086428613e-49
3.471470703496133581e+01 4.062078379131099016e-49
3.482148454233200852e+01 4.045266128915672506e-49
3.492859048214683781e+01 4.028543939162594398e-49
3.503602586461740032e+01 4.011912621235981892e-49
3.514379170306247602e+01 3.995372919867319959e-49
3.525188901391770457e+01 3.978925515750197393e-49
3.536031881674516342e+01 3.962571027320668790e-49
3.546908213424288192e+01 3.946310013950280497e-49
3.557817999225463979e+01 3.930142977665346465e-49
3.568761341977950963e+01 3.914070365756921267e-49
3.579738344898166957e+01 3.898092572673489328e-49
3.590749111520003822e+01 3.882209942296511647e-49
3.601793745695813698e+01 3.866422769859739073e-49
3.612872351597378184e+01 3.850731303973696980e-49
3.623985033716903814e+01 3.835135748382681310e-49
3.635131896867992651e+01 3.819636264021417264e-49
3.646313046186645579e+01 3.804232970883088162e-49
3.657528587132240006e+01 3.788925949460081223e-49
3.668778625488537415e+01 3.773715242574215711e-49
3.680063267364670310e+01 3.758600856969706462e-49
3.691382619196151182e+01 3.743582765267389713e-49
3.702736787745873670e+01 3.728660907083061689e-49
3.714125880105113708e+01 3.713835190618173838e-49
3.725550003694552004e+01 3.699105494424973789e-49
3.737009266265271634e+01 3.684471668355516707e-49
3.748503775899791890e+01 3.669933535504132563e-49
3.760033641013070138e+01 3.655490893405301878e-49
3.771598970353539926e+01 3.641143515255215700e-49
3.783199873004122793e+01 3.626891151677000885e-49
3.794836458383270639e+01 3.612733532230981030e-49
3.806508836245983218e+01 3.598670366973819833e-49
3.818217116684860457e+01 3.584701348276646564e-49
3.829961410131122079e+01 3.570826153112786739e-49
3.841741827355666317e+01 3.557044445580950969e-49
3.853558479470100195e+01 3.543355881027454627e-49
3.865411477927798956e+01 3.529760110875500283e-49
3.877300934524954101e+01 3.516256790821225342e-49
3.889226961401618610e+01 3.502845594339873244e-49
3.901189671042781271e+01 3.489526236172047161e-49
3.913189176279411186e+01 3.476298517596397584e-49
3.925225590289537081e+01 3.463162418686490794e-49
3.937299026599298202e+01 3.450118308985535312e-49
3.949409599084033573e+01 3.437167487380076599e-49
3.961557421969337867e+01 3.424313813934508273e-49
3.973742609832154926e+01 3.411569971264588079e-49
3.985965277601845003e+01 3.398993096510539475e-49
3.998225540561279701e+01 3.387164189440346318e-49
4.010523514347919161e+01 3.385777880766870652e-49
4.022859314954914822e+01 3.361663302297640453e-49
4.035233058732188027e+01 3.349039263644828425e-49
4.047644862387542020e+01 3.336730633948640948e-49
4.060094842987758312e+01 3.324548159195209186e-49
4.072583117959690924e+01 3.312463191496231410e-49
4.085109805091391877e+01 3.300467767514629746e-49
4.097675022533204015e+01 3.288558727934598522e-49
4.110278888798890762e+01 3.276734429113624435e-49
4.122921522766741020e+01 3.264993808040285109e-49
4.135603043680703195e+01 3.253336056504721929e-49
4.148323571151495059e+01 3.241760490367706146e-49
4.161083225157749155e+01 3.230266490909354185e-49
4.173882126047124785e+01 3.218853476916424267e-49
4.186720394537464784e+01 3.207520890159335888e-49
4.199598151717911776e+01 3.196268187755761314e-49
4.212515519050072044e+01 3.185094837775245397e-49
4.225472618369141031e+01 3.174000316768379463e-49
4.238469571885067921e+01 3.162984108776053525e-49
4.251506502183703162e+01 3.152045704612444063e-49
4.264583532227946705e+01 3.141184601381719632e-49
4.277700785358924662e+01 3.130400302483764032e-49
4.290858385297132571e+01 3.119692317857913856e-49
4.304056456143623421e+01 3.109060164230007334e-49
4.317295122381155892e+01 3.098503365238275057e-49
4.330574508875392326e+01 3.088021451744322472e-49
4.343894740876051941e+01 3.077613962443824031e-49
4.357255944018114491e+01 3.067280444207546253e-49
4.370658244322986974e+01 3.057020452526601730e-49
4.384101768199708715e+01 3.046833551751098191e-49
4.397586642446125182e+01 3.036719315997038915e-49
4.411112994250104435e+01 3.026677329417860253e-49
4.424680951190717337e+01 3.016707186593663699e-49
4.438290641239455425e+01 3.006808493193222934e-49
4.451942192761432437e+01 2.996980866395612107e-49
4.465635734516590816e+01 2.987223935988751867e-49
4.479371395660925259e+01 2.977537343702301284e-49
4.493149305747690647e+01 2.967920744839081855e-49
4.506969594728635542e+01 2.958373808687670172e-49
4.520832392955214374e+01 2.948896219129006698e-49
4.534737831179831602e+01 2.939487675093139789e-49
4.548686040557060295e+01 2.930147891126494716e-49
4.562677152644894107e+01 2.920876599389567909e-49
4.576711299405971545e+01 2.911673548848447363e-49
4.590788613208839308e+01 2.902538506551037825e-49
4.604909226829180824e+01 2.893471258528847650e-49
4.619073273451087402e+01 2.884471610656649516e-49
4.633280886668298137e+01 2.875539389287848231e-49
4.647532200485473908e+01 2.866674442320757789e-49
4.661827349319453617e+01 2.857876640250877397e-49
4.676166468000517540e+01 2.849145877063870237e-49
4.690549691773674112e+01 2.840482071333801080e-49
4.704977156299916174e+01 2.831885167421863982e-49
4.719448997657520550e+01 2.823355136149218453e-49
4.733965352343310684e+01 2.814891976522998814e-49
4.748526357273966880e+01 2.806495716818531268e-49
4.763132149787293912e+01 2.798166415926173072e-49
4.777782867643538367e+01 2.789904164750056007e-49
4.792478649026668336e+01 2.781709087582649191e-49
4.807219632545695731e+01 2.773581343713571474e-49
4.822005957235965212e+01 2.765521129076253162e-49
4.836837762560482190e+01 2.757528677835803847e-49
4.851715188411212409e+01 2.749604264205552499e-49
4.866638375110416348e+01 2.741748204398101394e-49
4.881607463411965853e+01 2.733960858585326378e-49
4.896622594502663617e+01 2.726242632847822626e-49
4.911683910003593923e+01 2.718593981452183354e-49
4.926791551971436434e+01 2.711015408995685841e-49
4.941945662899827596e+01 2.703507472877771216e-49
4.957146385720682957e+01 2.696070786196910103e-49
4.972393863805568515e+01 2.688706019865488516e-49
4.987688240967029429e+01 2.681413905637834646e-49
5.003029661459967059e+01 2.674068869038976276e-49
5.018418269982981172e+01 2.666268792029607232e-49
5.033854211679754087e+01 2.658517840377852115e-49
5.049337632140399990e+01 2.650815577460959757e-49
5.064868677402856179e+01 2.643161570304436132e-49
5.080447493954242333e+01 2.635555389443298916e-49
5.096074228732262412e+01 2.627996609002584327e-49
5.111749029126569610e+01 2.620484806656273102e-49
5.127472042980173939e+01 2.613019563566688638e-49
5.143243418590829208e+01 2.605600464418614574e-49
5.159063304712424980e+01 2.598227097334072064e-49
5.174931850556407653e+01 2.590899053949077012e-49
5.190849205793164600e+01 2.583615929285251641e-49
5.206815520553460175e+01 2.576377321847768992e-49
5.222830945429827665e+01 2.569182833503217898e-49
5.238895631478013826e+01 2.562032069456535585e-49
5.255009730218379360e+01 2.554924638247703980e-49
5.271173393637351978e+01 2.547860152082002894e-49
5.287386774188836114e+01 2.540838226294828432e-49
5.303650024795674511e+01 2.533858479598129181e-49
5.319963298851067179e+01 2.526920534098561361e-49
5.336326750220041504e+01 2.520024015167930152e-49
5.352740533240880438e+01 2.513168551308829315e-49
5.369204802726598302e+01 2.506353774448887943e-49
5.385719713966390998e+01 2.499579319831623091e-49
5.402285422727094755e+01 2.492844826019713086e-49
5.418902085254673295e+01 2.486149934827294507e-49
5.435569858275670185e+01 2.479494291349768396e-49
5.452288898998708078e+01 2.472877544058219245e-49
5.469059365115949589e+01 2.466299344758690783e-49
5.485881414804607203e+01 2.459759348446037795e-49
5.502755206728413384e+01 2.453257213914698132e-49
5.519680900039139715e+01 2.446792603291928961e-49
5.536658654378071986e+01 2.440365182218005297e-49
5.553688629877544969e+01 2.433974619867626806e-49
5.570770987162422472e+01 2.427620588587228901e-49
5.587905887351642775e+01 2.421302762364726801e-49
5.605093492059707927e+01 2.415020809230717447e-49
5.622333963398234857e+01 2.408774345663776321e-49
5.639627463977471677e+01 2.402562197260300571e-49
5.656974156907823925e+01 2.396389436023462640e-49
5.674374205801412785e+01 2.390247709422058209e-49
5.691827774773595650e+01 2.384141515879847828e-49
5.709335028444537130e+01 2.378070746182337560e-49
5.726896131940738854e+01 2.372037355991016267e-49
5.744511250896619003e+01 2.366052161710240481e-49
5.762180551456052768e+01 2.360261493479854275e-49
5.779904200273961834e+01 2.354666579372675656e-49
5.797682364517862652e+01 2.348239129483265480e-49
5.815515211869466583e+01 2.342333060748779253e-49
5.833402910526240248e+01 2.336481596780759777e-49
5.851345629203010645e+01 2.330666401675680452e-49
5.869343537133538291e+01 2.324884090235774220e-49
5.887396804072130863e+01 2.319133508589801602e-49
5.905505600295234814e+01 2.313414060152508545e-49
5.923670096603036939e+01 2.307725333416072046e-49
5.941890464321089382e+01 2.302066991626087866e-49
5.960166875301908362e+01 2.296438733123794460e-49
5.978499501926614101e+01 2.290840274823597472e-49
5.996888517106535232e+01 2.285271344962833054e-49
6.015334094284863653e+01 2.279731679301463132e-49
6.033836407438266036e+01 2.274221019293404541e-49
6.052395631078546501e+01 2.268739110672382987e-49
6.071011940254273043e+01 2.263285703089687391e-49
6.089685510552449443e+01 2.257860549648549028e-49
6.108416518100147385e+01 2.252463406352940911e-49
6.127205139566193992e+01 2.247094032656247648e-49
6.146051552162810339e+01 2.241752190794551626e-49
6.164955933647308228e+01 2.236437645723269085e-49
6.183918462323754994e+01 2.231150165237732436e-49
6.202939317044646117e+01 2.225889519616689422e-49
6.222018677212615501e+01 2.220655481707391386e-49
6.241156722782100985e+01 2.215447827035326327e-49
6.260353634261067413e+01 2.210266333742898424e-49
6.279609592712682797e+01 2.205110782421445745e-49
6.298924779757054182e+01 2.199980956059054505e-49
6.318299377572911624e+01 2.194876640180506265e-49
6.337733568899356840e+01 2.189797622671709060e-49
6.357227537037554299e+01 2.184743693878826189e-49
6.376781465852492659e+01 2.179714646615218997e-49
6.396395539774688643e+01 2.174710275973565289e-49
6.416069943801956299e+01 2.169730379338221421e-49
6.435804863501118689e+01 2.164774756441528739e-49
6.455600485009793488e+01 2.159843209343438367e-49
6.475456995038123864e+01 2.154935542328257167e-49
6.495374580870540626e+01 2.150051561934169835e-49
6.515353430367547105e+01 2.145191076911225953e-49
6.535393731967467090e+01 2.140353898195418988e-49
6.555495674688246766e+01 2.135539838917269905e-49
6.575659448129208329e+01 2.130748714299279597e-49
6.595885242472871823e+01 2.125980341796693073e-49
6.616173248486715863e+01 2.121234541005785573e-49
6.636523657525007991e+01 2.116511133571922302e-49
6.656936661530579613e+01 2.111809943480804585e-49
6.677412453036664886e+01 2.107130796362632380e-49
6.697951225168688438e+01 2.102473519973607434e-49
6.718553171646115629e+01 2.097837944189308785e-49
6.739218486784253059e+01 2.093223900563679485e-49
6.759947365496101668e+01 2.088631223261747343e-49
6.780740003294187090e+01 2.084059748148107402e-49
6.801596596292395702e+01 2.079509313022728031e-49
6.822517341207844765e+01 2.074979757642259732e-49
6.843502435362709946e+01 2.070470923635232512e-49
6.864552076686119619e+01 2.065982654563843917e-49
6.885666463715985230e+01 2.061514795991486574e-49
6.906845795600912652e+01 2.057067195261075681e-49
6.928090272102039648e+01 2.052639701390309854e-49
6.949400093594960026e+01 2.048232165377610348e-49
6.970775461071579571e+01 2.043844439886573840e-49
6.992216576142037354e+01 2.039476379634674259e-49
7.013723641036588674e+01 2.035127841053626457e-49
7.035296858607527781e+01 2.030798682294818809e-49
7.056936432331085030e+01 2.026488763213332180e-49
7.078642566309360973e+01 2.022197945477819969e-49
7.100415465272249094e+01 2.017926092406074887e-49
7.122255334579348585e+01 2.013673069146052838e-49
7.144162380221933972e+01 2.009438742353120849e-49
7.166136808824860793e+01 2.005222980236096902e-49
7.188178827648552272e+01 2.001025652737358065e-49
7.210288644590917784e+01 1.996846631212842896e-49
7.232466468189346642e+01 1.992685788981034274e-49
7.254712507622643614e+01 1.988543000737712617e-49
7.277026972713034070e+01 1.984418142648569950e-49
7.299410073928112297e+01 1.980311092452835797e-49
7.321862022382853752e+01 1.976221729463647508e-49
7.344383029841581845e+01 1.972149934389708302e-49
7.366973308719988722e+01 1.968095589370438723e-49
7.389633072087111998e+01 1.964058578008570743e-49
7.412362533667375430e+01 1.960038785280997295e-49
7.435161907842581286e+01 1.956036097601283876e-49
7.458031409653935384e+01 1.952050402665828194e-49
7.480971254804092041e+01 1.948081589456938251e-49
7.503981659659159220e+01 1.944129548318192590e-49
7.527062841250773317e+01 1.940194170912102970e-49
7.550215017278115681e+01 1.936275350042203899e-49
7.573438406109991661e+01 1.932372979803117539e-49
7.596733226786865600e+01 1.928486955327669270e-49
7.620099699022951256e+01 1.924617173202738484e-49
7.643538043208259580e+01 1.920763531108670851e-49
7.667048480410703348e+01 1.916925927965689347e-49
7.690631232378153470e+01 1.913104263709560697e-49
7.714286521540564934e+01 1.909298439070264714e-49
7.738014571012034537e+01 1.905508356013265102e-49
7.761815604592942464e+01 1.901733917272118241e-49
7.785689846772044120e+01 1.897975027275755641e-49
7.809637522728579029e+01 1.894231591084566725e-49
7.833658858334425190e+01 1.890503514869877521e-49
7.857754080156190923e+01 1.886790705511994550e-49
7.881923415457389126e+01 1.883093070910095710e-49
7.906167092200544744e+01 1.879410519833274449e-49
7.930485339049380400e+01 1.875742962040718707e-49
7.954878385370940919e+01 1.872090308198817271e-49
7.979346461237786059e+01 1.868452469839251273e-49
8.003889797430132091e+01 1.864829359314354389e-49
8.028508625438054480e+01 1.861220889701152149e-49
8.053203177463647933e+01 1.857626974988321313e-49
8.077973686423240451e+01 1.854047530005002734e-49
8.102820385949564752e+01 1.850482470247526242e-49
8.127743510393980841e+01 1.846931712044903577e-49
8.152743294828688647e+01 1.843395172295416018e-49
8.177819975048916490e+01 1.839872769090077412e-49
8.202973787575186293e+01 1.836364421035746805e-49
8.228204969655507739e+01 1.832870047437795817e-49
8.253513759267644900e+01 1.829389568407422613e-49
8.278900395121331712e+01 1.825922904736050607e-49
8.304365116660558499e+01 1.822469978262946331e-49
8.329908164065793130e+01 1.819030710911333848e-49
8.355529778256280338e+01 1.815605025526470903e-49
8.381230200892281346e+01 1.812192845591464812e-49
8.407009674377390240e+01 1.808794095460533740e-49
8.432868441860777864e+01 1.805408700115016951e-49
8.458806747239529500e+01 1.802036585077448656e-49
8.484824835160901557e+01 1.798677676722083585e-49
8.510922951024667782e+01 1.795331902047847714e-49
8.537101340985414311e+01 1.791999188537036232e-49
8.563360251954850355e+01 1.788679464579130362e-49
8.589699931604168626e+01 1.785372659153413705e-49
8.616120628366347489e+01 1.782078702026361923e-49
8.642622591438524182e+01 1.778797523289274679e-49
8.669206070784316864e+01 1.775529053771565666e-49
8.695871317136210621e+01 1.772273225022474144e-49
8.722618581997890885e+01 1.769029969157486287e-49
8.749448117646653600e+01 1.765799218949447809e-49
8.776360177135742902e+01 1.762580907534981906e-49
8.803355014296778336e+01 1.759374969197065329e-49
8.830432883742108174e+01 1.756181338622874180e-49
8.857594040867253682e+01 1.752999951471716100e-49
8.884838741853279487e+01 1.749830743217130098e-49
8.912167243669235006e+01 1.746673650317448875e-49
8.939579804074575975e+01 1.743528609730170411e-49
8.967076681621570344e+01 1.740395559322155484e-49
8.994658135657779496e+01 1.737274437328208249e-49
9.022324426328458458e+01 1.734165182573345444e-49
9.050075814579054168e+01 1.731067734680029944e-49
9.077912562157622745e+01 1.727982033786231019e-49
9.105834931617343386e+01 1.724908020549528321e-49
9.133843186318945584e+01 1.721845636144953732e-49
9.161937590433247180e+01 1.718794822502215330e-49
9.190118408943590111e+01 1.715755521950013557e-49
9.218385907648391253e+01 1.712727677408203781e-49
9.246740353163606585e+01 1.709711231855395386e-49
9.275182012925282038e+01 1.706706129928054753e-49
9.303711155192041815e+01 1.703712316455184009e-49
9.332328049047647767e+01 1.700729737082188741e-49
9.361032964403527501e+01 1.697758337018824351e-49
9.389826172001302496e+01 1.694798062526430037e-49
9.418707943415373052e+01 1.691848860472040871e-49
9.447678551055450669e+01 1.688910678369241329e-49
9.476738268169154367e+01 1.685983464032792321e-49
9.505887368844557272e+01 1.683067166099632477e-49
9.535126128012807101e+01 1.680161733682300750e-49
9.564454821450681266e+01 1.677267116338644607e-49
9.593873725783228679e+01 1.674383264268847930e-49
9.623383118486334808e+01 1.671510128081002921e-49
9.652983277889383373e+01 1.668647658967225730e-49
9.682674483177839875e+01 1.665795808767773179e-49
9.712457014395921817e+01 1.662954529997786847e-49
9.742331152449209242e+01 1.660123775263998570e-49
9.772297179107314946e+01 1.657303497817172508e-49
9.802355377006541914e+01 1.654493651496770676e-49
9.832506029652522272e+01 1.651694190637257133e-49
9.862749421422934404e+01 1.648905069976450377e-49
9.893085837570140484e+01 1.646126244906184301e-49
9.923515564223917806e+01 1.643357671356692055e-49
9.954038888394120477e+01 1.640599303776292598e-49
9.984656097973422106e+01 1.637851101407137894e-49
1.001536748173999456e+02 1.635113021975820449e-49
1.004617332936026912e+02 1.632385023120613161e-49
1.007707393139163514e+02 1.629667062426486320e-49
1.010806957928519125e+02 1.626959098642523332e-49
1.013916056538852928e+02 1.624261090975856318e-49
1.017034718294842577e+02 1.621572999084760939e-49
1.020162972611364864e+02 1.618894783070806980e-49
1.023300848993775105e+02 1.616226403472524424e-49
1.026448377038180269e+02 1.613567821255631946e-49
1.029605586431721491e+02 1.610918997804507043e-49
1.032772506952852183e+02 1.608279894916342272e-49
1.035949168471623665e+02 1.605650474788007563e-49
1.039135600949959723e+02 1.603030700011763917e-49
1.042331834441943954e+02 1.600420533564320717e-49
1.045537899094100993e+02 1.597819938798492731e-49
1.048753825145684857e+02 1.595228879434479763e-49
1.051979642928958611e+02 1.592647319551937472e-49
1.055215382869483562e+02 1.590075223579637650e-49
1.058461075486404752e+02 1.587512556290530338e-49
1.061716751392743134e+02 1.584959282790533166e-49
1.064982441295677660e+02 1.582415368512259723e-49
1.068258175996838446e+02 1.579880779208176289e-49
1.071543986392599663e+02 1.577355480941884146e-49
1.074839903474365883e+02 1.574839440082476740e-49
1.078145958328867238e+02 1.572332623298671803e-49
1.081462182138451595e+02 1.569834997550496651e-49
1.084788606181382278e+02 1.567346530086542066e-49
1.088125261832127109e+02 1.564867188436947165e-49
1.091472180561658263e+02 1.562396940409122968e-49
1.094829393937746715e+02 1.559935754083127874e-49
1.098196933625265501e+02 1.557483597807802391e-49
1.101574831386480184e+02 1.555040440196606093e-49
1.104963119081354250e+02 1.552606250121354908e-49
1.108361828667846538e+02 1.550180996701107319e-49
1.111770992202217343e+02 1.547764649208401899e-49
1.115190641839324002e+02 1.545357178862293216e-49
1.118620809832927989e+02 1.542958552260699096e-49
1.122061528536002015e+02 1.540568742029398030e-49
1.125512830401028168e+02 1.538187718037413569e-49
1.128974747980309559e+02 1.535815450901560036e-49
1.132447313926273722e+02 1.533451911514107542e-49
1.135930560991786393e+02 1.531097071019878863e-49
1.139424522030452778e+02 1.528750900812096269e-49
1.142929229996932321e+02 1.526413372530259264e-49
1.146444717947247227e+02 1.524084458060195865e-49
1.149971019039098508e+02 1.521764129532588506e-49
1.153508166532172368e+02 1.519452359323228524e-49
1.157056193788458103e+02 1.517149120052455534e-49
1.160615134272560880e+02 1.514854384584736215e-49
1.164185021552021340e+02 1.512568126029270496e-49
1.167765889297625677e+02 1.510290317739055682e-49
1.171357771283727942e+02 1.508020933310859293e-49
1.174960701388566235e+02 1.505759946586397653e-49
1.178574713594586569e+02 1.503507331651546999e-49
1.182199841988756646e+02 1.501263062838526514e-49
1.185836120762890999e+02 1.499027114726808948e-49
1.189483584213976712e+02 1.496799462150834061e-49
1.193142266744490030e+02 1.494580080218013549e-49
1.196812202862725627e+02 1.492368944387500572e-49
1.200493427183119337e+02 1.490166030964389433e-49
1.204185974426579975e+02 1.487971326419865998e-49
1.207889879420809223e+02 1.485784808677301192e-49
1.211605177100634734e+02 1.483606374632022164e-49
1.215331902508337976e+02 1.481436103733608133e-49
1.219070090793989039e+02 1.479273937190838420e-49
1.222819777215770642e+02 1.477119850806145962e-49
1.226580997140316356e+02 1.474973821640953679e-49
1.230353786043040856e+02 1.472835827155307284e-49
1.234138179508479993e+02 1.470705845094338492e-49
1.237934213230619207e+02 1.468583853464996317e-49
1.241741923013233162e+02 1.466469830527859998e-49
1.245561344770227521e+02 1.464363754795173412e-49
1.249392514525970768e+02 1.462265605029424162e-49
1.253235468415637826e+02 1.460175360242942859e-49
1.257090242685549697e+02 1.458092999696988134e-49
1.260956873693519213e+02 1.456018502901532034e-49
1.264835397909186980e+02 1.453951849613254182e-49
1.268725851914370395e+02 1.451893019835314828e-49
1.272628272403406129e+02 1.449841993815948752e-49
1.276542696183501135e+02 1.447798752046266275e-49
1.280469160175072147e+02 1.445763275257961220e-49
1.284407701412099243e+02 1.443735544422081997e-49
1.288358357042472733e+02 1.441715540745854005e-49
1.292321164328348004e+02 1.439703245669614275e-49
1.296296160646489852e+02 1.437698640864000778e-49
1.300283383488628886e+02 1.435701708226601062e-49
1.304282870461818504e+02 1.433712429878511060e-49
1.308294659288782213e+02 1.431730788160187800e-49
1.312318787808274863e+02 1.429756765627888383e-49
1.316355293975436496e+02 1.427790345049694377e-49
1.320404215862155297e+02 1.425831509401595844e-49
1.324465591657419736e+02 1.423880241862356705e-49
1.328539459667683218e+02 1.421936525811081791e-49
1.332625858317223617e+02 1.420000344822070810e-49
1.336724826148509351e+02 1.418071682660390944e-49
1.340836401822556923e+02 1.416150523279579306e-49
1.344960624119299553e+02 1.414236850816782912e-49
1.349097531937950691e+02 1.412330649589245706e-49
1.353247164297376344e+02 1.410431904091841608e-49
1.357409560336455172e+02 1.408540598993305917e-49
1.361584759314451105e+02 1.406656719133636939e-49
1.365772800611388504e+02 1.404780249521292329e-49
1.369973723728414257e+02 1.402911175331643212e-49
1.374187568288177204e+02 1.401049481904230722e-49
1.378414374035198477e+02 1.399195154741296091e-49
1.382654180836251214e+02 1.397348179506445760e-49
1.386907028680729468e+02 1.395508542023167221e-49
1.391172957681030482e+02 1.393676228273856103e-49
1.395452008072929857e+02 1.391851224399507757e-49
1.399744220215966664e+02 1.390033516698279241e-49
1.404049634593816620e+02 1.388223091626051278e-49
1.408368291814678059e+02 1.386419935795434059e-49
1.412700232611653917e+02 1.384624035976325782e-49
1.417045497843139970e+02 1.382835379095170660e-49
1.421404128493202563e+02 1.381053952235841256e-49
1.425776165671969125e+02 1.379279742639771796e-49
1.430161650616020381e+02 1.377512737705737685e-49
1.434560624688770361e+02 1.375752924991057263e-49
1.438973129380862588e+02 1.374000292211446336e-49
1.443399206310559180e+02 1.372254827241618865e-49
1.447838897224137327e+02 1.370516518116369459e-49
1.452292243996276397e+02 1.368785353030846848e-49
1.456759288630457263e+02 1.367061320341078228e-49
1.461240073259356222e+02 1.365344408565272626e-49
1.465734640145248022e+02 1.363634606384157988e-49
1.470243031680396086e+02 1.361931902641938904e-49
1.474765290387457242e+02 1.360236286347581168e-49
1.479301458919881327e+02 1.358547746675371448e-49
1.483851580062317623e+02 1.356866272966136135e-49
1.488415696731011337e+02 1.355191854728274463e-49
1.492993851974211736e+02 1.353524481639029773e-49
1.497586088972582274e+02 1.351864143544755202e-49
1.502192451039600201e+02 1.350210830463492867e-49
1.506812981621970096e+02 1.348564532584392168e-49
1.511447724300030870e+02 1.346925240269848756e-49
1.516096722788172997e+02 1.345292944056025085e-49
1.520760020935241812e+02 1.343667634653508452e-49
1.525437662724956454e+02 1.342049302948208520e-49
1.530129692276322828e+02 1.340437940002136141e-49
1.534836153844054820e+02 1.338833537052972639e-49
1.539557091818982997e+02 1.337236085515283726e-49
1.544292550728479796e+02 1.335645576979614000e-49
1.549042575236875052e+02 1.334062003212741998e-49
1.553807210145885449e+02 1.332485356156718678e-49
1.558586500395025780e+02 1.330915627928799422e-49
1.563380491062038971e+02 1.329352810819611974e-49
1.568189227363325529e+02 1.327796897292610051e-49
1.573012754654359924e+02 1.326247879982342693e-49
1.577851118430125439e+02 1.324705751692834690e-49
1.582704364325539927e+02 1.323170505395771984e-49
1.587572538115892371e+02 1.321642134228787150e-49
1.592455685717265794e+02 1.320120631493045047e-49
1.597353853186975243e+02 1.318605990651207545e-49
1.602267086724000933e+02 1.317098205325388176e-49
1.607195432669428499e+02 1.315597269294839202e-49
1.612138937506877880e+02 1.314103176493856897e-49
1.617097647862947554e+02 1.312615921009552747e-49
1.622071610507651371e+02 1.311135497080013013e-49
1.627060872354865069e+02 1.309661899092383863e-49
1.632065480462761116e+02 1.308195121580842732e-49
1.637085482034255790e+02 1.306735159225552677e-49
1.642120924417459094e+02 1.305282006850481238e-49
1.647171855106113298e+02 1.303835659415297495e-49
1.652238321740045137e+02 1.302396112067867362e-49
1.657320372105614297e+02 1.300963360008429558e-49
1.662418054136168450e+02 1.299537398653905010e-49
1.667531415912486921e+02 1.298118223534937365e-49
1.672660505663240258e+02 1.296705830324103937e-49
1.677805371765441862e+02 1.295300214834398318e-49
1.682966062744910971e+02 1.293901373019091743e-49
1.688142627276720305e+02 1.292509300971795571e-49
1.693335114185662178e+02 1.291123994926793059e-49
1.698543572446704957e+02 1.289745451259760834e-49
1.703768051185462014e+02 1.288373666487907533e-49
1.709008599678645623e+02 1.287008637270802382e-49
1.714265267354535354e+02 1.285650360410930686e-49
1.719538103793451285e+02 1.284298832854628957e-49
1.724827158728209895e+02 1.282954051692748461e-49
1.730132482044600124e+02 1.281616014161581416e-49
1.735454123781851479e+02 1.280284717643937221e-49
1.740792134133111517e+02 1.278960159669938752e-49
1.746146563445909976e+02 1.277642337918333891e-49
1.751517462222639949e+02 1.276331250217337975e-49
1.756904881121031679e+02 1.275026894546165997e-49
1.762308870954635722e+02 1.273729269035863661e-49
1.767729482693293050e+02 1.272438371970667904e-49
1.773166767463622193e+02 1.271154201789414523e-49
1.778620776549498714e+02 1.269876757086469497e-49
1.784091561392544634e+02 1.268606036613033489e-49
1.789579173592604207e+02 1.267342039278318156e-49
1.795083664908235335e+02 1.266084764150596552e-49
1.800605087257203252e+02 1.264834210458006071e-49
1.806143492716959997e+02 1.263590377589422226e-49
1.811698933525140944e+02 1.262353265095400996e-49
1.817271462080056779e+02 1.261122872688228007e-49
1.822861130941192300e+02 1.259899200242637539e-49
1.828467992829693003e+02 1.258682247795484171e-49
1.834092100628868138e+02 1.257472015546210527e-49
1.839733507384687812e+02 1.256268503856196456e-49
1.845392266306288604e+02 1.255071713248364014e-49
1.851068430766465553e+02 1.253881644406529674e-49
1.856762054302182889e+02 1.252698298174737932e-49
1.862473190615074827e+02 1.251521675556179378e-49
1.868201893571959715e+02 1.250351777712036225e-49
1.873948217205337698e+02 1.249188605960907829e-49
1.879712215713904016e+02 1.248032161776870556e-49
1.885493943463067978e+02 1.246882446788982487e-49
1.891293454985453195e+02 1.245739462779840478e-49
1.897110804981419960e+02 1.244603211684453415e-49
1.902946048319576562e+02 1.243473695589723182e-49
1.908799240037305935e+02 1.242350916733051475e-49
1.914670435341271855e+02 1.241234877502771659e-49
1.920559689607948144e+02 1.240125580440302555e-49
1.926467058384136806e+02 1.239023028303887435e-49
1.932392597387499222e+02 1.237927223926316424e-49
1.938336362507071726e+02 1.236838169791685311e-49
1.944298409803798222e+02 1.235755869689107156e-49
1.950278795511056558e+02 1.234680326669289099e-49
1.956277576035196546e+02 1.233611544152482606e-49
1.962294807956059515e+02 1.232549525714693232e-49
1.968330548027519171e+02 1.231494275082707222e-49
1.974384853178021046e+02 1.230445796134158359e-49
1.980457780511108865e+02 1.229404092897702305e-49
1.986549387305971379e+02 1.228369169554148848e-49
1.992659731017977265e+02 1.227341030436976569e-49
1.998788869279225935e+02 1.226319680033557571e-49
2.004936859899078740e+02 1.225305122986026333e-49
2.011103760864712910e+02 1.224297364092303894e-49
2.017289630341663269e+02 1.223296408307459713e-49
2.023494526674380722e+02 1.222302260744719714e-49
2.029718508386768292e+02 1.221314926676740596e-49
2.035961634182742728e+02 1.220334411536904833e-49
2.042223962946783331e+02 1.219360720920675696e-49
2.048505553744496410e+02 1.218393860586906312e-49
2.054806465823158703e+02 1.217433836458977797e-49
2.061126758612284107e+02 1.216480654626250946e-49
2.067466491724188700e+02 1.215534321345156320e-49
2.073825724954541840e+02 1.214594843040556100e-49
2.080204518282937727e+02 1.213662226306367567e-49
2.086602931873457010e+02 1.212736477906891344e-49
2.093021026075242901e+02 1.211817604777194443e-49
2.099458861423058238e+02 1.210905614024181938e-49
2.105916498637863299e+02 1.210000512926465166e-49
2.112393998627386225e+02 1.209102308935115863e-49
2.118891422486704528e+02 1.208211009673546523e-49
2.125408831498809263e+02 1.207326622937511535e-49
2.131946287135191085e+02 1.206449156694894862e-49
2.138503851056416920e+02 1.205578619085468856e-49
2.145081585112718301e+02 1.204715018420448725e-49
2.151679551344563208e+02 1.203858363182010916e-49
2.158297811983247527e+02 1.203008662023021732e-49
2.164936429451488209e+02 1.202165923766268194e-49
2.171595466363998810e+02 1.201330157403407829e-49
2.178274985528088905e+02 1.200501372099442790e-49
2.184975049944252987e+02 1.199679577181122353e-49
2.191695722806771869e+02 1.198864782149629372e-49
2.198437067504296749e+02 1.198056996673321491e-49
2.205199147620456017e+02 1.197256230589075521e-49
2.211982026934448982e+02 1.196462493902897062e-49
2.218785769421658358e+02 1.195675796790341719e-49
2.225610439254238599e+02 1.194896149596456047e-49
2.232456100801731509e+02 1.194123562836642973e-49
2.239322818631667644e+02 1.193358047197322307e-49
2.246210657510185627e+02 1.192599613536864159e-49
2.253119682402627575e+02 1.191848272886126005e-49
2.260049958474160690e+02 1.191104036449563103e-49
2.267001551090397413e+02 1.190366915606348776e-49
2.273974525817999108e+02 1.189636921911339544e-49
2.280968948425302756e+02 1.188914067096492432e-49
2.287984884882937138e+02 1.188198363071598786e-49
2.295022401364454083e+02 1.187489821926362474e-49
2.302081564246939536e+02 1.186788455930956138e-49
2.309162440111647641e+02 1.186094277537915557e-49
2.316265095744624603e+02 1.185407299383385277e-49
2.323389598137349026e+02 1.184727534288624038e-49
2.330536014487347529e+02 1.184054995261116705e-49
2.337704412198839634e+02 1.183389695496544600e-49
2.344894858883368727e+02 1.182731648379496716e-49
2.352107422360448084e+02 1.182080867485082637e-49
2.359342170658187570e+02 1.181437366579995092e-49
2.366599172013941370e+02 1.180801159623604226e-49
2.373878494874959699e+02 1.180172260768633298e-49
2.381180207899019194e+02 1.179550684362392543e-49
2.388504379955081163e+02 1.178936444946933754e-49
2.395851080123934764e+02 1.178329557259691048e-49
2.403220377698859807e+02 1.177730036233899045e-49
2.410612342186264243e+02 1.177137896998862927e-49
2.418027043306351516e+02 1.176553154879909628e-49
2.425464550993771411e+02 1.175975825398698529e-49
2.432924935398289392e+02 1.175405924273203420e-49
2.440408266885435751e+02 1.174843467417766428e-49
2.447914616037176643e+02 1.174288470943207412e-49
2.455444053652575747e+02 1.173740951156842194e-49
2.462996650748472689e+02 1.173200924563020573e-49
2.470572478560137029e+02 1.172668407863170390e-49
2.478171608541947819e+02 1.172143417956181716e-49
2.485794112368074877e+02 1.171625971939260312e-49
2.493440061933141010e+02 1.171116087108227695e-49
2.501109529352908112e+02 1.170613780958427007e-49
2.508802586964954173e+02 1.170119071185691000e-49
2.516519307329364210e+02 1.169631975687143838e-49
2.524259763229400448e+02 1.169152512562285302e-49
2.532024027672199225e+02 1.168680700114248763e-49
2.539812173889452822e+02 1.168216556850929445e-49
2.547624275338112056e+02 1.167760101486341341e-49
2.555460405701063280e+02 1.167311352942029016e-49
2.563320638887833525e+02 1.166870330348349128e-49
2.571205049035282286e+02 1.166437053046168613e-49
2.579113710508310646e+02 1.166011540588246673e-49
2.587046697900549361e+02 1.165593812740974363e-49
2.595004086035067417e+02 1.165183889485715555e-49
2.602985949965085979e+02 1.164781791020782775e-49
2.610992364974674160e+02 1.164387537762681694e-49
2.619023406579463540e+02 1.164001150347781586e-49
2.627079150527360412e+02 1.163622649633816199e-49
2.635159672799268833e+02 1.163252056701321003e-49
2.643265049609790367e+02 1.162889392854723093e-49
2.651395357407955089e+02 1.162534679623749949e-49
2.659550672877936677e+02 1.162187938764282901e-49
2.667731072939786827e+02 1.161849192259527928e-49
2.675936634750143526e+02 1.161518462320574761e-49
2.684167435702971147e+02 1.161195771387359922e-49
2.692423553430283505e+02 1.160881142129423331e-49
2.700705065802887930e+02 1.160574597445092446e-49
2.709012050931103772e+02 1.160276160464917569e-49
2.717344587165504777e+02 1.159985854549378101e-49
2.725702753097670552e+02 1.159703703291102980e-49
2.734086627560907345e+02 1.159429730514948547e-49
2.742496289631004061e+02 1.159163960278816304e-49
2.750931818626974064e+02 1.158906416874712243e-49
2.759393294111812338e+02 1.158657124829446093e-49
2.767880795893229333e+02 1.158416108906015967e-49
2.776394404024416644e+02 1.158183394133996082e-49
2.784934198804794505e+02 1.157959005660102911e-49
2.793500260780782014e+02 1.157742969050815899e-49
2.802092670746537806e+02 1.157535309998157097e-49
2.810711509744735963e+02 1.157336054461952626e-49
2.819356859067322603e+02 1.157145228647394456e-49
2.828028800256295767e+02 1.156962859005695032e-49
2.836727415104456327e+02 1.156788972235539716e-49
2.845452785656186734e+02 1.156623595285074969e-49
2.854204994208236599e+02 1.156466755353746502e-49
2.862984123310480413e+02 1.156318479894129263e-49
2.871790255766704831e+02 1.156178796613843264e-49
2.880623474635389130e+02 1.156047733477615064e-49
2.889483863230494762e+02 1.155925318709131500e-49
2.898371505122238432e+02 1.155811580792648421e-49
2.907286484137889033e+02 1.155706548475388892e-49
2.916228884362553231e+02 1.155610250768715513e-49
2.925198790139980360e+02 1.155522716950147663e-49
2.934196286073340616e+02 1.155443976564718791e-49
2.943221457026034500e+02 1.155374059426651437e-49
2.952274388122485789e+02 1.155312995620539998e-49
2.961355164748960647e+02 1.155260815502702712e-49
2.970463872554350360e+02 1.155217549702620418e-49
2.979600597450989881e+02 1.155183229123849278e-49
2.988765425615478648e+02 1.155157884945636728e-49
2.997958443489472984e+02 1.155141548623883569e-49
3.007179737780514301e+02 1.155134251892817661e-49
3.016429395462842535e+02 1.155136026765995507e-49
3.025707503778224918e+02 1.155146905538279806e-49
3.035014150236764863e+02 1.155166920787223148e-49
3.044349422617736991e+02 1.155196105374879003e-49
3.053713408970407954e+02 1.155234492449629623e-49
3.063106197614883399e+02 1.155282115448376857e-49
3.072527877142916850e+02 1.155339008098459686e-49
3.081978536418762360e+02 1.155405204420027545e-49
3.091458264580004993e+02 1.155480738728280330e-49
3.100967151038412339e+02 1.155565645635931545e-49
3.110505285480761017e+02 1.155659960056098374e-49
3.120072757869692168e+02 1.155763717204460785e-49
3.129669658444568086e+02 1.155876952602260608e-49
3.139296077722304972e+02 1.155999702079446846e-49
3.148952106498239232e+02 1.156132001776946258e-49
3.158637835846978419e+02 1.156273888150366630e-49
3.168353357123270939e+02 1.156425397972300966e-49
3.178098761962851313e+02 1.156586568335921946e-49
3.187874142283314995e+02 1.156757436657822993e-49
3.197679590284979554e+02 1.156938040680945573e-49
3.207515198451766878e+02 1.157128418477781856e-49
3.217381059552058105e+02 1.157328608453371140e-49
3.227277266639578670e+02 1.157538649348243284e-49
3.237203913054270856e+02 1.157758580241757353e-49
3.247161092423188506e+02 1.157988440555074677e-49
3.257148898661357066e+02 1.158228270054566055e-49
3.267167425972672277e+02 1.158478108855148111e-49
3.277216768850798303e+02 1.158737997423924851e-49
3.287297022080037436e+02 1.159007976584134779e-49
3.297408280736239021e+02 1.159288087518979315e-49
3.307550640187687350e+02 1.159578371776337161e-49
3.317724196096018545e+02 1.159878871273222846e-49
3.327929044417098794e+02 1.160189628300808365e-49
3.338165281401943503e+02 1.160510685530063732e-49
3.348433003597620541e+02 1.160842086017090833e-49
3.358732307848172809e+02 1.161183873209736331e-49
3.369063291295510680e+02 1.161536090953870700e-49
3.379426051380343665e+02 1.161898783500582074e-49
3.389820685843091042e+02 1.162271995513594558e-49
3.400247292724818635e+02 1.162655772077609136e-49
3.410705970368140925e+02 1.163050158706742577e-49
3.421196817418161800e+02 1.163455201353689321e-49
3.431719932823413046e+02 1.163870946419647203e-49
3.442275415836768389e+02 1.164297440765082003e-49
3.452863366016391637e+02 1.164734731720707173e-49
3.463483883226671196e+02 1.165182867099895494e-49
3.474137067639173893e+02 1.165641895211464670e-49
3.484823019733569254e+02 1.166111864873805587e-49
3.495541840298592433e+02 1.166592825429977044e-49
3.506293630432986106e+02 1.167084826764233736e-49
3.517078491546468513e+02 1.167587919319596090e-49
3.527896525360670807e+02 1.168102154117681763e-49
3.538747833910107943e+02 1.168627582780002298e-49
3.549632519543134208e+02 1.169164257551436548e-49
3.560550684922924916e+02 1.169712231326218906e-49
3.571502433028421706e+02 1.170271557676857868e-49
3.582487867155314234e+02 1.170842290885960993e-49
3.593507090917026403e+02 1.171424485981617105e-49
3.604560208245671333e+02 1.172018198776949884e-49
3.615647323393046122e+02 1.172623485914242823e-49
3.626768540931607276e+02 1.173240404914102149e-49
3.637923965755473432e+02 1.173869014230438442e-49
3.649113703081391122e+02 1.174509373312954683e-49
3.660337858449742043e+02 1.175161542676226891e-49
3.671596537725532130e+02 1.175825583978703640e-49
3.682889847099403369e+02 1.176501560111447835e-49
3.694217893088614915e+02 1.177189535298895321e-49
3.705580782538060021e+02 1.177889575213108405e-49
3.716978622621269324e+02 1.178601747104314460e-49
3.728411520841434594e+02 1.179326119950805049e-49
3.739879585032401792e+02 1.180062764627533342e-49
3.751382923359696520e+02 1.180811754104755310e-49
3.762921644321560279e+02 1.181573163673777544e-49
3.774495856749945801e+02 1.182347071208957446e-49
3.786105669811562393e+02 1.183133557471273105e-49
3.797751193008896848e+02 1.183932706468327239e-49
3.809432536181261639e+02 1.184744605864589532e-49
3.821149809505807866e+02 1.185569347473267982e-49
3.832903123498578566e+02 1.186407027832558074e-49
3.844692589015546105e+02 1.187257748889326124e-49
3.856518317253671171e+02 1.188121618812708130e-49
3.868380419751928798e+02 1.188998752967129532e-49
3.880279008392375317e+02 1.189889275082109208e-49
3.892214195401197685e+02 1.190793318664242799e-49
3.904186093349786120e+02 1.191711028713451000e-49
3.916194815155771494e+02 1.192642563818154358e-49
3.928240474084104221e+02 1.193588098730984958e-49
3.940323183748134284e+02 1.194547827554363669e-49
3.952443058110656580e+02 1.195521967708091325e-49
3.964600211485004593e+02 1.196510764906940152e-49
3.976794758536118479e+02 1.197514499454211239e-49
3.989026814281643851e+02 1.198533494266578807e-49
4.001296494092993612e+02 1.199568125197561498e-49
4.013603913696447876e+02 1.200618834447913869e-49
4.025949189174243088e+02 1.201686148167105295e-49
4.038332436965678198e+02 1.202770699818417821e-49
4.050753773868192411e+02 1.203873261575476115e-49
4.063213317038479886e+02 1.204994787078311070e-49
4.075711183993589657e+02 1.206136470512593962e-49
4.088247492612046585e+02 1.207299829563673650e-49
4.100822361134943890e+02 1.208486823973932053e-49
4.113435908167064099e+02 1.209700028344955408e-49
4.126088252678015920e+02 1.210942889594916974e-49
4.138779514003329041e+02 1.212220120127347594e-49
4.151509811845595550e+02 1.213538315275308539e-49
4.164279266275592022e+02 1.214906954447037948e-49
4.177087997733428324e+02 1.216340085434426210e-49
4.189936127029658337e+02 1.217859282869780737e-49
4.202823775346436150e+02 1.219499116904290129e-49
4.215751064238651225e+02 1.221317903334877963e-49
4.228718115635090271e+02 1.223420497069193702e-49
4.241725051839563321e+02 1.226011470875752766e-49
4.254771995532074698e+02 1.229535736234709463e-49
4.267859069769969551e+02 1.235120357514164121e-49
4.280986397989113357e+02 1.246368446862169180e-49
4.294154104005029922e+02 1.280645014660432293e-49
4.307362312014080885e+02 1.573845471811325794e-49
4.320611146594653746e+02 2.380311173341844576e-49
4.333900732708305554e+02 1.307529207616509182e-49
4.347231195700964008e+02 1.256983545657342665e-49
4.360602661304097296e+02 1.245483701243367696e-49
4.374015255635918606e+02 1.241858761048489586e-49
4.387469105202551987e+02 1.240826592253298186e-49
4.400964336899237423e+02 1.240896493000719087e-49
4.414501078011524555e+02 1.241517438055553975e-49
4.428079456216488552e+02 1.242447777902383009e-49
4.441699599583906206e+02 1.243568140656276696e-49
4.455361636577484887e+02 1.244814132937964338e-49
4.469065696056062507e+02 1.246148582087011190e-49
4.482811907274842724e+02 1.247548843195940302e-49
4.496600399886585251e+02 1.249000506044666481e-49
4.510431303942845034e+02 1.250494064652272603e-49
4.524304749895208602e+02 1.252023057192638295e-49
4.538220868596500850e+02 1.253582979028752591e-49
4.552179791302035028e+02 1.255170622539356017e-49
4.566181649670843967e+02 1.256783662576165305e-49
4.580226575766937458e+02 1.258420388484475239e-49
4.594314702060521540e+02 1.260079526377823048e-49
4.608446161429266681e+02 1.261760118563284174e-49
4.622621087159552644e+02 1.263461440064324060e-49
4.636839612947741216e+02 1.265182939762093991e-49
4.651101872901411980e+02 1.266924198206792427e-49
4.665408001540646410e+02 1.268684896920944722e-49
4.679758133799283542e+02 1.270464795757733448e-49
4.694152405026215433e+02 1.272263715990946862e-49
4.708590950986634311e+02 1.274081527539820573e-49
4.723073907863324621e+02 1.275918139216009064e-49
4.737601412257966444e+02 1.277773491205358447e-49
4.752173601192392312e+02 1.279647549221485596e-49
4.766790612109897438e+02 1.281540299923885261e-49
4.781452582876531210e+02 1.283451747302483910e-49
4.796159651782411402e+02 1.285381909812364129e-49
4.810911957543003723e+02 1.287330818099223859e-49
4.825709639300445701e+02 1.289298513205258759e-49
4.840552836624854081e+02 1.291285045190039052e-49
4.855441689515656662e+02 1.293290472155042191e-49
4.870376338402884926e+02 1.295314859762133382e-49
4.885356924148517805e+02 1.297358281582228015e-49
4.900383588047801595e+02 1.299420821381161590e-49
4.915456471830600549e+02 1.301502581506107351e-49
4.930575717662706552e+02 1.303603718326776933e-49
4.945741468147191426e+02 1.305724694177670599e-49
4.960953866325770036e+02 1.307484796042873696e-49
4.976213055680117350e+02 1.310020495363676431e-49
4.991519180133243481e+02 1.312200003689757325e-49
5.006872384050839173e+02 1.314398715401177177e-49
5.022272812242659370e+02 1.316617099344827244e-49
5.037720609963858465e+02 1.318855328806203368e-49
5.053215922916379554e+02 1.321113529102483353e-49
5.068758897250318682e+02 1.323391812971919608e-49
5.084349679565325459e+02 1.325690289364228243e-49
5.099988416911952527e+02 1.328009066320458594e-49
5.115675256793064705e+02 1.330348252086418814e-49
5.131410347165219719e+02 1.332707955588609107e-49
5.147193836440085306e+02 1.335088286648911200e-49
5.163025873485803459e+02 1.337489356081882207e-49
5.178906607628416623e+02 1.339911275736236780e-49
5.194836188653287081e+02 1.342354158508523191e-49
5.210814766806481657e+02 1.344818118342780922e-49
5.226842492796205306e+02 1.347303270223851421e-49
5.242919517794216517e+02 1.349809730167089464e-49
5.259045993437272273e+02 1.352337615207400136e-49
5.275222071828526396e+02 1.354887043388130926e-49
5.291447905538985879e+02 1.357458133751193857e-49
5.307723647608938791e+02 1.360051006327365582e-49
5.324049451549421974e+02 1.362665782128144362e-49
5.340425471343629624e+02 1.365302583138700363e-49
5.356851861448394629e+02 1.367961532311757290e-49
5.373328776795632393e+02 1.370642753562404950e-49
5.389856372793822175e+02 1.373346371763894618e-49
5.406434805329440678e+02 1.376072512744442642e-49
5.423064230768449079e+02 1.378821303284545662e-49
5.439744805957786866e+02 1.381592871115003822e-49
5.456476688226814531e+02 1.384387344915858980e-49
5.473260035388818778e+02 1.387204854315827250e-49
5.490095005742496141e+02 1.390045529892066550e-49
5.506981758073459332e+02 1.392909503171070898e-49
5.523920451655711759e+02 1.395796906629468225e-49
5.540911246253161835e+02 1.398707873695907717e-49
5.557954302121125920e+02 1.401642538752761038e-49
5.575049780007858544e+02 1.404601037138972717e-49
5.592197841156038294e+02 1.407583505152473340e-49
5.609398647304307133e+02 1.410590080053617906e-49
5.626652360688785848e+02 1.413620900068451915e-49
5.643959144044629284e+02 1.416676104392528211e-49
5.661319160607525873e+02 1.419755833194815925e-49
5.678732574115250600e+02 1.422860227621493005e-49
5.696199548809232738e+02 1.425989429800590119e-49
5.713720249436065615e+02 1.429143582846087233e-49
5.731294841249089131e+02 1.432322830862570237e-49
5.748923490009927946e+02 1.435527318949871618e-49
5.766606361990087635e+02 1.438757193208142234e-49
5.784343623972482646e+02 1.442012600742817877e-49
5.802135443253031326e+02 1.445293689669998318e-49
5.819981987642227068e+02 1.448600609121706526e-49
5.837883425466743574e+02 1.451933509251771550e-49
5.855839925570982132e+02 1.455292541241627274e-49
5.873851657318695061e+02 1.458677857305882325e-49
5.891918790594563689e+02 1.462089610698884361e-49
5.910041495805830891e+02 1.465527955720599345e-49
5.928219943883869973e+02 1.468993047722816141e-49
5.946454306285814937e+02 1.472485043115573111e-49
5.964744754996194160e+02 1.476004099373464696e-49
5.983091462528518605e+02 1.479550375041993756e-49
6.001494601926934820e+02 1.483124029743888595e-49
6.019954346767838160e+02 1.486725224185836644e-49
6.038470871161540572e+02 1.490354120165083696e-49
6.057044349753875849e+02 1.494010880576139672e-49
6.075674957727868559e+02 1.497695669417561875e-49
6.094362870805372268e+02 1.501408651799062615e-49
6.113108265248760063e+02 1.505149993948544472e-49
6.131911317862538908e+02 1.508919863219515387e-49
6.150772205995052673e+02 1.512718428098090122e-49
6.169691107540132862e+02 1.516545858210550063e-49
6.188668200938809605e+02 1.520402324331013171e-49
6.207703665180949884e+02 1.524287998388598194e-49
6.226797679806970791e+02 1.528203053475189576e-49
6.245950424909549383e+02 1.532147663852612686e-49
6.265162081135280232e+02 1.536122004961166536e-49
6.284432829686410287e+02 1.540126253426068234e-49
6.303762852322530534e+02 1.544160587066072868e-49
6.323152331362321092e+02 1.548225184900960003e-49
6.342601449685225816e+02 1.552320227159449566e-49
6.362110390733207623e+02 1.556445895287420070e-49
6.381679338512462891e+02 1.560602371955850326e-49
6.401308477595187014e+02 1.564789841069405337e-49
6.420997993121272884e+02 1.569008487774599828e-49
6.440748070800082132e+02 1.573258498468129654e-49
6.460558896912186810e+02 1.577540060805820235e-49
6.480430658311150864e+02 1.581853363710770525e-49
6.500363542425254764e+02 1.586198597382259476e-49
6.520357737259280384e+02 1.590575953304300971e-49
6.540413431396306123e+02 1.594985624254274159e-49
6.560530813999444035e+02 1.599427804311641334e-49
6.580710074813653137e+02 1.603902688867206683e-49
6.600951404167514056e+02 1.608410474631489481e-49
6.621254992975051437e+02 1.612951359644206171e-49
6.641621032737491532e+02 1.617525543283260198e-49
6.662049715545101662e+02 1.622133226274513141e-49
6.682541234078983052e+02 1.626774610700744350e-49
6.703095781612917108e+02 1.631449900011373835e-49
6.723713552015146888e+02 1.636159299032469268e-49
6.744394739750233612e+02 1.640903013976104245e-49
6.765139539880879056e+02 1.645681252450494802e-49
6.785948148069787749e+02 1.650494223469808717e-49
6.806820760581475724e+02 1.655342137464191692e-49
6.827757574284141810e+02 1.660225206290037189e-49
6.848758786651541186e+02 1.665143643239768570e-49
6.869824595764813466e+02 1.670097663052783505e-49
6.890955200314371041e+02 1.675087481925799578e-49
6.912150799601764675e+02 1.680113317523531485e-49
6.933411593541588900e+02 1.685175388989711209e-49
6.954737782663326016e+02 1.690273916958458204e-49
6.976129568113266259e+02 1.695409123565369080e-49
6.997587151656389324e+02 1.700581232459373954e-49
7.019110735678298170e+02 1.705790468814406127e-49
7.040700523187081217e+02 1.711037059341383403e-49
7.062356717815258662e+02 1.716321232300474267e-49
7.084079523821691282e+02 1.721643217513761751e-49
7.105869146093529025e+02 1.727003246377630206e-49
7.127725790148105034e+02 1.732401551876346629e-49
7.149649662134895607e+02 1.737838368595266334e-49
7.171640968837483570e+02 1.743313932735066048e-49
7.193699917675469351e+02 1.748828482126223139e-49
7.215826716706451407e+02 1.754382256243925169e-49
7.238021574627977088e+02 1.759975496224430381e-49
7.260284700779541254e+02 1.765608444880763493e-49
7.282616305144513262e+02 1.771281346720474308e-49
7.305016598352150368e+02 1.776994447963820966e-49
7.327485791679566773e+02 1.782747996562800584e-49
7.350024097053758396e+02 1.788542242221578773e-49
7.372631727053556006e+02 1.794377436417923044e-49
7.395308894911660218e+02 1.800253832427127072e-49
7.418055814516636701e+02 1.806171685346778178e-49
7.440872700414964811e+02 1.812131252124845600e-49
7.463759767813016879e+02 1.818132791589306283e-49
7.486717232579109123e+02 1.824176564482622147e-49
7.509745311245559378e+02 1.830262833497629912e-49
7.532844221010686852e+02 1.836391863320601982e-49
7.556014179740888039e+02 1.842563920677565821e-49
7.579255405972680819e+02 1.848779274388262710e-49
7.602568118914789466e+02 1.855038195427776639e-49
7.625952538450172824e+02 1.861340956997936417e-49
7.649408885138126379e+02 1.867687834609917238e-49
7.672937380216343399e+02 1.874079106183139679e-49
7.696538245603040878e+02 1.880515052161026743e-49
7.720211703898999076e+02 1.886995955650754693e-49
7.743957978389693153e+02 1.893522102592040564e-49
7.767777293047387275e+02 1.900093781962852244e-49
7.791669872533275338e+02 1.906711286032073756e-49
7.815635942199551209e+02 1.913374910674776343e-49
7.839675728091565361e+02 1.920084955765599703e-49
7.863789456949969008e+02 1.926841725678033124e-49
7.887977356212816176e+02 1.933645529922935058e-49
7.912239654017733983e+02 1.940496683974487234e-49
7.936576579204061090e+02 1.947395510349884765e-49
7.960988361315038446e+02 1.954342340039866983e-49
7.985475230599922725e+02 1.961337514427366025e-49
8.010037418016195261e+02 1.968381387897469223e-49
8.034675155231719827e+02 1.975474331441488426e-49
8.059388674626964075e+02 1.982616737718447427e-49
8.084178209297137983e+02 1.989809028291248492e-49
8.109043993054428938e+02 1.997051664182803864e-49
8.133986260430189077e+02 2.004345161625244271e-49
8.159005246677180594e+02 2.011690116152238255e-49
8.184101187771744890e+02 2.019087240518514926e-49
8.209274320416051296e+02 2.026537426354630909e-49
8.234524882040359444e+02 2.034041848246053106e-49
8.259853110805204324e+02 2.041602147308452458e-49
8.285259245603675708e+02 2.049220772274275237e-49
8.310743526063658919e+02 2.056901654313631603e-49
8.336306192550123342e+02 2.064651649641289274e-49
8.361947486167342731e+02 2.072483941603698722e-49
8.387667648761203054e+02 2.080427169674292095e-49
8.413466922921462583e+02 2.088554725937348834e-49
8.439345551984079066e+02 2.097107789767984023e-49
8.465303780033449357e+02 2.107321431748338968e-49
8.491341851904751366e+02 2.140250680011535468e-49
8.517460013186229162e+02 2.159253846386534722e-49
8.543658510221548568e+02 2.131757466789363316e-49
8.569937590112066346e+02 2.137449836827760877e-49
8.596297500719191476e+02 2.145029347450208771e-49
8.622738490666740745e+02 2.153060927400338899e-49
8.649260809343239771e+02 2.161283094682861800e-49
8.675864706904305876e+02 2.169619731415814477e-49
8.702550434274988902e+02 2.178042352348288505e-49
8.729318243152177956e+02 2.186538500268098922e-49
8.756168386006917217e+02 2.195102147147253344e-49
8.783101116086826323e+02 2.203730187196869792e-49
8.810116687418467336e+02 2.212420973975913010e-49
8.837215354809781047e+02 2.221173645711348510e-49
8.864397373852433475e+02 2.229987788571428170e-49
8.891663000924263542e+02 2.238863257523806021e-49
8.919012493191683006e+02 2.247800075861981058e-49
8.946446108612138914e+02 2.256798376293752328e-49
8.973964105936488522e+02 2.265858365064599212e-49
9.001566744711473120e+02 2.274980299384004961e-49
9.029254285282190722e+02 2.284164472808389157e-49
9.057026988794492581e+02 2.293411205539005665e-49
9.084885117197489990e+02 2.302720837836136286e-49
9.112828933246001952e+02 2.312093725460775357e-49
9.140858700503072214e+02 2.321530236463034275e-49
9.168974683342399885e+02 2.331030748884463642e-49
9.197177146950866700e+02 2.340595649090799075e-49
9.225466357331025620e+02 2.350225330546310923e-49
9.253842581303641737e+02 2.359920192904516292e-49
9.282306086510154728e+02 2.369680641324785699e-49
9.310857141415242495e+02 2.379507085956167043e-49
9.339496015309329096e+02 2.389399941543946634e-49
9.368222978311168845e+02 2.399359627128380274e-49
9.397038301370336058e+02 2.409386565813348186e-49
9.425942256269802328e+02 2.419481184587409137e-49
9.454935115628539961e+02 2.429643914186178896e-49
9.484017152904024215e+02 2.439875188986709897e-49
9.513188642394859471e+02 2.450175446926157900e-49
9.542449859243342871e+02 2.460545129440826527e-49
9.571801079438099578e+02 2.470984681420372794e-49
9.601242579816628222e+02 2.481494551175196294e-49
9.630774638067948672e+02 2.492075190414945789e-49
9.660397532735202049e+02 2.502727054235567637e-49
9.690111543218322367e+02 2.513450601116320385e-49
9.719916949776603587e+02 2.524246292927787886e-49
9.749814033531389441e+02 2.535114594955334876e-49
9.779803076468703011e+02 2.546055975955390236e-49
9.809884361441947931e+02 2.557070908300813885e-49
9.840058172174511810e+02 2.568159868432477871e-49
9.870324793262476533e+02 2.579323338877846699e-49
9.900684510177329685e+02 2.590561827654742337e-49
9.931137609268602091e+02 2.601875509157273100e-49
9.961684377766601983e+02 2.613265513272157761e-49
9.992325103785108240e+02 2.624731862313700974e-49
1.002306007632412502e+03 2.636275150707587036e-49
1.005388958527255340e+03 2.647895884947747424e-49
1.008481392141095739e+03 2.659594569763456544e-49
1.011583337641429353e+03 2.671371712340018539e-49
1.014694824285469736e+03 2.683227823092798117e-49
1.017815881420418691e+03 2.695163415899564553e-49
1.020946538483746394e+03 2.707179008198764363e-49
1.024086825003467993e+03 2.719275121046454827e-49
1.027236770598425665e+03 2.731452279155186821e-49
1.030396404978561122e+03 2.743711010928484363e-49
1.033565757945200630e+03 2.756051848491197383e-49
1.036744859391337741e+03 2.768475327718397879e-49
1.039933739301909327e+03 2.780981988265137881e-49
1.043132427754082983e+03 2.793572373594225512e-49
1.046340954917538284e+03 2.806247031005945733e-49
1.049559351054755325e+03 2.819006511667038915e-49
1.052787646521294619e+03 2.831851370640116589e-49
1.056025871766086993e+03 2.844782166913923444e-49
1.059274057331718495e+03 2.857799463433082759e-49
1.062532233854723245e+03 2.870903827130223328e-49
1.065800432065865834e+03 2.884095828956035971e-49
1.069078682790435323e+03 2.897376043911954620e-49
1.072367016948534001e+03 2.910745051082712439e-49
1.075665465555372748e+03 2.924203433669139142e-49
1.078974059721558433e+03 2.937751779022605969e-49
1.082292830653389046e+03 2.951390678679987610e-49
1.085621809653152241e+03 2.965120728398943174e-49
1.088961028119413868e+03 2.978942528195579792e-49
1.092310517547318113e+03 2.992856682381576489e-49
1.095670309528882854e+03 3.006863799604631879e-49
1.099040435753302063e+03 3.020964492888546480e-49
1.102420928007237080e+03 3.035159379677087302e-49
1.105811818175122653e+03 3.049449081878367843e-49
1.109213138239463660e+03 3.063834225913873713e-49
1.112624920281142067e+03 3.078315442768494779e-49
1.116047196479713193e+03 3.092893368046574460e-49
1.119479999113712665e+03 3.107568642031458334e-49
1.122923360560959054e+03 3.122341909748285667e-49
1.126377313298864919e+03 3.137213821043479851e-49
1.129841889904733989e+03 3.152185030659902783e-49
1.133317123056074024e+03 3.167256198333804233e-49
1.136803045530907639e+03 3.182427988901805743e-49
1.140299690208073798e+03 3.197701072428039450e-49
1.143807090067543868e+03 3.213076124355249148e-49
1.147325278190729705e+03 3.228553825686777028e-49
1.150854287760799934e+03 3.244134863212735184e-49
1.154394152062987359e+03 3.259819929790472022e-49
1.157944904484905464e+03 3.275609724702143815e-49
1.161506578516862874e+03 3.291504954117156827e-49
1.165079207752182811e+03 3.307506331699831617e-49
1.168662825887513463e+03 3.323614579422178434e-49
1.172257466723149946e+03 3.339830428671443151e-49
1.175863164163351939e+03 3.356154621785366989e-49
1.179479952216666106e+03 3.372587914228537979e-49
1.183107864996242370e+03 3.389131077736956471e-49
1.186746936720156555e+03 3.405784904975720882e-49
1.190397201711738944e+03 3.422550216609418324e-49
1.194058694399889646e+03 3.439427872354590955e-49
1.197731449319408284e+03 3.456418788813941371e-49
1.201415501111317326e+03 3.473523969344262268e-49
1.205110884523194045e+03 3.490744556270982273e-49
1.208817634409490438e+03 3.508081926902574897e-49
1.212535785731867009e+03 3.525537881155133094e-49
1.216265373559520413e+03 3.543115036582277932e-49
1.220006433069518607e+03 3.560817742004212861e-49
1.223758999547125768e+03 3.578654466249681320e-49
1.227523108386139484e+03 3.596645186785549014e-49
1.231298795089222722e+03 3.614850682372457337e-49
1.235086095268242843e+03 3.633548940034046576e-49
1.238885044644600839e+03 3.656031683500369232e-49
1.242695679049571936e+03 3.702597121760738875e-49
1.246518034424646430e+03 3.689390514061060710e-49
1.250352146821861879e+03 3.706958724565622676e-49
1.254198052404148712e+03 3.725475374409609459e-49
1.258055787445667420e+03 3.744274051662678137e-49
1.261925388332156444e+03 3.763248937213298282e-49
1.265806891561268458e+03 3.782371594482299960e-49
1.269700333742918247e+03 3.801632234133743123e-49
1.273605751599626501e+03 3.821027103763334796e-49
1.277523181966871334e+03 3.840554811786379233e-49
1.281452661793427069e+03 3.860215021852901718e-49
1.285394228141718941e+03 3.880007919516799620e-49
1.289347918188169615e+03 3.899933970226208796e-49
1.293313769223554800e+03 3.919993800107208883e-49
1.297291818653347946e+03 3.940188133226351201e-49
1.301282103998075627e+03 3.960517756733251494e-49
1.305284662893677023e+03 3.980983500593253930e-49
1.309299533091849526e+03 4.001586225341747155e-49
1.313326752460411171e+03 4.022326814440316572e-49
1.317366358983653981e+03 4.043206169367522146e-49
1.321418390762709123e+03 4.064225206390394735e-49
1.325482886015897066e+03 4.085384854397745038e-49
1.329559883079093652e+03 4.106686053419391337e-49
1.333649420406088893e+03 4.128129753601858169e-49
1.337751536568955771e+03 4.149716914490841093e-49
1.341866270258405166e+03 4.171448504525892836e-49
1.345993660284156476e+03 4.193325500683082285e-49
1.350133745575300509e+03 4.215348888224042589e-49
1.354286565180673506e+03 4.237519660519858002e-49
1.358452158269215033e+03 4.259838818931955278e-49
1.362630564130343828e+03 4.282307372732593105e-49
1.366821822174330691e+03 4.304926339058586028e-49
1.371025971932663197e+03 4.327696742886533165e-49
1.375243053058423357e+03 4.350619617026149288e-49
1.379473105326658697e+03 4.373696002129802165e-49
1.383716168634763790e+03 4.396926946710445511e-49
1.387972283002847462e+03 4.420313507169372636e-49
1.392241488574116602e+03 4.443856747832369486e-49
1.396523825615250416e+03 4.467557740989435747e-49
1.400819334516788331e+03 4.491417566941055600e-49
1.405128055793499925e+03 4.515437314048698196e-49
1.409450030084774426e+03 4.539618078787322826e-49
1.413785298155000646e+03 4.563960965804174714e-49
1.418133900893956707e+03 4.588467087977764651e-49
1.422495879317188383e+03 4.613137566481733141e-49
1.426871274566398370e+03 4.637973530851141623e-49
1.431260127909841003e+03 4.662976119051248483e-49
1.435662480742700154e+03 4.688146477552126752e-49
1.440078374587488270e+03 4.713485761402996159e-49
1.444507851094432453e+03 4.738995134315411914e-49
1.448950952041875098e+03 4.764675768748580472e-49
1.453407719336658147e+03 4.790528846001614683e-49
1.457878195014524863e+03 4.816555556315068748e-49
1.462362421240512731e+03 4.842757098981077698e-49
1.466860440309357045e+03 4.869134682470035858e-49
1.471372294645881993e+03 4.895689524580635175e-49
1.475898026805405379e+03 4.922422852642587235e-49
1.480437679474137667e+03 4.949335903912368900e-49
1.484991295469590796e+03 4.976429927807080445e-49
1.489558917740972902e+03 5.003706145555278218e-49
1.494140589369597137e+03 5.031165899678582819e-49
1.498736353569293897e+03 5.058810411748609505e-49
1.503346253686808041e+03 5.086640983616344784e-49
1.507970333202214988e+03 5.114658917762845583e-49
1.512608635729326579e+03 5.142865529197130943e-49
1.517261205016109670e+03 5.171262147366046828e-49
1.521928084945088585e+03 5.199850118294425801e-49
1.526609319533765756e+03 5.228630807662050548e-49
1.531304952935033953e+03 5.257605605489478789e-49
1.536015029437598059e+03 5.286775933542816148e-49
1.540739593466384349e+03 5.316143257475112945e-49
1.545478689582965899e+03 5.345709107573135961e-49
1.550232362485978229e+03 5.375475115920648230e-49
1.555000657011549038e+03 5.405443086821627848e-49
1.559783618133710661e+03 5.435615139566067500e-49
1.564581290964829122e+03 5.465994023208823872e-49
1.569393720756034554e+03 5.496583889255431909e-49
1.574220952897638199e+03 5.527392480631153237e-49
1.579063032919566922e+03 5.558438729889448519e-49
1.583920006491789763e+03 5.589788992915326063e-49
1.588791919424755179e+03 5.621872946805646064e-49
1.593678817669812815e+03 5.685636918294107355e-49
1.598580747319653938e+03 5.686515147088575171e-49
1.603497754608742753e+03 5.716824873890886349e-49
1.608429885913758653e+03 5.748843529342283355e-49
1.613377187754024817e+03 5.781249062419080326e-49
1.618339706791952722e+03 5.813918580436500714e-49
1.623317489833478703e+03 5.846825881853208353e-49
1.628310583828512790e+03 5.879963541424723890e-49
1.633319035871371625e+03 5.913329513472255356e-49
1.638342893201226616e+03 5.946923697019493989e-49
1.643382203202555502e+03 5.980746815823181878e-49
1.648437013405578909e+03 6.014799988193934945e-49
1.653507371486715556e+03 6.049084540716274204e-49
1.658593325269027901e+03 6.083601919813067741e-49
1.663694922722680758e+03 6.118353646592578437e-49
1.668812211965383085e+03 6.153341292388845446e-49
1.673945241262849095e+03 6.188566464854894996e-49
1.679094059029249138e+03 6.224030799729668388e-49
1.684258713827674683e+03 6.259735955801592617e-49
1.689439254370584649e+03 6.295683611735934186e-49
1.694635729520272207e+03 6.331875464039331489e-49
1.699848188289322479e+03 6.368313225727399528e-49
1.705076679841081614e+03 6.404998625445783704e-49
1.710321253490109711e+03 6.441933406888469691e-49
1.715581958702652173e+03 6.479119328417495822e-49
1.720858845097109679e+03 6.516558162814877209e-49
1.726151962444497485e+03 6.554251697135969860e-49
1.731461360668921543e+03 6.592201732624992799e-49
1.736787089848044388e+03 6.630410084683641030e-49
1.742129200213566719e+03 6.668878582875067604e-49
1.747487742151689190e+03 6.707609070955224306e-49
1.752862766203594447e+03 6.746603406926699244e-49
1.758254323065921426e+03 6.785863463108604995e-49
1.763662463591250116e+03 6.825391126223330860e-49
1.769087238788570403e+03 6.865188297494129965e-49
1.774528699823770012e+03 6.905256892757941030e-49
1.779986898020114040e+03 6.945598842590029476e-49
1.785461884858736539e+03 6.986216092442155527e-49
1.790953711979113905e+03 7.027110602800489306e-49
1.796462431179559189e+03 7.068284349362820913e-49
1.801988094417714365e+03 7.109739323243777119e-49
1.807530753811030536e+03 7.151477531215455763e-49
1.813090461637266799e+03 7.193500996003052403e-49
1.818667270334979094e+03 7.235811756648883923e-49
1.824261232504022473e+03 7.278411868980205523e-49
1.829872400906036091e+03 7.321303406236272191e-49
1.835500828464948199e+03 7.364488459924942225e-49
1.841146568267471594e+03 7.407969141047198298e-49
1.846809673563612705e+03 7.451747581906072869e-49
1.852490197767160453e+03 7.495825938877319631e-49
1.858188194456199881e+03 7.540206396826242667e-49
1.863903717373612153e+03 7.584891176450366783e-49
1.869636820427590010e+03 7.629882547063839961e-49
1.875387557692134351e+03 7.675182850072790709e-49
1.881155983407569693e+03 7.720794544876205191e-49
1.886942151981062125e+03 7.766720305670619610e-49
1.892746117987120442e+03 7.812963245935647080e-49
1.898567936168119104e+03 7.859527507382431561e-49
1.904407661434810507e+03 7.906420089545302059e-49
1.910265348866849763e+03 7.953658145063362135e-49
1.916141053713304245e+03 8.001313306483181207e-49
1.922034831393181321e+03 8.050230406238921982e-49
1.927946737495946763e+03 8.104740918817560738e-49
1.933876827782058626e+03 8.146005134708901588e-49
1.939825158183479289e+03 8.194583127029105448e-49
1.945791784804212512e+03 8.243697760667674936e-49
1.951776763920827534e+03 8.293189600578298424e-49
1.957780151982999087e+03 8.343034877849111777e-49
1.963802005614026029e+03 8.393228797811835350e-49
1.969842381611373412e+03 8.443771183924961733e-49
1.975901336947212485e+03 8.494663374482959756e-49
1.981978928768947526e+03 8.545907314739905600e-49
1.988075214399761308e+03 8.597505221386180807e-49
1.994190251339153065e+03 8.649459480649801296e-49
2.000324097263488284e+03 8.701772547802835152e-49
2.006476810026530757e+03 8.754446943873341243e-49
2.012648447659996236e+03 8.807485232024632447e-49
2.018839068374095405e+03 8.860890009437950824e-49
2.025048730558091847e+03 8.914663902370477356e-49
2.031277492780840021e+03 8.968809563192129876e-49
2.037525413791345954e+03 9.023329668577660153e-49
2.043792552519316814e+03 9.078226918394086320e-49
2.050078968075725697e+03 9.133504035009193729e-49
2.056384719753356421e+03 9.189163762878316706e-49
2.062709867027369000e+03 9.245208868297924775e-49
2.069054469555866490e+03 9.301642139285385974e-49
2.075418587180446593e+03 9.358466385534728149e-49
2.081802279926771917e+03 9.415684438427365150e-49
2.088205608005134309e+03 9.473299151087874546e-49
2.094628631811030118e+03 9.531313398462204652e-49
2.101071411925716802e+03 9.589730077426320526e-49
2.107534009116794095e+03 9.648552106906560676e-49
2.114016484338771079e+03 9.707782428016560107e-49
2.120518898733652350e+03 9.767424004213521539e-49
2.127041313631497815e+03 9.827479821460035071e-49
2.133583790551014317e+03 9.887952888409477244e-49
2.140146391200128164e+03 9.948846236604193419e-49
2.146729177476577206e+03 1.001016292070163965e-48
2.153332211468481546e+03 1.007190601873370742e-48
2.159955555454935165e+03 1.013407863241240493e-48
2.166599271906600279e+03 1.019668388750398856e-48
2.173263423486284410e+03 1.025972493431890378e-48
2.179948073049537470e+03 1.032320494836578821e-48
2.186653283645243846e+03 1.038712713128776799e-48
2.193379118516221752e+03 1.045149471227521903e-48
2.200125641099811219e+03 1.051631095031172246e-48
2.206892915028476182e+03 1.058157913795555678e-48
2.213681004130404745e+03 1.064730260810504524e-48
2.220489972430117177e+03 1.071348474691939821e-48
2.227319884149057089e+03 1.078012902044702446e-48
2.234170803706208062e+03 1.084723903479268139e-48
2.241042795718692560e+03 1.091481868890339499e-48
2.247935925002395379e+03 1.098287262821817269e-48
2.254850256572556646e+03 1.105140793230363020e-48
2.261785855644396634e+03 1.112044315610289371e-48
2.268742787633732405e+03 1.119011150223698443e-48
2.275721118157586716e+03 1.135203638396445038e-48
2.282720913034811019e+03 1.133050291563166057e-48
2.289742238286705287e+03 1.140131043215723085e-48
2.296785160137647836e+03 1.147273235632619949e-48
2.303849745015707413e+03 1.154467285086149951e-48
2.310936059553277573e+03 1.161712263335913844e-48
2.318044170587701956e+03 1.169008211832480510e-48
2.325174145161913202e+03 1.176355387737492478e-48
2.332326050525051869e+03 1.183754116454625246e-48
2.339499954133108986e+03 1.191204750903782569e-48
2.346695923649558608e+03 1.198707657567232345e-48
2.353914026946004469e+03 1.206263210937843649e-48
2.361154332102808439e+03 1.213871791053910491e-48
2.368416907409735359e+03 1.221533782309774070e-48
2.375701821366609238e+03 1.229249572844450871e-48
2.383009142683940809e+03 1.237019554212581767e-48
2.390338940283587817e+03 1.244844121201464589e-48
2.397691283299399856e+03 1.252723671728018094e-48
2.405066241077878658e+03 1.260658606781849884e-48
2.412463883178819287e+03 1.268649330394182506e-48
2.419884279375974984e+03 1.276696249624575455e-48
2.427327499657711542e+03 1.284799774557158549e-48
2.434793614227674880e+03 1.292960318304165039e-48
2.442282693505441330e+03 1.301178297013718886e-48
2.449794808127189754e+03 1.309454129880666852e-48
2.457330028946363200e+03 1.317788239159876848e-48
2.464888427034347842e+03 1.326181050181258254e-48
2.472470073681127360e+03 1.334632991370195925e-48
2.480075040395963697e+03 1.343144494896244686e-48
2.487703398908077816e+03 1.351715993355600993e-48
2.495355221167313175e+03 1.360347926681866385e-48
2.503030579344822854e+03 1.369040735067929893e-48
2.510729545833745306e+03 1.377794862651322919e-48
2.518452193249897391e+03 1.386610756762235297e-48
2.526198594432445589e+03 1.395488867950438039e-48
2.533968822444599937e+03 1.404429650009661572e-48
2.541762950574301613e+03 1.413433560003128633e-48
2.549581052334921878e+03 1.422501058293682419e-48
2.557423201465941474e+03 1.431632608580516047e-48
2.565289471933655477e+03 1.440828677946810221e-48
2.573179937931866334e+03 1.450089736926781063e-48
2.581094673882594179e+03 1.459416259608132571e-48
2.589033754436762138e+03 1.468808723802076510e-48
2.596997254474912552e+03 1.478267611348791914e-48
2.604985249107906384e+03 1.487793408718336517e-48
2.612997813677642625e+03 1.497386608311197387e-48
2.621035023757754516e+03 1.507047711604793914e-48
2.629096955154327588e+03 1.516777237951871249e-48
2.637183683906624992e+03 1.526575754573983014e-48
2.645295286287787803e+03 1.536444015195460136e-48
2.653431838805564894e+03 1.546384084423858322e-48
2.661593418203029159e+03 1.556460550453894590e-48
2.669780101459312391e+03 1.566479968942349255e-48
2.677991965790316499e+03 1.576619546825604006e-48
2.686229088649449295e+03 1.586840357644129751e-48
2.694491547728352543e+03 1.597134536526964317e-48
2.702779420957645016e+03 1.607501922618343846e-48
2.711092786507639630e+03 1.617942897983441115e-48
2.719431722789094238e+03 1.628457948595697792e-48
2.727796308453942856e+03 1.639047592180019414e-48
2.736186622396051007e+03 1.649712360130766215e-48
2.744602743751941489e+03 1.660452791700854299e-48
2.753044751901551081e+03 1.671269431795971113e-48
2.761512726468984511e+03 1.682162830032325845e-48
2.770006747323252057e+03 1.693133540298084861e-48
2.778526894579031705e+03 1.704182120536931400e-48
2.787073248597420388e+03 1.715309132637450570e-48
2.795645889986702969e+03 1.726515142376113094e-48
2.804244899603094382e+03 1.737800719389509663e-48
2.812870358551515892e+03 1.749166437162287465e-48
2.821522348186352701e+03 1.760612873024716885e-48
2.830200950112232931e+03 1.772140608155684815e-48
2.838906246184780684e+03 1.783750227589224871e-48
2.847638318511399120e+03 1.795442320223170964e-48
2.856397249452038523e+03 1.807217478829005046e-48
2.865183121619986650e+03 1.819076300062384878e-48
2.873996017882628166e+03 1.831019384474818267e-48
2.882836021362236806e+03 1.843047336524237933e-48
2.891703215436766641e+03 1.855160764587758995e-48
2.900597683740621960e+03 1.867360280972189125e-48
2.909519510165458541e+03 1.879646501926900581e-48
2.918468778860966268e+03 1.892020047654917086e-48
2.927445574235678123e+03 1.904481542324946610e-48
2.936449980957745083e+03 1.917031614084459119e-48
2.945482083955749658e+03 1.929670895071869466e-48
2.954541968419499426e+03 1.942400021431413378e-48
2.963629719800841940e+03 1.955219633330317565e-48
2.972745423814454625e+03 1.968130374989837316e-48
2.981889166438662869e+03 1.981132894609898150e-48
2.991061033916247197e+03 1.994227844692999818e-48
3.000261112755267277e+03 2.007415881737277006e-48
3.009489489729859997e+03 2.020697666603609837e-48
3.018746251881067110e+03 2.034073864674242093e-48
3.028031486517666508e+03 2.047545146374248010e-48
3.037345281216975309e+03 2.061112188452605915e-48
3.046687723825688408e+03 2.074775677685768643e-48
3.056058902460703393e+03 2.088536324144791483e-48
3.065458905509960459e+03 2.102394927755475396e-48
3.074887821633260501e+03 2.116353024610282876e-48
3.084345739763111851e+03 2.130623472178141386e-48
3.093832749105563835e+03 2.144565847009339514e-48
3.103348939141059418e+03 2.158820221839346083e-48
3.112894399625262395e+03 2.173177598524909904e-48
3.122469220589914585e+03 2.187637189508882786e-48
3.132073492343680300e+03 2.202199543505714035e-48
3.141707305473009001e+03 2.216865338875860955e-48
3.151370750842972939e+03 2.231635283976507251e-48
3.161063919598130724e+03 2.246510098945489813e-48
3.170786903163399984e+03 2.261490510855547928e-48
3.180539793244897282e+03 2.276577252089991101e-48
3.190322681830818510e+03 2.291771059704757954e-48
3.200135661192298812e+03 2.307072675144431592e-48
3.209978823884294798e+03 2.322482844103229352e-48
3.219852262746441284e+03 2.338002316449601926e-48
3.229756070903935779e+03 2.353631846182329187e-48
3.239690341768413873e+03 2.369372191401287524e-48
3.249655169038840995e+03 2.385224114287095896e-48
3.259650646702378253e+03 2.401188381083774953e-48
3.269676869035280561e+03 2.417265762085075242e-48
3.279733930603779754e+03 2.433457031619971015e-48
3.289821926264990452e+03 2.449762968040359145e-48
3.299940951167784078e+03 2.466184353706997169e-48
3.310091100753696537e+03 2.482721974975284557e-48
3.320272470757838164e+03 2.499376622182190120e-48
3.330485157209777753e+03 2.516149089629813289e-48
3.340729256434458875e+03 2.533040175570513288e-48
3.351004865053105277e+03 2.550050682190309676e-48
3.361312079984143566e+03 2.567181415592241850e-48
3.371650998444096786e+03 2.584433185777940356e-48
3.382021717948517107e+03 2.601806806631488674e-48
3.392424336312895321e+03 2.619303095901199938e-48
3.402858951653600798e+03 2.636922875184678957e-48
3.413325662388783712e+03 2.654666969917185668e-48
3.423824567239317730e+03 2.672536209366599294e-48
3.434355765229724966e+03 2.690531426647027845e-48
3.444919355689123677e+03 2.708653458768762707e-48
3.455515438252142758e+03 2.726903146776182543e-48
3.466144112859873530e+03 2.745281336118466336e-48
3.476805479760823800e+03 2.763788877669344743e-48
3.487499639511838723e+03 2.782426631334410674e-48
3.498226692979066684e+03 2.801195481117725696e-48
3.508986741338902902e+03 2.820096442436856760e-48
3.519779886078957134e+03 2.839133534486567304e-48
3.530606228998989081e+03 2.858300195006481958e-48
3.541465872211885198e+03 2.877598591894880389e-48
3.552358918144611380e+03 2.897035300761955141e-48
3.563285469539196129e+03 2.916608456894282998e-48
3.574245629453676884e+03 2.936318789294046703e-48
3.585239501263086822e+03 2.956167151312679865e-48
3.596267188660422107e+03 2.976154419563159689e-48
3.607328795657634146e+03 2.996281479108134299e-48
3.618424426586590471e+03 3.016549219932101449e-48
3.629554186100067909e+03 3.036958535812494604e-48
3.640718179172751661e+03 3.057510323865663539e-48
3.651916511102203458e+03 3.078205484323028101e-48
3.663149287509867918e+03 3.099044920393945799e-48
3.674416614342063440e+03 3.120029538167555291e-48
3.685718597870995382e+03 3.141160246528748659e-48
3.697055344695736039e+03 3.162437957083682400e-48
3.708426961743244647e+03 3.183863584085875479e-48
3.719833556269369183e+03 3.205438044365365396e-48
3.731275235859873192e+03 3.227162257255915934e-48
3.742752108431425768e+03 3.249037144521816501e-48
3.754264282232637925e+03 3.271063630282674810e-48
3.765811865845073498e+03 3.293242640936797822e-48
3.777394968184288700e+03 3.315575105082968326e-48
3.789013698500838473e+03 3.338061953440296265e-48
3.800668166381315132e+03 3.360704118765146957e-48
3.812358481749397015e+03 3.383502535768629015e-48
3.824084754866859384e+03 3.406458141030009352e-48
3.835847096334630805e+03 3.429571872911711294e-48
3.847645617093830424e+03 3.452844671473582208e-48
3.859480428426825711e+03 3.476277478391060250e-48
3.871351641958262917e+03 3.499871236881683830e-48
3.883259369656133458e+03 3.523626891654059851e-48
3.895203723832821652e+03 3.547545388912803227e-48
3.907184817146182013e+03 3.571627676510007751e-48
3.919202762600575170e+03 3.595874704547328894e-48
3.931257673547952436e+03 3.620287427621083035e-48
3.943349663688914461e+03 3.644866815151212466e-48
3.955478847073801717e+03 3.669613928874553602e-48
3.967645338103744962e+03 3.694532593200356484e-48
3.979849251531756636e+03 3.719615648938689617e-48
3.992090702463824528e+03 3.744869661537997939e-48
4.004369806359975428e+03 3.770296303200307118e-48
4.016686679035377438e+03 3.795895387858381036e-48
4.029041436661426360e+03 3.821667792618079157e-48
4.041434195766856647e+03 3.847614454451594077e-48
4.053865073238816422e+03 3.873736320454731799e-48
4.066334186323986160e+03 3.900034340078554037e-48
4.078841652629676446e+03 3.926509463140370650e-48
4.091387590124953476e+03 3.953162639092257631e-48
4.103972117141726812e+03 3.979994816648437041e-48
4.116595352375883522e+03 4.007006943534029459e-48
4.129257414888395942e+03 4.034199966277860995e-48
4.141958424106465827e+03 4.061574830024681982e-48
4.154698499824623468e+03 4.089132478352270489e-48
4.167477762205867293e+03 4.116873853090992226e-48
4.180296331782817106e+03 4.144799894140668266e-48
4.193154329458816392e+03 4.172911539287050179e-48
4.206051876509098292e+03 4.201209724013959113e-48
4.218989094581914287e+03 4.229695381311782224e-48
4.231966105699704713e+03 4.258369441484976092e-48
4.244983032260216532e+03 4.287232831951819937e-48
4.258039997037682951e+03 4.316286477045032397e-48
4.271137123183965741e+03 4.345531297807640827e-48
4.284274534229740311e+03 4.374968211787059047e-48
4.297452354085630759e+03 4.404598132830836315e-48
4.310670707043394032e+03 4.434421970888120652e-48
4.323929717777092264e+03 4.464440631829201123e-48
4.337229511344275124e+03 4.494655017317359305e-48
4.350570213187141235e+03 4.525066024820491246e-48
4.363951949133730523e+03 4.555674548081446492e-48
4.377374845399126571e+03 4.586481479350390785e-48
4.390839028586617133e+03 4.617487721121008749e-48
4.404344625688911037e+03 4.648694293551981518e-48
4.417891764089321441e+03 4.680115880755445700e-48
4.431480571562989098e+03 4.711711234189492969e-48
4.445111176278061066e+03 4.743522741859115881e-48
4.458783706796912156e+03 4.775538270093020018e-48
4.472498292077355472e+03 4.807758288142943130e-48
4.486255061473872956e+03 4.840183595301000910e-48
4.500054144738807736e+03 4.872815011823941959e-48
4.513895672023608313e+03 4.905653355758622491e-48
4.527779773880045468e+03 4.938699438625628735e-48
4.541706581261463725e+03 4.971954064071401604e-48
4.555676225523985522e+03 5.005418027214490714e-48
4.569688838427768133e+03 5.039092114193935451e-48
4.583744552138256040e+03 5.072977101784945165e-48
4.597843499227405118e+03 5.107073757040647352e-48
4.611985812674945919e+03 5.141382836940108679e-48
4.626171625869630589e+03 5.175905088035841892e-48
4.640401072610512529e+03 5.210641246099913747e-48
4.654674287108176031e+03 5.245592035765137746e-48
4.668991403986023215e+03 5.280758170160584106e-48
4.683352558281534584e+03 5.316140350544302138e-48
4.697757885447560511e+03 5.351739265927805639e-48
4.712207521353571792e+03 5.387555592700078187e-48
4.726701602286956586e+03 5.423589994248831560e-48
4.741240264954300983e+03 5.459843120583928836e-48
4.755823646482695949e+03 5.496315607980565573e-48
4.770451884420999704e+03 5.533008078665693038e-48
4.785125116741152851e+03 5.569921140649142350e-48
4.799843481839490778e+03 5.607055388007609104e-48
4.814607118538024224e+03 5.644411402960836014e-48
4.829416166085764416e+03 5.681989767818845703e-48
4.844270764160025465e+03 5.719791181173547192e-48
4.859171052867768594e+03 5.757842914213266482e-48
4.874117172746885444e+03 5.796064401957257596e-48
4.889109264767548666e+03 5.834536858594189544e-48
4.904147470333529782e+03 5.873234521313592196e-48
4.919231931283554331e+03 5.912157548551619887e-48
4.934362789892606997e+03 5.951306344948597091e-48
4.949540188873295847e+03 5.990681319451831189e-48
4.964764271377187470e+03 6.030282865616165357e-48
4.980035180996177587e+03 6.070111357658888304e-48
4.995353061763816186e+03 6.110167149008874725e-48
5.010718058156677216e+03 6.150450571493297976e-48
5.026130315095742844e+03 6.190961934674491223e-48
5.041589977947732223e+03 6.231701525249370560e-48
5.057097192526501203e+03 6.272669606468742597e-48
5.072652105094399303e+03 6.313866417558478969e-48
5.088254862363676693e+03 6.355292173140183989e-48
5.103905611497832069e+03 6.396947062646581265e-48
5.119604500113026006e+03 6.438831249730326027e-48
5.135351676279457024e+03 6.480944871673284189e-48
5.151147288522783128e+03 6.523288038790922940e-48
5.166991485825492418e+03 6.565860833851874789e-48
5.182884417628323718e+03 6.608663311526212573e-48
5.198826233831673562e+03 6.651695497936883085e-48
5.214817084797022289e+03 6.694957390521429734e-48
5.230857121348327382e+03 6.738448959025432513e-48
5.246946494773458653e+03 6.782170151881786596e-48
5.263085356825641611e+03 6.826120944434459386e-48
5.279273859724858994e+03 6.870302608553569196e-48
5.295512156159302322e+03 6.914711707795512851e-48
5.311800399286808897e+03 6.959348502953503040e-48
5.328138742736320637e+03 7.004215451992372499e-48
5.344527340609306520e+03 7.049311013633725664e-48
5.360966347481234152e+03 7.094634819679916832e-48
5.377455918403016767e+03 7.140186520208001434e-48
5.393996208902501166e+03 7.185965736965767872e-48
5.410587374985896531e+03 7.231972055996539473e-48
5.427229573139273270e+03 7.278205025325385696e-48
5.443922960330021851e+03 7.324664153706457111e-48
5.460667694008361650e+03 7.371348909657020288e-48
5.477463932108788867e+03 7.418258720592986165e-48
5.494311833051582653e+03 7.465392971974861976e-48
5.511211555744319412e+03 7.512751006487471541e-48
5.528163259583334366e+03 7.560332123205695651e-48
5.545167104455248591e+03 7.608135576768766665e-48
5.562223250738467868e+03 7.656160576565183565e-48
5.579331859304713362e+03 7.704406285952596210e-48
5.596493091520510461e+03 7.752871821579315582e-48
5.613707109248729466e+03 7.801556253026091737e-48
5.630974074850102625e+03 7.850458603580275143e-48
5.648294151184776638e+03 7.899577856301761589e-48
5.665667501613816967e+03 7.948912999384513474e-48
5.683094290000770343e+03 7.998464038590167832e-48
5.700574680713198177e+03 8.048228111806554238e-48
5.718108838624249984e+03 8.098201274139681900e-48
5.735696929114185878e+03 8.148387480780509748e-48
5.753339118071950907e+03 8.198783398089174197e-48
5.771035571896758483e+03 8.249387534645316014e-48
5.788786457499624703e+03 8.300198412573740517e-48
5.806591942304967233e+03 8.351214506748988263e-48
5.824452194252169647e+03 8.402434235557930062e-48
5.842367381797193957e+03 8.453855958011217095e-48
5.860337673914127663e+03 8.505477972154805211e-48
5.878363240096806294e+03 8.557298513838794561e-48
5.896444250360398655e+03 8.609315755595733522e-48
5.914580875243032096e+03 8.661527805566535988e-48
5.932773285807369575e+03 8.713932706448179204e-48
5.951021653642242200e+03 8.766528434473357765e-48
5.969326150864259944e+03 8.819312898446833903e-48
5.987686950119456014e+03 8.872283939003629749e-48
6.006104224584880285e+03 8.925439328460891621e-48
6.024578147970250029e+03 8.978776773321390838e-48
6.043108894519607929e+03 9.032293932226170440e-48
6.061696639012928244e+03 9.085988627560783810e-48
6.080341556767790280e+03 9.140327594163792735e-48
6.099043823641018207e+03 9.193898694823886889e-48
6.117803616030365447e+03 9.248108919900978151e-48
6.136621110876141756e+03 9.302486090815461206e-48
6.155496485662905798e+03 9.357027153639752784e-48
6.174429918421127695e+03 9.411729169955168786e-48
6.193421587728892518e+03 9.466589141452253279e-48
6.212471672713547377e+03 9.521603992006578969e-48
6.231580353053415820e+03 9.576770563243680784e-48
6.250747808979480396e+03 9.632085612454944968e-48
6.269974221277108882e+03 9.687545811088448874e-48
6.289259771287715921e+03 9.743147743430402469e-48
6.308604640910501985e+03 9.798887905350582386e-48
6.328009012604178679e+03 9.854762703098303650e-48
6.347473069388657677e+03 9.910768452163893516e-48
6.366996994846798771e+03 9.966901376307817212e-48
6.386580973126131539e+03 1.002315760713948677e-47
6.406225188940615226e+03 1.007953318601226398e-47
6.425929827572345857e+03 1.013602408029365659e-47
6.445695074873324302e+03 1.019262640354451283e-47
6.465521117267201589e+03 1.024935706423784676e-47
6.485408141751059702e+03 1.030614634976831700e-47
6.505356335897138706e+03 1.036305550827413598e-47
6.525365887854628454e+03 1.042005831559962694e-47
6.545436986351435735e+03 1.047714997331829457e-47
6.565569820695984163e+03 1.053432569417137441e-47
6.585764580778965865e+03 1.059158059888182146e-47
6.606021457075147737e+03 1.064890970403218146e-47
6.626340640645191343e+03 1.070630791859454644e-47
6.646722323137413696e+03 1.076377004203960769e-47
6.667166696789619891e+03 1.082129076285396639e-47
6.687673954430905724e+03 1.087886465719162086e-47
6.708244289483503053e+03 1.093648618758497826e-47
6.728877895964560594e+03 1.099414970170029902e-47
6.749574968488004743e+03 1.105184943116409685e-47
6.770335702266359476e+03 1.110957949057472707e-47
6.791160293112614454e+03 1.116733387717079223e-47
6.812048937442032184e+03 1.122510647372080658e-47
6.833001832274028857e+03 1.128289107855566468e-47
6.854019175234014256e+03 1.134068254578076641e-47
6.875101164555290779e+03 1.139847088709620285e-47
6.896247999080874251e+03 1.145625204972613553e-47
6.917459878265393854e+03 1.151401940331117989e-47
6.938737002176995702e+03 1.157176565426308628e-47
6.960079571499183658e+03 1.162948377411870245e-47
6.981487787532744733e+03 1.168716662773518619e-47
7.002961852197629014e+03 1.174480695310121651e-47
7.024501968034887796e+03 1.180239735721443563e-47
7.046108338208537134e+03 1.185993031421371550e-47
7.067781166507503258e+03 1.191739816401096463e-47
7.089520657347531596e+03 1.197479311108998655e-47
7.111327015773143103e+03 1.203210722337085479e-47
7.133200447459525094e+03 1.208933243111360972e-47
7.155141158714498488e+03 1.214646052587700946e-47
7.177149356480453207e+03 1.220348315954058794e-47
7.199225248336322693e+03 1.226039184352838718e-47
7.221369042499505667e+03 1.231717794874731059e-47
7.243580947827844284e+03 1.237383270974505491e-47
7.265861173821623197e+03 1.243034728300104328e-47
7.288209930625494962e+03 1.248675989998511640e-47
7.310627429030498206e+03 1.254291898468633328e-47
7.333113880476023041e+03 1.259895758752394795e-47
7.355669497051842882e+03 1.265481885654233392e-47
7.378294491500066215e+03 1.271049308362293695e-47
7.400989077217172053e+03 1.276597046151452083e-47
7.423753468256009910e+03 1.282124103874524846e-47
7.446587879327848896e+03 1.287629471450541862e-47
7.469492525804355864e+03 1.293112123707997591e-47
7.492467623719658150e+03 1.298571020294072842e-47
7.515513389772365372e+03 1.304005105604242748e-47
7.538630041327644904e+03 1.309413308719529078e-47
7.561817796419224578e+03 1.314794543351292371e-47
7.585076873751474523e+03 1.320147707790412020e-47
7.608407492701490810e+03 1.325471684864260930e-47
7.631809873321118175e+03 1.330765341903066472e-47
7.655284236339058225e+03 1.336027530731974925e-47
7.678830803162934899e+03 1.341257087770576450e-47
7.702449795881413593e+03 1.346452834992416502e-47
7.726141437266250250e+03 1.351613614852712644e-47
7.749905950774422308e+03 1.356738110694494006e-47
7.773743560550220536e+03 1.361825170438997895e-47
7.797654491427396351e+03 1.366873559922512663e-47
7.821638968931233649e+03 1.371882007188820693e-47
7.845697219280709760e+03 1.376849237919048623e-47
7.869829469390608210e+03 1.381773962916167515e-47
7.894035946873696048e+03 1.386654877493467115e-47
7.918316880042822049e+03 1.391490661402191907e-47
7.942672497913089501e+03 1.396279978841714526e-47
7.967103030204047172e+03 1.401021478491798206e-47
7.991608707341802074e+03 1.405713793557985167e-47
8.016189760461229525e+03 1.410355541826145717e-47
8.040846421408131391e+03 1.414945325725535388e-47
8.065578922741461611e+03 1.419481732401780696e-47
8.090387497735467150e+03 1.423963333801504613e-47
8.115272380381921721e+03 1.428388686777635538e-47
8.140233805392314935e+03 1.432756333264321679e-47
8.165272008200102391e+03 1.437064800947067145e-47
8.190387224962873006e+03 1.441312620617821162e-47
8.215579692564611832e+03 1.445498240288663042e-47
8.240849648617919229e+03 1.449620167926144031e-47
8.266197331466277319e+03 1.453676888163964532e-47
8.291622980186260975e+03 1.457666844351756482e-47
8.317126834589807913e+03 1.461588475940879300e-47
8.342709135226503349e+03 1.465440209007299729e-47
8.368370123385813713e+03 1.469220455997913783e-47
8.394110041099376758e+03 1.472927615862164246e-47
8.419929131143280756e+03 1.476560074245750741e-47
8.445827637040385525e+03 1.480116203706862012e-47
8.471805803062563427e+03 1.483594363948570533e-47
8.497863874233044044e+03 1.486992902063877600e-47
8.524002096328704283e+03 1.490310152795347241e-47
8.550220715882420336e+03 1.493544438808758220e-47
8.576519980185345048e+03 1.496694070985982460e-47
8.602900137289268969e+03 1.499757348751178741e-47
8.629361436008948658e+03 1.502732560540145634e-47
8.655904125924484106e+03 1.505617986106767619e-47
8.682528457383623390e+03 1.508412082982086646e-47
8.709234681504149194e+03 1.511112519059384853e-47
8.736023050176270772e+03 1.513718133026707011e-47
8.762893816064950443e+03 1.516226967219756133e-47
8.789847232612322841e+03 1.518637248882822595e-47
8.816883554040063245e+03 1.520947197724271128e-47
8.844003035351823200e+03 1.523155025434858035e-47
8.871205932335584293e+03 1.525258936042959627e-47
8.898492501566106512e+03 1.527257126364015887e-47
8.925863000407322033e+03 1.529147786482256027e-47
8.953317687014809053e+03 1.530929100253286702e-47
8.980856820338169200e+03 1.532599245827074706e-47
9.008480660123505004e+03 1.534156396189727778e-47
9.036189466915848243e+03 1.535598719726121070e-47
9.063983502061664694e+03 1.536924380807834738e-47
9.091863027711249742e+03 1.538131540426446632e-47
9.119828306821240403e+03 1.539218357040435084e-47
9.147879603157118254e+03 1.540182991943378445e-47
9.176017181295641421e+03 1.541023594682494404e-47
9.204241306627376616e+03 1.541738297096658325e-47
9.232552245359187509e+03 1.542325286194790282e-47
9.260950264516777679e+03 1.542782703988729989e-47
9.289435631947157162e+03 1.543108705403881881e-47
9.318008616321205409e+03 1.543301447872978361e-47
9.346669487136185126e+03 1.543359091788009758e-47
9.375418514718323422e+03 1.543279801266975162e-47
9.404255970225302008e+03 1.543061744980296669e-47
9.433182125648854708e+03 1.542703097007162918e-47
9.462197253817317687e+03 1.542202037718671713e-47
9.491301628398232424e+03 1.541556754686455637e-47
9.520495523900877743e+03 1.540765443617636381e-47
9.549779215678880064e+03 1.539826309319957286e-47
9.579152979932845483e+03 1.538737566717951664e-47
9.608617093712906353e+03 1.537497442086759856e-47
9.638171834921369737e+03 1.536104179404036288e-47
9.667817482315322195e+03 1.534556018583516165e-47
9.697554315509292792e+03 1.532851219145079844e-47
9.727382614977843332e+03 1.530988081155488516e-47
9.757302662058238639e+03 1.528964894205924729e-47
9.787314738953087726e+03 1.526779972993090804e-47
9.817419128733050457e+03 1.524431651399246622e-47
9.847616115339435055e+03 1.521918283460758749e-47
9.877905983586924776e+03 1.519238244584122107e-47
9.908289019166246362e+03 1.516389932818975227e-47
9.938765508646893068e+03 1.513371770164745307e-47
9.969335739479784024e+03 1.510182203909118892e-47
1.000000000000000000e+04 1.506819707846283895e-47
