1.0 1.986094674589216e-33
1.00307585794295 2.203323036490578e-33
1.006161176787985 2.4546742587401978e-33
1.009255985635496 2.745710671100448e-33
1.0123603136753827 3.1018533736698926e-33
1.0154741901873283 3.516404135548961e-33
1.0185976445410767 3.965920700329625e-33
1.0217307061967082 4.43080496036126e-33
1.0248734047049193 5.0123551887367096e-33
1.0280257697072988 5.6295579196883505e-33
1.0311878309366103 6.0928581904377665e-33
1.03435961821707 6.189702781773662e-33
1.0375411614646295 6.077866868045686e-33
1.040732490687258 5.865179675205174e-33
1.0439336359852243 5.5890537086474196e-33
1.047144627551382 5.268791410170024e-33
1.0503654956714532 4.699652071095743e-33
1.0535962707243147 3.9946237117860644e-33
1.0568369831822844 3.337115136461801e-33
1.0600876636114087 2.824561991340122e-33
1.0633483426717512 2.398944222892655e-33
1.0666190511176807 2.0280866012052275e-33
1.0698998197981626 1.7173915110501625e-33
1.0731906796570496 1.465881611467309e-33
1.0764916617333724 1.2596452801437178e-33
1.0798027971616344 1.0869515070015675e-33
1.083124117172103 9.425053772390432e-34
1.0864556530911078 8.218124824631776e-34
1.0897974363413307 7.2038355565990625e-34
1.0931494984421075 6.34372225053237e-34
1.0965118710097224 5.610671328038456e-34
1.0998845857577066 4.982814749257874e-34
1.1032676744971377 4.442741613241948e-34
1.1066611691369395 3.976074860903484e-34
1.1100651016841836 3.570699195332789e-34
1.1134795042443904 3.2167143268754502e-34
1.1169044090218323 2.906481481631273e-34
1.120339848319838 2.6338996161871366e-34
1.1237858545410957 2.393318805246211e-34
1.1272424601879607 2.1800284411679843e-34
1.1307096978627602 1.990343156577373e-34
1.1341876002681015 1.8213917559402229e-34
1.1376762002071816 1.6703704475398925e-34
1.1411755305840938 1.5349083699061906e-34
1.144685624404141 1.4131525948023459e-34
1.1482065147741451 1.3038741861656453e-34
1.1517382349027598 1.2071373339707693e-34
1.1552808181007843 1.195065048351104e-34
1.1588342977814776 1.0423339376901795e-34
1.1623987074608715 9.593558469743665e-35
1.1659740807580896 8.905822724415929e-35
1.169560451395663 8.284459919656651e-35
1.1731578531998483 7.717452878156283e-35
1.1767663201009473 7.198783877898379e-35
1.1803858861336256 6.723148123095218e-35
1.1840165854372355 6.285976333813633e-35
1.187658452256137 5.883399909143361e-35
1.1913115209400207 5.5124483861222e-35
1.1949758259442316 5.170101114972666e-35
1.1986514018300956 4.853608370681529e-35
1.2023382832652425 4.56056428385963e-35
1.2060365050239368 4.2890827381648243e-35
1.209746101987402 4.037263611991322e-35
1.2134671091441527 3.8033505370806645e-35
1.217199561590322 3.585781074194285e-35
1.2209434945299948 3.383301021106475e-35
1.224698943275538 3.194675118016987e-35
1.228465943247934 3.018749384978336e-35
1.2322445299771168 2.8544829531349864e-35
1.2360347391023034 2.7010091249232387e-35
1.2398366063723332 2.557504946595679e-35
1.2436501676460037 2.4231987742811493e-35
1.2474754588924084 2.2973857649606772e-35
1.2513125161912777 2.179441203759084e-35
1.255161375733317 2.068805211922703e-35
1.2590220738205504 1.964960141111419e-35
1.2628946468666606 1.8674276484499956e-35
1.2667791313973344 1.7757439861001835e-35
1.270675564050606 1.6895099273923826e-35
1.274583981577203 1.6083708982826598e-35
1.2785044208408942 1.531997579659821e-35
1.2824369188188343 1.4600996634314746e-35
1.2863815126019151 1.3923397294753814e-35
1.2903382393951155 1.3283784906474194e-35
1.2943071365178511 1.267907647817058e-35
1.2982882414043264 1.210796582824573e-35
1.3022815916038883 1.1568171700176978e-35
1.3062872247813804 1.1056127978876357e-35
1.310305178717498 1.0568656112513173e-35
1.3143354913091447 1.0103855440521409e-35
1.318378200569789 9.66143529165069e-36
1.3224333446298235 9.24078975856176e-36
1.3265009617369248 8.841290059488445e-36
1.330581090256414 8.461592961558811e-36
1.334673768671618 8.100273594536421e-36
1.3387790355842335 7.757014745403894e-36
1.3428969297146902 7.431462722821553e-36
1.347027489902516 7.122839124812561e-36
1.3511707551067045 6.829725920095767e-36
1.3553267644060811 6.551218797087694e-36
1.359495556999672 6.286482674231991e-36
1.3636771722070746 6.03474263882623e-36
1.3678716494688272 5.795255409516649e-36
1.3720790283467819 5.567283983353696e-36
1.3762993485244772 5.3501391994688936e-36
1.380532649807513 5.143196314252316e-36
1.3847789721239248 4.9459243612418705e-36
1.3890383555245625 4.757790635862777e-36
1.3933108401834646 4.578291706380557e-36
1.3975964663982408 4.4069554535368626e-36
1.4018952745904507 4.24335031896675e-36
1.4062073053059838 4.0870789524898985e-36
1.4105325992154432 3.937766461898917e-36
1.4148711971145296 3.795053661362114e-36
1.4192231399244255 3.658586222381482e-36
1.4235884686921803 3.5280586602509495e-36
1.427967224591099 3.40318535857806e-36
1.4323594489211295 3.2836897427750004e-36
1.4367651831092527 3.1692805589913154e-36
1.4411844687098732 3.059717922949876e-36
1.4456173474052103 2.9547810856200336e-36
1.450063861005693 2.8542553177317754e-36
1.454524051450352 2.757900463234075e-36
1.4589979608072172 2.6655249054185806e-36
1.4634856312737137 2.5769565766991303e-36
1.46798710517706 2.492027941023878e-36
1.4725024249746668 2.4105402459002174e-36
1.477031633254538 2.3323379209386737e-36
1.4815747727356723 2.2572862107280854e-36
1.4861318862684656 2.1852540679199195e-36
1.4907030168351154 2.11607654767923e-36
1.4952882075500271 2.0496251449166024e-36
1.4998875016602191 1.985794130294869e-36
1.5045009425457319 1.9244809258743748e-36
1.5091285737200368 1.8655485271457303e-36
1.513770438830446 1.8088887058659833e-36
1.5184265816585256 1.7544185803466106e-36
1.5230970461205062 1.702057927278646e-36
1.5277818762676991 1.651693186673129e-36
1.5324811162869123 1.603231155375597e-36
1.537194810500864 1.5566071254256663e-36
1.5419230033686044 1.5117585022028923e-36
1.5466657394859329 1.4685917593712347e-36
1.551423063585819 1.4270245592457118e-36
1.556195020538825 1.3870067994072083e-36
1.5609816553535285 1.3484898564691806e-36
1.5657830131769468 1.31139758499873e-36
1.5705991392949628 1.2756552400097565e-36
1.5754300791327536 1.2412245488703732e-36
1.5802758782552162 1.208068229209335e-36
1.5851365823673995 1.1761248208935907e-36
1.5900122373149348 1.145325196267007e-36
1.5949028890844676 1.1156405167209068e-36
1.5998085838040916 1.0870428540435362e-36
1.6047293677437848 1.0594831740721604e-36
1.6096652873158444 1.0328965208495198e-36
1.6146163890753256 1.0072615252620562e-36
1.61958271972048 9.825580946610813e-37
1.6245643260931963 9.58747832404727e-37
1.6295612551794432 9.357687893910126e-37
1.6345735541097104 9.136054591960806e-37
1.6396012701594547 8.922444421422112e-37
1.6446444507495452 8.716565837264171e-37
1.6497031434467115 8.517819760533568e-37
1.6547773959639915 8.326096291202383e-37
1.6598672561611811 8.141320059637984e-37
1.6649727720452872 7.963281354801401e-37
1.6700939917709778 7.791393232041352e-37
1.6752309636410394 7.625579254355819e-37
1.6803837361068303 7.465817100578377e-37
1.6855523577687384 7.3119713005857065e-37
1.6907368773766391 7.16345965769589e-37
1.6959373438303564 7.020272101782694e-37
1.7011538061801224 6.8823058768237934e-37
1.7063863136270407 6.749624930043923e-37
1.7116349155235515 6.62160195944203e-37
1.7168996613738947 6.498195222551147e-37
1.72218060083458 6.37948203843072e-37
1.7274777837148512 6.265464018825912e-37
1.7327912599771595 6.155547994036422e-37
1.7381210797376347 6.04969266374997e-37
1.7434672932665543 5.948027632050598e-37
1.7488299509888217 5.850623480610637e-37
1.7542091034844391 5.75687118304559e-37
1.7596048014889867 5.666715431669769e-37
1.7650170958940992 5.580344749565593e-37
1.7704460377479476 5.497904162552064e-37
1.7758916782557184 5.418761007977167e-37
1.7813540687801 5.342826182168136e-37
1.7868332608417634 5.270359763168175e-37
1.7923293061198506 5.201592598617979e-37
1.7978422564524612 5.135858909153132e-37
1.8033721638371412 5.0730054074315295e-37
1.8089190804313744 5.013386585702394e-37
1.814483058553073 4.957340162024073e-37
1.8200641506810715 4.904153916969243e-37
1.825662409455622 4.8535583673988195e-37
1.8312778876788915 4.80604550835659e-37
1.8369106383154568 4.7620994105803066e-37
1.842560714492809 4.720937556611627e-37
1.8482281695018483 4.682073233443187e-37
1.8539130567973945 4.646227860440395e-37
1.8596154299986836 4.614117904263945e-37
1.865335342889877 4.584813373165925e-37
1.8710728494205695 4.55738510196141e-37
1.876828003706298 4.533036939791511e-37
1.8826008600290487 4.512977454298106e-37
1.8883914728377733 4.495587574475327e-37
1.8941998967489 4.478797933589779e-37
1.90002618654685 4.465651175651053e-37
1.9058703971845528 4.459270954718559e-37
1.9117325837839665 4.459134172574004e-37
1.9176128016365943 4.459328741864257e-37
1.9235111062040104 4.459668115015239e-37
1.9294275531183804 4.460148825927658e-37
1.9353621981829856 4.4635592033264714e-37
1.941315097372752 4.475443212154763e-37
1.9472863068347743 4.4930715277130785e-37
1.9532758828888497 4.513251336210979e-37
1.9592838820280056 4.5347997618597e-37
1.9653103609190357 4.562203176941371e-37
1.9713553764030296 4.594640749856514e-37
1.977418985495916 4.630751513844745e-37
1.9835012453889933 4.670064247882437e-37
1.989602213449474 4.715364607015027e-37
1.9957219472210237 4.766195279014095e-37
2.0018605044243025 4.82162769016515e-37
2.008017942957513 4.8812719668038775e-37
2.0141943208969457 4.947478964707082e-37
2.0203896964975208 5.019954718846864e-37
2.026604128193347 5.097862646532866e-37
2.0328376745982646 5.1807407891179846e-37
2.039090394506406 5.27089181064217e-37
2.045362346892741 5.367948735622428e-37
2.0516535909136415 5.4707853075940195e-37
2.057964185907436 5.578568627748295e-37
2.064294191394965 5.693994243948971e-37
2.070643667080153 5.816166141025135e-37
2.07701267285056 5.9428137325589344e-37
2.083401268777955 6.071910308420846e-37
2.089809515118877 6.207787400928349e-37
2.096237472315208 6.348079025105735e-37
2.1026852009947374 6.487084334670372e-37
2.1091527619717407 6.619335140344403e-37
2.1156402162475465 6.756950775820789e-37
2.1221476250111158 6.893707550763473e-37
2.128675049639618 7.011825828965238e-37
2.135222551699011 7.09284126892078e-37
2.1417901929446206 7.155180488542405e-37
2.148378035321721 7.209221013678298e-37
2.1549861409661246 7.24670090467132e-37
2.1616145722047624 7.2589400452695114e-37
2.1682633915562746 7.215136428522013e-37
2.1749326617316 7.112654590516983e-37
2.1816224456345683 6.973837338794107e-37
2.1883328063624914 6.820626625894877e-37
2.195063807206759 6.621801407984483e-37
2.2018155116534377 6.3568474759357635e-37
2.2085879833838677 6.056733199645314e-37
2.2153812862752624 5.749284143829863e-37
2.2221954844013143 5.4283582806647455e-37
2.229030642032797 5.079986972648904e-37
2.2358868236381726 4.725464285781406e-37
2.2427640938841966 4.382221092888202e-37
2.2496625176365335 4.05134994402879e-37
2.2565821599603626 3.7247516656692885e-37
2.263523086120996 3.4122210819168067e-37
2.2704853615844915 3.1211382903542602e-37
2.2774690520182723 2.852084152578821e-37
2.284474223291745 2.59953131419632e-37
2.2915009414769214 2.365853949319176e-37
2.2985492728490406 2.152616892648053e-37
2.3056192838871947 1.9591205436875723e-37
2.3127110412749574 1.7818376135009211e-37
2.3198246119010117 1.6203754577958274e-37
2.3269600628597766 1.4742669362493092e-37
2.334117461452052 1.3424580641712702e-37
2.3412968751856367 1.2228481849397627e-37
2.3484983717759804 1.1145153762417484e-37
2.3557220191468127 1.0166462067836163e-37
2.362967885430787 9.283388650206827e-38
2.3702360389701247 8.483689029723738e-38
2.3775265483172574 7.759539750334002e-38
2.384839482235473 7.104196281575344e-38
2.3921749096995675 6.511189696170634e-38
2.399532899896492 5.973323499225179e-38
2.4069135222260085 5.485125700418495e-38
2.414316846301341 5.041862241328365e-38
2.421742941949834 4.639199476257189e-38
2.429191879213614 4.2728166668266504e-38
2.436663728350242 3.939119099851662e-38
2.444158559833386 3.634963907654327e-38
2.4516764443534784 3.357517460791221e-38
2.459217452818386 3.1041183413787523e-38
2.4667816563540788 2.8724459548745223e-38
2.4743691263052985 2.660446929974818e-38
2.4819799342362345 2.466275641448168e-38
2.4896141519311974 2.2882498284074949e-38
2.497271851395295 2.1248686271359824e-38
2.5049531048551144 1.974789187073619e-38
2.5126579847594 1.836802337131854e-38
2.5203865637797382 1.709818575481906e-38
2.5281389148112448 1.592856645149053e-38
2.535915110973248 1.4850307921123372e-38
2.543715225609981 1.3855405079983546e-38
2.551539332291276 1.2936644909521665e-38
2.5593875048132526 1.208751426534121e-38
2.56725981719902 1.130210110945571e-38
2.5751563436993674 1.0575039716157495e-38
2.583077158793473 9.901461182842416e-39
2.5910223371896004 9.276967208779151e-39
2.5989919538258057 8.697560470000421e-39
2.606986083870644 8.159597292699348e-39
2.6150048027238766 7.659735835830433e-39
2.623048186017187 7.194950830476581e-39
2.631116309614888 6.762504560209902e-39
2.6392092496146415 6.359890700705542e-39
2.647327082348176 5.984783037282783e-39
2.6554698843820033 5.6350609068987206e-39
2.6636377325181435 5.3088260632095567e-39
2.6718307037948508 5.0043334419780663e-39
2.6800488754873353 4.719944058529007e-39
2.6882923251084967 4.454143420948817e-39
2.696561130409653 4.205599762503858e-39
2.7048553693812734 3.973084433871967e-39
2.7131751202537155 3.7554305816099214e-39
2.721520461497962 3.55153699730686e-39
2.729891471826361 3.360458723533198e-39
2.7382882301933686 3.181322032303225e-39
2.746710815796296 3.0132888568017736e-39
2.7551593080760486 2.8555446366995862e-39
2.763633786717887 2.7074114378275447e-39
2.772134331652168 2.5682625202717977e-39
2.7806610230551043 2.43749160064607e-39
2.7892139413495194 2.3144863010388605e-39
2.797793167205606 2.1987548350487178e-39
2.8063987815416858 2.089844379717362e-39
2.815030865524976 1.9873138765335115e-39
2.8236895005723497 1.8906959108183258e-39
2.832374768351109 1.7996295757873212e-39
2.841086750779753 1.7137858938061963e-39
2.8498255300287485 1.6328427872101756e-39
2.858591188521309 1.5564384462730376e-39
2.8673838089341683 1.4843046412168486e-39
2.8762034741983644 1.4162015547520674e-39
2.8850502675000174 1.3518936064749817e-39
2.8939242722811174 1.2910970986752577e-39
2.9028255722403085 1.2336097748652964e-39
2.911754251333682 1.1792567328784735e-39
2.9207103937755647 1.1278658671541191e-39
2.9296940840393155 1.0792120926395448e-39
2.9387054068581207 1.0331402222344565e-39
2.947744447225795 9.895231995701378e-40
2.9568112903975807 9.48235965930542e-40
2.9659060218909543 9.090980423916171e-40
2.97502872748643 8.719876954558302e-40
2.9841794932283734 8.368136295445703e-40
2.9933584054258087 8.03486045746426e-40
3.002565550653233 7.718589555202818e-40
3.0118010157514368 7.418340221863197e-40
3.0210648878283206 7.133471150194264e-40
3.0303572542597146 6.863351903808497e-40
3.0396782026902054 6.606794886453263e-40
3.0490278210339614 6.362973594188418e-40
3.058406197475564 6.1314573794240785e-40
3.0678134204708365 5.911821644517715e-40
3.07724957874768 5.703100411059206e-40
3.0867147613069097 5.50456195906607e-40
3.0962090574230965 5.31594334266175e-40
3.1057325566454046 5.136980889719204e-40
3.1152853487984404 4.9668971783374026e-40
3.1248675239830974 4.8050014100021225e-40
3.1344791725774073 4.651169410500259e-40
3.14412038523739 4.505269323217855e-40
3.153791252897913 4.366684478079432e-40
3.163491866773545 4.234723315379859e-40
3.1732223183594175 4.1093797392282616e-40
3.182982699432089 3.990637987971698e-40
3.1927731020504098 3.878018238330336e-40
3.202593618556388 3.770792904895656e-40
3.2124443415760657 3.66906024937809e-40
3.222325364020387 3.572915531255862e-40
3.2322367790860778 3.4820017085392218e-40
3.2421786802565244 3.39551324339458e-40
3.252151161302653 3.3136480075504415e-40
3.26215431628382 3.2366195794084548e-40
3.2721882395486896 3.1641900589026918e-40
3.2822530257361326 3.095417161323427e-40
3.2923487697761145 3.030604301263419e-40
3.302475566890592 2.970108813533735e-40
3.3126335125944095 2.9138218692282485e-40
3.3228227026962056 2.860566940435918e-40
3.333043233299308 2.810776335034958e-40
3.343295200802647 2.7650108643674163e-40
3.3535787019016614 2.723322525392075e-40
3.3638938335892137 2.6841034005203168e-40
3.374240693156499 2.64798142019852e-40
3.384619378193969 2.6158678520228967e-40
3.3950299865922497 2.5880450313015414e-40
3.4054726165430624 2.5619163798716672e-40
3.4159473665401534 2.5385756625663793e-40
3.4264543353802246 2.51979554922671e-40
3.4369936221638593 2.506671418900827e-40
3.44756532629646 2.4951719288766815e-40
3.458169547489188 2.485595325413299e-40
3.4688063857599 2.4795505558409324e-40
3.479475941434095 2.478559256724309e-40
3.490178315145858 2.4821002341306008e-40
3.5009136078388106 2.488921300106859e-40
3.5116819207670638 2.4979653712581883e-40
3.522483355496168 2.5084771346437504e-40
3.53331801390408 2.5252303204480998e-40
3.5441859981821144 2.548457627521025e-40
3.5550874108359145 2.5758954605011062e-40
3.5660223546864156 2.6053235537613025e-40
3.576990932870814 2.639761725802893e-40
3.587993248843544 2.679969187838578e-40
3.5990294063772494 2.724115971836951e-40
3.610099509563766 2.770293884174187e-40
3.621203662815097 2.8214018381627547e-40
3.6323419708644065 2.877315892751508e-40
3.643514538767 2.9341349132730324e-40
3.65472147190132 2.9876084248990906e-40
3.665962875969937 3.045931404184197e-40
3.677238857000548 3.107817949613333e-40
3.688549521346977 3.1576260332586188e-40
3.699894975690176 3.1785276683231935e-40
3.7112753270392336 3.1758670659821285e-40
3.722690682732381 3.168030157028177e-40
3.734141150438009 3.1555489105461408e-40
3.745626838155679 3.138974053597988e-40
3.7571478542171457 3.087283895346822e-40
3.768704307287377 2.973458403150764e-40
3.780296306365576 2.825240322256067e-40
3.791923960786215 2.6685487396496344e-40
3.8035873802200606 2.500808445869163e-40
3.815286674675215 2.3008870623126516e-40
3.8270219544981456 2.090786019495059e-40
3.838793330374733 1.888489939142036e-40
3.850600913331309 1.6977011569602162e-40
3.8624448147357087 1.5088871499037412e-40
3.87432514629832 1.3312406109966673e-40
3.886242020073132 1.1712611827879387e-40
3.898195548458799 1.0299041631057353e-40
3.9101858441996975 9.016646950362154e-41
3.9222130203869887 7.874182898326156e-41
3.934277190459688 6.875340583162392e-41
3.9463784682057295 6.010926694749306e-41
3.9585169677630474 5.252649784439174e-41
3.9706928036206426 4.59065809979585e-41
3.982906090619673 4.016430671336575e-41
3.995156943954529 3.520197668557984e-41
4.007445479173923 3.0885040065584513e-41
4.019771812181978 2.7129432797694893e-41
4.032136059239325 2.386582913012756e-41
4.044538336964191 2.1030971422628912e-41
4.056978762333507 1.856024512115593e-41
4.069457452684009 1.6403609038056562e-41
4.081974525713345 1.451935486703282e-41
4.09453009948118 1.2871372051020242e-41
4.1071242924103135 1.1427366846833132e-41
4.119757223287808 1.0159830233465554e-41
4.1324290112660815 9.045365121192981e-42
4.145139775864062 8.063937275365096e-42
4.1578896369682905 7.19867141366778e-42
4.170678714834069 6.434565314271167e-42
4.183507130086583 5.758584575322545e-42
4.196375003722047 5.159546179590954e-42
4.209282457108841 4.6282558532439377e-42
4.22222961198866 4.156401654753132e-42
4.235216590477654 3.7366150037464975e-42
4.248243515067587 3.3625353280566456e-42
4.261310508626994 3.028963172175748e-42
4.27441769440233 2.7311838566383637e-42
4.287565196019143 2.464939813667558e-42
4.300753137483232 2.2265302878171067e-42
4.313981643181826 2.0129173435469265e-42
4.327250837884748 1.8213590826122205e-42
4.340560846745592 1.649337313740867e-42
4.353911795302912 1.4946487827676854e-42
4.367303809481398 1.3554671807040585e-42
4.380737015593065 1.23015920647017e-42
4.3942115403384525 1.1172013988543491e-42
4.4077275108078044 1.0152531569567918e-42
4.421285054482282 9.231890660510495e-43
4.434884299235157 8.400143214630876e-43
4.448525373333023 7.647877922298994e-43
4.4622084054370035 6.966769969931231e-43
4.475933524603965 6.349741439315654e-43
4.4897008602877335 5.790601435731752e-43
4.503510542340317 5.283427625489847e-43
4.517362701013133 4.8229539046637455e-43
4.53125746695823 4.404650130129927e-43
4.545194971229525 4.024586859698215e-43
4.559175345284037 3.678975407183989e-43
4.57319872098313 3.3644287351470483e-43
4.587265230593753 3.078002257702204e-43
4.601375006789694 2.817157529987184e-43
4.615528182652819 2.5794348469533232e-43
4.629724891674341 2.3626231565605e-43
4.64396526775607 2.1647821724886386e-43
4.6582494452116805 1.984245994027073e-43
4.672577558767977 1.8193965755683362e-43
4.686949743566164 1.6687713074133208e-43
4.701366135163118 1.5310761107032314e-43
4.715826869532673 1.4052021874890708e-43
4.7303320830669024 1.290072579324066e-43
4.744881912577394 1.184708291153255e-43
4.759476495296555 1.0882369269631902e-43
4.774115968878896 9.999111142664465e-44
4.788800471402336 9.190064737603035e-44
4.8035301413695 8.448608004261846e-44
4.818305117709032 7.7688035429956e-44
4.833125539776892 7.145556532058912e-44
4.847991547357689 6.573948634961969e-44
4.862903280665984 6.049458580829197e-44
4.877860880347618 5.568011275015113e-44
4.89286448748104 5.126098362834119e-44
4.907914243578635 4.720352057140604e-44
4.923010290588064 4.347659689610577e-44
4.938152770893592 4.005203411524952e-44
4.953341827317445 3.6905455763145177e-44
4.968577603121146 3.401362424720005e-44
4.983860242006869 3.135495202966028e-44
4.999189888118797 2.890982532428866e-44
5.014566686044482 2.6661112854263197e-44
5.029990780816204 2.4592728309068495e-44
5.045462317912342 2.268960532132995e-44
5.060981443258746 2.0938011759216068e-44
5.076548303230116 1.9325910132560215e-44
5.092163044651376 1.7842011029100908e-44
5.107825814799063 1.6475733892779406e-44
5.1235367614027165 1.5217414946898643e-44
5.139296032646273 1.4058516427237963e-44
5.155103777169459 1.2991098526959326e-44
5.170960144069196 1.2007694913005475e-44
5.186865282901008 1.1101473903940327e-44
5.20281934368043 1.0266350393239164e-44
5.218822476884423 9.496710485843466e-45
5.2348748334527935 8.787262083399196e-45
5.2509765647896165 8.133156101751008e-45
5.267127822764669 7.530038811309286e-45
5.283328759714853 6.973920996818266e-45
5.299579528445637 6.461037344487202e-45
5.3158802822325 5.987933308838124e-45
5.332231174822376 5.551485972551625e-45
5.348632360435098 5.148846322928614e-45
5.365083993764864 4.777327014447063e-45
5.381586229981677 4.434459144660732e-45
5.398139224732836 4.1179982111150855e-45
5.414743134144379 3.825900664635936e-45
5.43139811482257 3.556243323518579e-45
5.44810432385537 3.3072569481554957e-45
5.46486191881392 3.077325815825447e-45
5.481671057754029 2.864978924239348e-45
5.498531899217659 2.6688366861385807e-45
5.515444602234432 2.4876283985382867e-45
5.532409326323115 2.3201895245732196e-45
5.549426231493135 2.1654582610717513e-45
5.566495478246088 2.0224429109843546e-45
5.583617227577246 1.890229154534431e-45
5.60079164097708 1.7679768442069383e-45
5.618018880432788 1.6549179772343948e-45
5.63529910842981 1.5503384055235358e-45
5.652632487953372 1.4535792773264354e-45
5.670019182490019 1.3640340360115327e-45
5.6874593560291595 1.2811464114475745e-45
5.704953173064605 1.2044013371836105e-45
5.7225007985961325 1.1333235109087577e-45
5.740102398131032 1.0674747882497683e-45
5.757758137685669 1.006451926360413e-45
5.775468183787054 9.498829624500959e-46
5.79323270347441 8.974247177486964e-46
5.811051864300749 8.487605797229195e-46
5.828925834334452 8.035981319418482e-46
5.846854782160856 7.616684666439128e-46
5.86483887688384 7.227236498331608e-46
5.882878288127424 6.865348290533407e-46
5.900973186037368 6.528899570189865e-46
5.919123741282776 6.215944545601963e-46
5.937330125057702 5.92469122616778e-46
5.955592509082776 5.653485101298208e-46
5.973911065606812 5.400788911707148e-46
5.992285967408433 5.1651936305412695e-46
6.010717387797714 4.945386592477082e-46
6.0292055006178 4.740177288803262e-46
6.047750480246552 4.548464302347264e-46
6.066352501598197 4.3692265565609675e-46
6.085011740124972 4.201527110887319e-46
6.103728371818779 4.044500681734602e-46
6.122502573212846 3.897340367395571e-46
6.141334521383394 3.759305751163826e-46
6.160224393951303 3.629719116003194e-46
6.179172369083792 3.507954473048788e-46
6.198178625496095 3.3934276318953096e-46
6.2172433424531475 3.28560128057915e-46
6.236366699771285 3.1839850454535302e-46
6.255548877819924 3.088125860127856e-46
6.274790057523278 2.9976008706504788e-46
6.294090420362054 2.91201981919066e-46
6.3134501483751695 2.8310276934292726e-46
6.332869424161467 2.754296391322295e-46
6.352348430881439 2.681519737823597e-46
6.371887352258951 2.6124140499898523e-46
6.391486372582977 2.5467220640724373e-46
6.411145676709344 2.48420596020176e-46
6.430865450062459 2.4246438698410828e-46
6.450645878637076 2.367829350337309e-46
6.470487149000038 2.313575702181533e-46
6.490389448292046 2.261710312162128e-46
6.510352964229411 2.2120721862648465e-46
6.530377885105843 2.1645001892316095e-46
6.55046439979421 2.1188692051912094e-46
6.570612697748328 2.0750538868796316e-46
6.590822969004745 2.032937170690707e-46
6.6110954041845345 1.992409129242639e-46
6.6314301944950955 1.9533707482327515e-46
6.651827531731951 1.9157304844187805e-46
6.672287608280561 1.879402969762057e-46
6.692810617118137 1.844307653515253e-46
6.713396751815459 1.810348190805556e-46
6.734046206538705 1.7774810668600217e-46
6.754759176051278 1.7456445739137744e-46
6.775535855715649 1.7147794434801295e-46
6.796376441495194 1.684832340939231e-46
6.817281129956043 1.6557539770954713e-46
6.83825011826894 1.6274983501363063e-46
6.859283604211096 1.600021627037329e-46
6.880381786168055 1.5732843156502554e-46
6.901544863135567 1.5472499334437531e-46
6.922773034721468 1.5218843986078666e-46
6.944066501147554 1.497155082950638e-46
6.965425463251481 1.4730325112972198e-46
6.98685012248865 1.4494894694037443e-46
7.008340680934106 1.4264970224550467e-46
7.029897341284457 1.4040289796434502e-46
7.051520306859769 1.3820687375725211e-46
7.073209781605496 1.3605957875921457e-46
7.094965970094398 1.3395909060732145e-46
7.116789077528472 1.319035542533111e-46
7.138679309740887 1.2989127621824593e-46
7.160636873197924 1.2792069493184298e-46
7.182661975000928 1.259903431089254e-46
7.20475482288826 1.2409880101336826e-46
7.226915625237247 1.222447623305518e-46
7.249144591066162 1.2042702332187912e-46
7.271441930036185 1.1864444979606294e-46
7.293807852453385 1.1689594266006194e-46
7.316242569270706 1.1518048104467738e-46
7.338746292089944 1.1349712498628617e-46
7.361319233163763 1.1184498612375797e-46
7.383961605397678 1.1022320355923754e-46
7.406673622352079 1.0863096930591404e-46
7.429455498244227 1.0706754001626057e-46
7.452307447950294 1.055322111607052e-46
7.475229687007378 1.0402430083698193e-46
7.498222431615533 1.0254316264451921e-46
7.521285898639823 1.0108820225167445e-46
7.54442030561235 9.965885530633307e-47
7.56762587073432 9.825457679105118e-47
7.590902812878091 9.687484609132942e-47
7.614251351589243 9.551918467382235e-47
7.637671707088646 9.41871381794415e-47
7.661164100274537 9.287826937450332e-47
7.6847287527246095 9.159215887346537e-47
7.708365886698094 9.032842170278045e-47
7.732075725137857 8.908669338977274e-47
7.755858491672513 8.786662544385154e-47
7.779714410618518 8.666788391582385e-47
7.803643706982302 8.549016363535162e-47
7.827646606462374 8.433317809142877e-47
7.8517233354514655 8.319665660664165e-47
7.875874121038658 8.208034210982461e-47
7.900099191011528 8.098400280409467e-47
7.924398773858295 7.990742529620421e-47
7.948773098769968 7.885041296469619e-47
7.973222395642525 7.781278398598867e-47
7.997746895079069 7.679438046327154e-47
8.022346828392001 7.580061270046495e-47
8.04702242760521 7.482618699282019e-47
8.071773925456254 7.387043832206496e-47
8.096601555398562 7.293329608096496e-47
8.121505551603638 7.201471300782891e-47
8.14648614896325 7.111466564412011e-47
8.171543583091669 7.023315435067282e-47
8.196678090327884 6.937020912009011e-47
8.22188990773782 6.8525890152227305e-47
8.247179273116595 6.7700289619388275e-47
8.272546424990741 6.689353340323312e-47
8.29799160262047 6.610578667657418e-47
8.323515046001921 6.533725687005205e-47
8.34911699586943 6.458819745619556e-47
8.374797693697793 6.385891224076629e-47
8.400557381704553 6.314976215405217e-47
8.426396302852275 6.246117155882584e-47
8.452314700850847 6.17936354481925e-47
8.47831282015977 6.114772787225194e-47
8.504390905990473 6.052411250903714e-47
8.530549204308615 5.992355445514527e-47
8.556787961836413 5.934693383671669e-47
8.583107426054966 5.879526187738233e-47
8.609507845206586 5.826969993495801e-47
8.635989468297154 5.777158193323875e-47
8.662552545098448 5.73024408861513e-47
8.68919732615051 5.686404053887731e-47
8.715924062764008 5.645841296796944e-47
8.74273300702261 5.608790387590899e-47
8.76962441178535 5.575522731241649e-47
8.796598530689026 5.546353208096464e-47
8.823655618150587 5.521648234109987e-47
8.85079592936953 5.501835663390271e-47
8.878019720330311 5.4874170295897465e-47
8.905327247804754 5.478982752945365e-47
8.932718769354484 5.47723112598866e-47
8.960194543333337 5.482992245810061e-47
8.987754828889825 5.497258464144103e-47
9.015399885969552 5.520882709292233e-47
9.04312997531768 5.555397601961026e-47
9.07094535848139 5.602841787042143e-47
9.098846297812338 5.665381974976039e-47
9.126833056469144 5.745705722159027e-47
9.154905898419864 5.847178714253997e-47
9.183065088444478 5.974060540532409e-47
9.211310892137396 6.131805347647321e-47
9.239643575909955 6.327487738280994e-47
9.268063406992944 6.57041741923721e-47
9.296570653439106 6.873044755338653e-47
9.325165584125683 7.252326285445816e-47
9.35384846875694 7.731838233086109e-47
9.382619577866713 8.345146472164228e-47
9.411479182820974 9.141366424290932e-47
9.440427555820358 1.0194706686709757e-46
9.469464969902772 1.1621631286633134e-46
9.498591698945933 1.3613485597730156e-46
9.527808017669974 1.6502853139682185e-46
9.557114201640026 2.091035311497584e-46
9.58651052726882 2.8106379295105412e-46
9.615997271819293 4.1040807640687845e-46
9.6455747134072 6.7940690226799915e-46
9.675243131003754 1.3964304868607539e-45
9.705002804438221 4.6397070088104193e-45
9.734854014400605 1.916885083949545e-43
9.764797042444254 9.499966070711928e-45
9.79483217098855 1.9274453471456012e-45
9.824959683321545 8.113931958523987e-46
9.855179863602654 4.507382664445405e-46
9.885492996865311 2.9074166193047246e-46
9.915899369019698 2.0611158672228174e-46
9.946399266855389 1.559916700184212e-46
9.976992978044096 1.2386397433182093e-46
10.007680791142368 1.0202182199838306e-46
10.038462995594312 8.64795426396939e-47
10.069339881734319 7.500778807287687e-47
10.100311740789808 6.628190138766194e-47
10.131378864883992 5.9474768287728e-47
10.162541547038575 5.404910825378193e-47
10.193800081176596 4.964262180934137e-47
10.225154762125124 4.600442636733664e-47
10.2566058856181 4.2956486992672717e-47
10.288153748299083 4.036957341626616e-47
10.31979864772408 3.8148065600435917e-47
10.351540882364324 3.6219999802131225e-47
10.383380751609115 3.453038802563784e-47
10.415318555768623 3.3036636822041745e-47
10.447354596076742 3.170534446256026e-47
10.479489174693896 3.051002252442877e-47
10.511722594709939 2.9429449250045794e-47
10.544055160146957 2.8446462341809675e-47
10.576487175962196 2.7547062207119654e-47
10.60901894805089 2.671973775310972e-47
10.641650783249156 2.5954953819797714e-47
10.674382989336914 2.524475750115921e-47
10.707215875040752 2.4582472873677076e-47
10.74014975003688 2.3962462194028085e-47
10.773184924953998 2.33799375234558e-47
10.806321711376288 2.283081099535614e-47
10.839560421846295 2.2311574935100383e-47
10.872901369867918 2.181920522553912e-47
10.906344869909335 2.1351082924542036e-47
10.939891237405998 2.0904930272876048e-47
10.973540788763579 2.0478758203140638e-47
11.007293841360983 2.0070823000758366e-47
11.041150713553316 1.9679590378587577e-47
11.075111724674908 1.930370552909648e-47
11.109177195042305 1.8941968057389195e-47
11.14334744595731 1.8593310903829403e-47
11.177622799710011 1.8256782553830705e-47
11.212003579581795 1.7931531949095278e-47
11.246490109848436 1.7616795655924506e-47
11.281082715783116 1.7311886911947644e-47
11.315781723659535 1.7016186235363435e-47
11.35058746075494 1.6729133352158344e-47
11.385500255353252 1.6450220238431069e-47
11.420520436748136 1.6178985101322636e-47
11.455648335246131 1.5915007154959746e-47
11.490884282169736 1.5657902081130645e-47
11.52622860986057 1.5407318059643142e-47
11.561681651682463 1.5162932310811485e-47
11.597243742024652 1.4924448050129284e-47
11.63291521630488 1.4691591823854908e-47
11.668696410972611 1.4464111153985675e-47
11.704587663512177 1.4241772462865016e-47
11.74058931244594 1.4024359234438918e-47
11.776701697337543 1.3811670389493206e-47
11.812925158795046 1.3603518830127576e-47
11.849260038474203 1.3399730160307292e-47
11.885706679081618 1.3200141529583655e-47
11.922265424378047 1.300460061332941e-47
11.958936619181573 1.2812964686388644e-47
11.995720609370922 1.2625099803385197e-47
12.03261774188866 1.2440880055748167e-47
12.069628364744531 1.226018690862669e-47
12.10675282701868 1.208290859535597e-47
12.143991478865 1.1908939580230552e-47
12.18134467151438 1.173818006604456e-47
12.218812757278064 1.157053555052144e-47
12.25639608955096 1.1405916424456525e-47
12.29409502281494 1.1244237607456251e-47
12.331909912642248 1.1085418212862758e-47
12.36984111569879 1.092938124805406e-47
12.407888989747542 1.0776053338893785e-47
12.446053893651895 1.0625364473569762e-47
12.484336187379068 1.0477247777971072e-47
12.522736232003474 1.033163930334389e-47
12.56125438971015 1.0188477831125795e-47
12.599891023798152 1.0047704697170274e-47
12.638646498684007 9.909263630286152e-48
12.677521179905115 9.773100601012565e-48
12.716515434123245 9.639163684210523e-48
12.755629629127936 9.507402932047377e-48
12.794864133840012 9.377770256780028e-48
12.834219318315052 9.250219323820594e-48
12.87369555374685 9.124705447827598e-48
12.913293212470965 9.001185504973221e-48
12.95301266796818 8.879617843381613e-48
12.992854294868083 8.759962204693253e-48
13.03281846895254 8.642179649715814e-48
13.072905567159296 8.526232490436195e-48
13.113115967585475 8.412084224622921e-48
13.153450049491198 8.299699477499417e-48
13.193908193303116 8.189043945248493e-48
13.234490780618044 8.080084342800936e-48
13.2751981942065 7.972788357137662e-48
13.316030818016388 7.867124599085691e-48
13.356989037176547 7.763062563615068e-48
13.398073238000435 7.660572588867515e-48
13.439283807989767 7.559625818595229e-48
13.480621135838128 7.460194167956431e-48
13.5220856114347 7.362250289813541e-48
13.563677625867877 7.265767545115829e-48
13.605397571429016 7.170719971532047e-48
13.647245841616083 7.077082259250254e-48
13.68922283113741 6.984829722864521e-48
13.731328935915371 6.89393827704492e-48
13.773564553090168 6.804384414957259e-48
13.81593008102352 6.716145185948971e-48
13.85842591930248 6.629198174100464e-48
13.901052468743147 6.543521479853936e-48
13.943810131394496 6.459093702523279e-48
13.986699310542129 6.375893919977649e-48
14.029720410712107 6.293901674639078e-48
14.072873837674766 6.213096956567204e-48
14.116159998448504 6.13346018917486e-48
14.159579301303689 6.054972214751689e-48
14.203132155766427 5.977614280981924e-48
14.246818972622512 5.901368027999665e-48
14.29064016392122 5.826215476490566e-48
14.33459614297926 5.752139014911589e-48
14.378687324384618 5.679121390279797e-48
14.422914124000522 5.60714569534357e-48
14.467276958969313 5.536195360631422e-48
14.511776247716416 5.4662541426844904e-48
14.556412409954262 5.3973061156424696e-48
14.601185866686276 5.3293356629901185e-48
14.646097040210808 5.262327467525136e-48
14.691146354125152 5.196266505350081e-48
14.736334233329533 5.131138034732844e-48
14.781661104031079 5.0669275924913724e-48
14.827127393747908 5.003620983574221e-48
14.872733531313097 4.941204275631257e-48
14.918479946878763 4.8796637918225543e-48
14.964367071920108 4.8189861053772977e-48
15.010395339239494 4.7591580313520515e-48
15.056565182970507 4.700166622357833e-48
15.102877038582095 4.6419991632208314e-48
15.149331342882608 4.5846431635270244e-48
15.195928534023999 4.5280863536166587e-48
15.24266905150587 4.472316679147099e-48
15.289553336179706 4.417322296212033e-48
15.336581830252946 4.3630915659630936e-48
15.383754977293227 4.3096130505135467e-48
15.431073222232532 4.2568755090403726e-48
15.478537011371374 4.204867891542498e-48
15.526146792383049 4.1535793364043453e-48
15.5739030143178 4.1029991654341495e-48
15.621806127607126 4.053116880364895e-48
15.669856584067947 4.00392215803327e-48
15.718054836906942 3.955404848432968e-48
15.76640134072476 3.907554969447306e-48
15.814896551520368 3.8603627041401734e-48
15.863540926695288 3.8138183969431356e-48
15.912334925057978 3.7679125509341386e-48
15.961279006828091 3.7226358242333375e-48
16.01037363364089 3.677979026744995e-48
16.059619268551515 3.633933117265691e-48
16.109016376039435 3.59048920043334e-48
16.158565422012792 3.5476385246452697e-48
16.20826687381276 3.5053724780314924e-48
16.25812120021803 3.4636825865185746e-48
16.30812887144916 3.422560511244276e-48
16.35829035917306 3.3819980449367366e-48
16.4086061365074 3.341987110995538e-48
16.459076678025117 3.302519760024626e-48
16.509702459758834 3.2635881672185055e-48
16.56048395920543 3.225184630939858e-48
16.611421655330442 3.1873015700184314e-48
16.662516028572686 3.1499315211207804e-48
16.713767560848694 3.113067136821176e-48
16.76517673555735 3.0767011844301425e-48
16.816744037584375 3.040826542304339e-48
16.868469953306928 3.005436199065277e-48
16.920354970598225 2.970523251170289e-48
16.972399578832064 2.936080900651835e-48
17.02460426888754 2.9021024541398904e-48
17.076969533153573 2.868581320259611e-48
17.12949586553364 2.8355110082546704e-48
17.182183761450364 2.8028851257799715e-48
17.235033717850246 2.7706973777443275e-48
17.288046233208306 2.7389415640541945e-48
17.341221807532808 2.7076115787759868e-48
17.39456094236996 2.6767014071306618e-48
17.44806414080868 2.646205125949999e-48
17.50173190748528 2.616116899953409e-48
17.555564748588303 2.5864309818927018e-48
17.609563171863215 2.5571417102511088e-48
17.663727686617264 2.528243508290704e-48
17.718058803724254 2.4997308817570867e-48
17.772557035629337 2.4715984187572622e-48
17.827222896353913 2.443840787124902e-48
17.882056901500395 2.4164527344198198e-48
17.93705956825716 2.389429084933632e-48
17.992231415403342 2.36276474037434e-48
18.047572963313808 2.3364546769634334e-48
18.103084733963986 2.310493944973796e-48
18.158767250934847 2.2848776673393366e-48
18.214621039417807 2.2596010388653108e-48
18.27064662621973 2.2346593242212197e-48
18.32684453976781 2.210047857920973e-48
18.383215310114668 2.1857620419621497e-48
18.43975946894324 2.1617973459148647e-48
18.496477549571868 2.1381493049667115e-48
18.55337008695932 2.1148135193948197e-48
18.610437617709778 2.091785653163331e-48
18.667680680077986 2.0690614332981722e-48
18.725099813974253 2.0466366485405093e-48
18.7826955609696 2.024507148425473e-48
18.84046846430081 2.0026688424944858e-48
18.898419068875633 1.9811176993727046e-48
18.956547921277824 1.9598497457396257e-48
19.014855569772404 1.9388610652973388e-48
19.073342564310728 1.918147798014287e-48
19.13200945653577 1.8977061392539862e-48
19.190856799787245 1.8775323389411232e-48
19.249885149106888 1.8576227005059217e-48
19.30909506124364 1.837973580485623e-48
19.36848709465893 1.8185813870523886e-48
19.428061809531968 1.7994425799898637e-48
19.48781976776493 1.7805536692726047e-48
19.547761532988392 1.761911214763278e-48
19.607887670566523 1.743511824927135e-48
19.668198747602503 1.7253521567253882e-48
19.728695332943833 1.707428914108425e-48
19.789377997187717 1.689738848097728e-48
19.850247312686395 1.672278755595033e-48
19.911303853552646 1.6550454787702578e-48
19.97254819566508 1.638035904406543e-48
20.033980916673666 1.6212490465291176e-48
20.09560259600512 1.604681371782241e-48
20.15741381486841 1.5883281831845722e-48
20.2194151562602 1.5721865433691365e-48
20.281607204970378 1.5562535560145787e-48
20.34399054758758 1.5405263656174534e-48
20.40656577250467 1.5250021568204646e-48
20.469333469924365 1.509678153457886e-48
20.53229423186472 1.494551618532248e-48
20.595448652164787 1.4796198530856066e-48
20.65879732649016 1.4648801960725318e-48
20.72234085233864 1.450330023499274e-48
20.786079829045818 1.4359667480345928e-48
20.850014857790782 1.421787818412528e-48
20.914146541601735 1.4077907190627465e-48
20.978475485361745 1.393972969228427e-48
21.043002295814368 1.380332122858366e-48
21.107727581569463 1.3668657679218975e-48
21.172651953108858 1.353571525842069e-48
21.23777602279213 1.3404470510552521e-48
21.303100404862438 1.3274900307391546e-48
21.368625715452183 1.3146981838887461e-48
21.43435257258899 1.3020692614750396e-48
21.50028159620137 1.2896010453233132e-48
21.566413408124706 1.2772913481693195e-48
21.632748632107024 1.2651380130447042e-48
21.699287893814937 1.2531389127052077e-48
21.76603182083948 1.2412919494284482e-48
21.832981042702112 1.2295950544529382e-48
21.90013619086057 1.2180461876681343e-48
21.967497898714925 1.2066433370634768e-48
22.03506680161341 1.1953845184145192e-48
22.1028435368586 1.1842677749713905e-48
22.170828743713212 1.1732911769186381e-48
22.239023063406336 1.1624528210789263e-48
22.307427139139367 1.1517508304287225e-48
22.376041616092063 1.1411833539872072e-48
22.4448671414287 1.1307485661415406e-48
22.513904364304118 1.1204446664071843e-48
22.58315393586988 1.1102698791663897e-48
22.65261650928038 1.100222453306723e-48
22.722292739699053 1.0903006616839104e-48
22.79218328430448 1.0805028010192276e-48
22.862288802296685 1.0708271913493024e-48
22.93260995490324 1.0612721759577887e-48
23.003147405385608 1.0518361207985665e-48
23.073901819045304 1.0425174144230863e-48
23.144873863230263 1.0333144673774376e-48
23.21606420734105 1.024225712225858e-48
23.287473522837228 1.0152496029678344e-48
23.35910248324369 1.0063846148566416e-48
23.430951764156948 9.97629244178378e-49
23.503022043251608 9.889820078299084e-49
23.575314000286667 9.804414430828318e-49
23.647828317111998 9.720061073752659e-49
23.72056567767469 9.636745778877561e-49
23.793526768025636 9.554454513919585e-49
23.86671227632585 9.473173439489577e-49
23.940122892853097 9.392888906910891e-49
24.01375931000827 9.313587454127187e-49
24.087622222322047 9.235255804810896e-49
24.161712326461352 9.157880865262575e-49
24.23603032123597 9.081449720886106e-49
24.310576907605117 9.005949636130584e-49
24.385352788684056 8.931368049302704e-49
24.46035866975077 8.857692572557428e-49
24.535595258252524 8.784910987471523e-49
24.611063263812632 8.713011244408277e-49
24.686763398237066 8.641981459390578e-49
24.762696375521266 8.571809912406318e-49
24.83886291185676 8.502485044453344e-49
24.915263725638045 8.433995455213371e-49
24.991899537469237 8.366329902797815e-49
25.068771070170968 8.29947729908368e-49
25.14587904878714 8.233426709063268e-49
25.223224200591815 8.168167348774796e-49
25.300807255096007 8.103688582868413e-49
25.378628944054643 8.039979922598797e-49
25.456690001473383 7.9770310240409e-49
25.534991163615626 7.91483168622225e-49
25.613533169009397 7.853371848638264e-49
25.692316758454297 7.79264159041653e-49
25.771342675028578 7.7326311269296e-49
25.85061166409604 7.673330809860907e-49
25.930124473313167 7.614731123740628e-49
26.009881852636084 7.55682268436203e-49
26.08988455432771 7.499596237783524e-49
26.170133332964777 7.443042658840193e-49
26.25062894544504 7.387152947442343e-49
26.331372150994312 7.331918229247519e-49
26.412363711173725 7.27732975261437e-49
26.49360438988681 7.22337888695098e-49
26.575094953386824 7.170057121906156e-49
26.65683617028384 7.117356064779496e-49
26.738828811552118 7.065267439428161e-49
26.82107365053731 7.013783085268492e-49
26.903571462963757 6.962894954466195e-49
26.98632302694184 6.912595111317455e-49
27.06932912297526 6.862875730443043e-49
27.152590533968496 6.813729094875511e-49
27.23610804523406 6.76514759580549e-49
27.319882444500045 6.717123729933289e-49
27.403914521917407 6.669650098465046e-49
27.488205070067572 6.622719405779224e-49
27.57275488396977 6.5763244576705074e-49
27.657564761088647 6.5304581602303494e-49
27.742635501341688 6.4851135189306155e-49
27.827967907106856 6.440283636258732e-49
27.91356278323008 6.395961711298267e-49
27.9994209370329 6.352141038004619e-49
28.08554317832008 6.308815003831229e-49
28.17193031938717 6.265977088842872e-49
28.258583175028292 6.223620863705507e-49
28.34550256254371 6.181739989606401e-49
28.432689301747622 6.140328215822605e-49
28.520144214975826 6.0993793793634515e-49
28.607868127093536 6.058887402928392e-49
28.695861865503115 6.018846294736027e-49
28.784126260151925 5.979250146590198e-49
28.872662143540076 5.940093132926554e-49
28.9614703507284 5.9013695094756235e-49
29.05055171934619 5.863073612977065e-49
29.139907089599223 5.825199858576026e-49
29.22953730427758 5.787742740170929e-49
29.319443208763687 5.750696828391739e-49
29.40962565104024 5.714056770191458e-49
29.500085481698168 5.677817286933319e-49
29.590823553944755 5.641973174293558e-49
29.681840723611575 5.606519300592539e-49
29.77313784916268 5.57145060609321e-49
29.86471579170256 5.536762101617016e-49
29.956575414984417 5.502448867806601e-49
30.048717585418167 5.468507763442924e-49
30.14114317207874 5.4349337517887774e-49
30.233853046714163 5.4017205707832755e-49
30.326848083753884 5.368863572427535e-49
30.420129160316925 5.336358173695346e-49
30.513697156220257 5.304199855371638e-49
30.607552953986975 5.272384161260447e-49
30.701697438854747 5.240906697905781e-49
30.796131498784103 5.209763132368018e-49
30.89085602446676 5.1789491925526404e-49
30.985871909334143 5.148460665747367e-49
31.08118004956569 5.118293397851919e-49
31.176781344097407 5.0884432926509604e-49
31.272676694630256 5.05890631080383e-49
31.368867005638748 5.02967846933293e-49
31.465353184379367 5.0007558402027876e-49
31.56213614089928 4.972134550051928e-49
31.65921678804472 4.943810779237855e-49
31.756596041469805 4.915780761090138e-49
31.854274819645 4.888040780883092e-49
31.952254043865928 4.860587175651603e-49
32.050534638261894 4.833416332596374e-49
32.149117529804776 4.806524689051908e-49
32.24800364831766 4.779908731568904e-49
32.347193926483605 4.7535649950336775e-49
32.44668929985453 4.727490061878747e-49
32.54649070685991 4.701680561790602e-49
32.646599088815755 4.676133170601087e-49
32.74701538993339 4.650844609784647e-49
32.84774055732842 4.625811645742124e-49
32.948775541029626 4.6010310892254945e-49
33.050121293987985 4.576499794412461e-49
33.15177877208555 4.552214658556206e-49
33.2537489341446 4.528172621229786e-49
33.35603274193654 4.504370663696993e-49
33.458631160191125 4.480805808248909e-49
33.56154515660542 4.457475117628735e-49
33.66477570185303 4.4343756943316014e-49
33.76832376959321 4.411504680413508e-49
33.87219033648001 4.388859256406545e-49
33.97637638217159 4.366436641048946e-49
34.080882889339335 4.344234090472345e-49
34.18571084367726 4.3222488978559974e-49
34.290861233911166 4.300478392927092e-49
34.396335051808094 4.278919941077448e-49
34.502133292185555 4.2575709430846095e-49
34.60825695292105 4.236428834841518e-49
34.71470703496133 4.215491086062887e-49
34.82148454233201 4.194755200662285e-49
34.92859048214684 4.174218715730915e-49
35.0360258646174 4.153879201112735e-49
35.14379170306248 4.133734259081373e-49
35.251889013917705 4.113781523858681e-49
35.36031881674516 4.094018660737141e-49
35.46908213424288 4.074443366262683e-49
35.57817999225464 4.055053367211987e-49
35.68761341977951 4.0358464205784196e-49
35.79738344898167 4.0168203128510156e-49
35.90749111520004 3.9979728597778995e-49
36.01793745695814 3.9793019058082616e-49
36.128723515973775 3.9608053237768125e-49
36.23985033716904 3.942481014309072e-49
36.35131896867993 3.924326905630183e-49
36.463130461866456 3.906340953254429e-49
36.5752858713224 3.888521139280298e-49
36.687786254885374 3.8708654721588745e-49
36.8006326736467 3.853371986408098e-49
36.91382619196151 3.836038742278247e-49
37.02736787745874 3.818863825150075e-49
37.14125880105114 3.8018453453238906e-49
37.25550003694552 3.784981437908283e-49
37.37009266265272 3.768270261954098e-49
37.48503775899792 3.7517100006557605e-49
37.6003364101307 3.735298860611959e-49
37.7159897035354 3.719035071769772e-49
37.83199873004122 3.702916887014452e-49
37.94836458383271 3.686942581899728e-49
38.06508836245983 3.6711104542873926e-49
38.182171166848605 3.655418824015625e-49
38.299614101311214 3.639866032742803e-49
38.417418273556656 3.6244504435855155e-49
38.535584794701 3.6091704406983056e-49
38.65411477927799 3.594024429208084e-49
38.773009345249534 3.579010834799139e-49
38.892269614016186 3.5641281035749354e-49
39.011896710427806 3.549374701622358e-49
39.13189176279411 3.534749114909955e-49
39.25225590289537 3.520249848939553e-49
39.372990265992975 3.5058754286618365e-49
39.494095990840336 3.491624397951971e-49
39.61557421969338 3.477495319602115e-49
39.73742609832154 3.463486774898817e-49
39.85965277601845 3.449597363572597e-49
39.9822554056128 3.435825703488144e-49
40.10523514347919 3.422184879073786e-49
40.22859314954914 3.4086621482000758e-49
40.35233058732188 3.3952538242794454e-49
40.47644862387543 3.3819586339642833e-49
40.60094842987758 3.3687753227584754e-49
40.7258311795969 3.3557026546355213e-49
40.85109805091392 3.3427394130174198e-49
40.97675022533204 3.329884399883355e-49
41.1027888879889 3.3171364355721563e-49
41.22921522766741 3.304494358977116e-49
41.35603043680703 3.2919570274410863e-49
41.48323571151495 3.2795233168960436e-49
41.61083225157749 3.2671921212540036e-49
41.73882126047125 3.2549623527035036e-49
41.86720394537465 3.242832941751574e-49
41.99598151717912 3.2308028372262097e-49
42.12515519050072 3.218871006135937e-49
42.25472618369141 3.2070364335929426e-49
42.38469571885068 3.19529812309781e-49
42.51506502183703 3.18365509650548e-49
42.64583532227947 3.1721063938986517e-49
42.77700785358925 3.1606510736533126e-49
42.908583852971326 3.149288212624348e-49
43.04056456143624 3.13801690606899e-49
43.17295122381156 3.1268362679081246e-49
43.30574508875392 3.1157454307966625e-49
43.43894740876052 3.1047435461222268e-49
43.57255944018114 3.093829784244842e-49
43.70658244322986 3.083003334660498e-49
43.84101768199709 3.0722634062567567e-49
43.975866424461245 3.0616092272097944e-49
44.11112994250104 3.051040045353278e-49
44.246809511907166 3.0405551285226016e-49
44.38290641239456 3.0301537647716076e-49
44.51942192761432 3.0198352625300907e-49
44.656357345165915 3.009598950856484e-49
44.793713956609245 2.9994441802009416e-49
44.93149305747691 2.9893703223005105e-49
45.06969594728636 2.979376770671252e-49
45.208323929552144 2.9694629410774464e-49
45.34737831179832 2.9596282719306582e-49
45.4868604055706 2.949872224792345e-49
45.62677152644894 2.9401942847206587e-49
45.76711299405972 2.9305939610321575e-49
45.90788613208839 2.921070787734676e-49
46.04909226829181 2.911624324240052e-49
46.19073273451088 2.9022541560025195e-49
46.332808866682974 2.8929598950676338e-49
46.47532200485474 2.8837411809097226e-49
46.618273493194536 2.874597681294544e-49
46.761664680005175 2.865529093030614e-49
46.905496917736734 2.856535142853598e-49
47.04977156299916 2.847615588355565e-49
47.194489976575206 2.838770219200586e-49
47.339653523433114 2.8299988579042084e-49
47.48526357273967 2.8213013610637685e-49
47.63132149787294 2.812677620571296e-49
47.77782867643538 2.804127564803214e-49
47.92478649026668 2.795651160083562e-49
48.07219632545696 2.7872484120009187e-49
48.220059572359645 2.7789193669504746e-49
48.368377625604815 2.7706641136287584e-49
48.51715188411213 2.762482784839957e-49
48.66638375110416 2.7543755591472485e-49
48.81607463411966 2.7463426627129735e-49
48.96622594502664 2.7383843713615028e-49
49.11683910003594 2.7305010126564084e-49
49.26791551971437 2.7226929680351032e-49
49.41945662899828 2.7149606751538535e-49
49.57146385720682 2.7073046302979818e-49
49.723938638055685 2.69972539098288e-49
49.87688240967029 2.6922235786810227e-49
50.03029661459967 2.6846725124558794e-49
50.184182699829805 2.6766668856998783e-49
50.338542116797534 2.6687148144362915e-49
50.493376321404 2.6608157577537067e-49
50.64868677402856 2.6529691810599e-49
50.804474939542416 2.645174555864468e-49
50.960742287322624 2.637431359768248e-49
51.117490291265696 2.6297390764342065e-49
51.27472042980174 2.622097195368173e-49
51.432434185908285 2.6145052119191124e-49
51.59063304712425 2.606962627191235e-49
51.74931850556408 2.5994689482851554e-49
51.908492057931646 2.5920236870582475e-49
52.0681552055346 2.584626361338179e-49
52.22830945429828 2.5772764943304956e-49
52.38895631478014 2.569973614550049e-49
52.550097302183794 2.5627172557598315e-49
52.71173393637352 2.5555069571858857e-49
52.87386774188836 2.5483422630212744e-49
53.036500247956745 2.5412227225840646e-49
53.19963298851067 2.5341478900450047e-49
53.363267502200415 2.527117324628716e-49
53.5274053324088 2.5201305907312466e-49
53.69204802726598 2.5131872573723225e-49
53.85719713966391 2.5062868983819706e-49
54.022854227270955 2.49942909244337e-49
54.189020852546726 2.492613422735158e-49
54.3556985827567 2.485839477042935e-49
54.52288898998708 2.4791068478390947e-49
54.690593651159496 2.4724151321199583e-49
54.85881414804607 2.4657639316548478e-49
55.02755206728413 2.4591528520879965e-49
55.1968090003914 2.4525815037521435e-49
55.36658654378072 2.44604950131991e-49
55.53688629877545 2.439556463630573e-49
55.707709871624225 2.4331020137998818e-49
55.87905887351642 2.426685779657421e-49
56.05093492059708 2.4203073929014878e-49
56.22333963398234 2.413966489390557e-49
56.39627463977472 2.4076627091480545e-49
56.56974156907824 2.401395696185268e-49
56.74374205801413 2.3951650985753228e-49
56.91827774773596 2.388970568418752e-49
57.09335028444537 2.3828117618484064e-49
57.26896131940738 2.376688339001697e-49
57.44511250896619 2.370599963569243e-49
57.62180551456053 2.3645463033158237e-49
57.79904200273962 2.3585270298260495e-49
57.976823645178634 2.3525418181458244e-49
58.155152118694666 2.3465903477118552e-49
58.3340291052624 2.3406723014403262e-49
58.51345629203011 2.334787365894332e-49
58.693435371335376 2.328935231363355e-49
58.8739680407213 2.3231155916799783e-49
59.05505600295234 2.3173281441876506e-49
59.23670096603037 2.311572589869924e-49
59.41890464321089 2.3058486332715144e-49
59.60166875301908 2.3001559825567542e-49
59.78499501926614 2.2944943489250583e-49
59.96888517106535 2.288863447237968e-49
60.15334094284864 2.2832629957218224e-49
60.33836407438265 2.2776927155231805e-49
60.523956310785465 2.272152331943563e-49
60.71011940254273 2.2666415731810883e-49
60.896855105524494 2.2611601706615396e-49
61.084165181001474 2.2557078589971944e-49
61.27205139566193 2.2502843760102415e-49
61.460515521628096 2.2448894626445126e-49
61.64955933647308 2.2395228629735024e-49
61.83918462323754 2.2341843243421695e-49
62.02939317044646 2.2288735968592655e-49
62.22018677212616 2.223590433555715e-49
62.41156722782101 2.2183345905873204e-49
62.603536342610674 2.213105826879066e-49
62.79609592712682 2.2079039044328387e-49
62.98924779757054 2.2027285882981e-49
63.18299377572912 2.1975796461966147e-49
63.37733568899357 2.1924568487158652e-49
63.572275370375536 2.187359969182532e-49
63.76781465852493 2.182288783575198e-49
63.963955397746886 2.177243070665665e-49
64.16069943801956 2.1722226118260844e-49
64.35804863501119 2.1672271911590575e-49
64.55600485009793 2.1622565954948052e-49
64.75456995038124 2.1573106141643156e-49
64.9537458087054 2.152389039257627e-49
65.15353430367547 2.1474916652092415e-49
65.35393731967467 2.1426182887736595e-49
65.55495674688247 2.1377687093798482e-49
65.75659448129208 2.1329427287151857e-49
65.95885242472872 2.1281401511572685e-49
66.16173248486716 2.1233607835499536e-49
66.36523657525008 2.118604434979026e-49
66.5693666153058 2.1138709169973967e-49
66.77412453036665 2.1091600433023953e-49
66.97951225168688 2.1044716299272214e-49
67.18553171646116 2.099805495228927e-49
67.39218486784253 2.0951614597330143e-49
67.59947365496102 2.090539346343174e-49
67.80740003294187 2.085938980110911e-49
68.01596596292396 2.08136018826247e-49
68.22517341207845 2.0768028001939664e-49
68.4350243536271 2.0722666474271475e-49
68.6455207668612 2.067751563611205e-49
68.85666463715985 2.063257384470315e-49
69.06845795600913 2.0587839478212152e-49
69.2809027210204 2.054331093540643e-49
69.4940009359496 2.0498986635215944e-49
69.7077546107158 2.0454865016980882e-49
69.92216576142037 2.041094453929325e-49
70.13723641036589 2.0367223680483546e-49
70.35296858607528 2.0323700938514773e-49
70.56936432331085 2.02803748306714e-49
70.78642566309361 2.0237243892588127e-49
71.00415465272249 2.0194306678863746e-49
71.22255334579349 2.0151561762387334e-49
71.44162380221934 2.010900773457682e-49
71.66136808824861 2.0066643205082596e-49
71.88178827648552 2.002446680103712e-49
72.10288644590916 1.9982477166735185e-49
72.32466468189345 1.9940672964534574e-49
72.54712507622644 1.9899052873436336e-49
72.77026972713034 1.9857615587890674e-49
72.99410073928112 1.9816359820062236e-49
73.21862022382852 1.9775284300014565e-49
73.4438302984158 1.973438777227516e-49
73.66973308719987 1.969366900219639e-49
73.89633072087112 1.9653126760581563e-49
74.12362533667374 1.961275983827261e-49
74.35161907842581 1.957256703892737e-49
74.58031409653934 1.9532547183398067e-49
74.80971254804093 1.9492699108630615e-49
75.03981659659158 1.945302166394099e-49
75.27062841250773 1.941351371342766e-49
75.50215017278116 1.937417413231263e-49
75.7343840610999 1.9335001810514174e-49
75.96733226786866 1.9295995652385698e-49
76.2009969902295 1.925715457275886e-49
76.4353804320826 1.921847749940257e-49
76.67048480410702 1.917996337194157e-49
76.90631232378153 1.9141611142481828e-49
77.14286521540565 1.910341977664559e-49
77.38014571012033 1.906538825009729e-49
77.61815604592942 1.9027515549286096e-49
77.85689846772044 1.898980067302796e-49
78.09637522728579 1.895224263016838e-49
78.33658858334425 1.891484044298892e-49
78.57754080156192 1.8877593139020807e-49
78.81923415457389 1.884049975761852e-49
79.06167092200543 1.880355934620105e-49
79.30485339049379 1.876677096503961e-49
79.54878385370942 1.873013368487156e-49
79.79346461237786 1.869364658347582e-49
80.0388979743013 1.865730874809683e-49
80.28508625438054 1.86211192764619e-49
80.53203177463648 1.8585077275206335e-49
80.7797368642324 1.8549181861856303e-49
81.02820385949565 1.8513432154533927e-49
81.27743510393981 1.847782728414521e-49
81.52743294828689 1.8442366386964574e-49
81.77819975048915 1.8407048613802343e-49
82.02973787575186 1.837187312024666e-49
82.28204969655508 1.833683906849921e-49
82.53513759267646 1.830194563127798e-49
82.78900395121332 1.8267191987797424e-49
83.04365116660558 1.823257732589981e-49
83.29908164065793 1.819810083906531e-49
83.5552977825628 1.8163761728990195e-49
83.81230200892281 1.8129559205296613e-49
84.0700967437739 1.8095492484410566e-49
84.32868441860778 1.80615607902033e-49
84.5880674723953 1.802776335631981e-49
84.848248351609 1.7994099419471103e-49
85.10922951024668 1.7960568224466736e-49
85.37101340985414 1.7927169020327835e-49
85.63360251954849 1.789390106905048e-49
85.89699931604169 1.7860763638213254e-49
86.16120628366347 1.7827756001832333e-49
86.42622591438524 1.779487743983947e-49
86.69206070784317 1.7762127239308226e-49
86.95871317136209 1.772950469287994e-49
87.22618581997891 1.7697009102430388e-49
87.49448117646652 1.7664639775643568e-49
87.76360177135744 1.7632396028517163e-49
88.03355014296777 1.760027717996137e-49
88.30432883742108 1.7568282557236876e-49
88.57594040867252 1.7536411496577664e-49
88.84838741853278 1.750466333586193e-49
89.12167243669235 1.74730374211328e-49
89.39579804074576 1.7441533102622068e-49
89.67076681621569 1.741014974344228e-49
89.9465813565778 1.7378886709608363e-49
90.22324426328457 1.7347743373394183e-49
90.50075814579054 1.731671911281542e-49
90.77912562157623 1.72858133117813e-49
91.05834931617343 1.7255025361047405e-49
91.33843186318944 1.7224354658013936e-49
91.61937590433249 1.7193800606266126e-49
91.9011840894359 1.7163362614256653e-49
92.18385907648393 1.7133040096593486e-49
92.46740353163607 1.7102832476354201e-49
92.75182012925282 1.7072739178270182e-49
93.03711155192042 1.704275963451718e-49
93.32328049047648 1.7012893282507721e-49
93.61032964403528 1.6983139568027922e-49
93.89826172001302 1.6953497942343517e-49
94.18707943415373 1.6923967861550879e-49
94.47678551055449 1.6894548786052099e-49
94.76738268169153 1.6865240180892846e-49
95.05887368844557 1.6836041520658969e-49
95.35126128012809 1.6806952284849924e-49
95.6445482145068 1.677797195893356e-49
95.93873725783229 1.6749100031516749e-49
96.23383118486336 1.672033599827582e-49
96.52983277889383 1.6691679360284533e-49
96.8267448317784 1.6663129623755006e-49
97.1245701439592 1.6634686297627723e-49
97.42331152449208 1.6606348901582311e-49
97.72297179107315 1.6578116959742645e-49
98.02355377006542 1.6549990002113526e-49
98.32506029652522 1.6521967559791108e-49
98.62749421422934 1.649404917257901e-49
98.9308583757014 1.646623438424107e-49
99.23515564223916 1.6438522743070627e-49
99.5403888839412 1.6410913779788382e-49
99.84656097973422 1.6383407082427555e-49
100.15367481739995 1.635600221971213e-49
100.46173329360268 1.6328698759259457e-49
100.77073931391637 1.630149626786776e-49
101.08069579285193 1.6274394324616454e-49
101.39160565388528 1.6247392513320974e-49
101.70347182948424 1.6220490422460975e-49
102.01629726113649 1.6193687645098908e-49
102.33008489937752 1.6166983778814002e-49
102.64483770381803 1.6140378425601868e-49
102.96055864317213 1.6113871191786549e-49
103.2772506952852 1.6087461687959422e-49
103.59491684716237 1.6061149528845411e-49
103.91356009499596 1.603493433325754e-49
104.2331834441944 1.600881572398511e-49
104.55378990941009 1.598279332770788e-49
104.87538251456849 1.5956866774906517e-49
105.19796429289586 1.5931035699781003e-49
105.52153828694836 1.5905299740145035e-49
105.84610754864048 1.5879658537374417e-49
106.17167513927431 1.5854111736292793e-49
106.49824412956777 1.5828658985106864e-49
106.82581759968384 1.5803299935335854e-49
107.15439863925997 1.5778034241722378e-49
107.48399034743657 1.575286156217401e-49
107.81459583288672 1.5727781557702783e-49
108.14621821384516 1.570279389234017e-49
108.47886061813821 1.567789823310789e-49
108.81252618321273 1.5653094249946333e-49
109.14721805616583 1.5628381615670408e-49
109.48293939377469 1.5603760005922713e-49
109.81969336252656 1.557922909913574e-49
110.157483138648 1.555478857649509e-49
110.49631190813543 1.5530438121896594e-49
110.83618286678464 1.5506177421929534e-49
111.17709922022172 1.548200616584295e-49
111.5190641839324 1.5457924045524939e-49
111.8620809832928 1.5433930755481562e-49
112.2061528536002 1.5410025992815518e-49
112.5512830401028 1.5386209457221354e-49
112.89747479803096 1.5362480850961951e-49
113.24473139262736 1.5338839878864285e-49
113.59305609917864 1.531528624830536e-49
113.94245220304528 1.5291819669207514e-49
114.29292299969325 1.5268439854026412e-49
114.64447179472472 1.5245146517753879e-49
114.99710190390984 1.5221939377903451e-49
115.35081665321724 1.519881815451221e-49
115.7056193788458 1.5175782570134201e-49
116.06151342725607 1.5152832349834935e-49
116.41850215520212 1.5129967221195979e-49
116.77658892976255 1.5107186914303722e-49
117.1357771283728 1.5084491161746815e-49
117.49607013885662 1.5061879698624459e-49
117.85747135945864 1.5039352262532763e-49
118.21998419887566 1.5016908593575821e-49
118.58361207628909 1.4994548434350652e-49
118.94835842139769 1.4972271529962782e-49
119.314226674449 1.4950077628014228e-49
119.68122028627256 1.492796647861197e-49
120.04934271831192 1.4905937834365323e-49
120.418597442658 1.488399145039383e-49
120.78898794208092 1.4862127084320985e-49
121.16051771006347 1.4840344496291454e-49
121.5331902508338 1.4818643448961455e-49
121.9070090793989 1.479702370750926e-49
122.28197772157706 1.4775485039638105e-49
122.65809971403164 1.4754027215579516e-49
123.03537860430409 1.4732650008104514e-49
123.413817950848 1.4711353192513688e-49
123.79342132306192 1.469013654665365e-49
124.17419230132332 1.4668999850908986e-49
124.55613447702277 1.464794288820835e-49
124.93925145259708 1.4626965444020728e-49
125.32354684156378 1.460606730635557e-49
125.70902426855496 1.4585248265755493e-49
126.09568736935192 1.4564508115294717e-49
126.48353979091868 1.4543846650559103e-49
126.87258519143704 1.4523263669643519e-49
127.2628272403406 1.4502758973137453e-49
127.65426961835011 1.4482332364102488e-49
128.0469160175072 1.4461983648048837e-49
128.44077014120992 1.4441712632922534e-49
128.83583570424727 1.4421519129072998e-49
129.2321164328348 1.4401402949221841e-49
129.62961606464899 1.4381363908434232e-49
130.0283383488629 1.4361401824084731e-49
130.42828704618185 1.4341516515822301e-49
130.82946592887822 1.4321707805528381e-49
131.2318787808275 1.4301975517280585e-49
131.63552939754365 1.4282319477312479e-49
132.04042158621553 1.4262739513973918e-49
132.44655916574197 1.4243235457679026e-49
132.85394596676832 1.4223807140881587e-49
133.26258583172236 1.4204454398022834e-49
133.6724826148509 1.4185177065486828e-49
134.0836401822557 1.4165974981576971e-49
134.49606241192996 1.4146847986466859e-49
134.90975319379507 1.4127795922164801e-49
135.32471642973763 1.41088186324886e-49
135.74095603364552 1.4089915963027429e-49
136.1584759314451 1.407108776111545e-49
136.57728006113885 1.4052333875803325e-49
136.99737237284143 1.4033654157842315e-49
137.41875682881772 1.4015048459656513e-49
137.84143740351985 1.399651663532761e-49
138.26541808362512 1.3978058540581303e-49
138.69070286807295 1.395967403277197e-49
139.11729576810305 1.3941362970872575e-49
139.54520080729299 1.3923125215471282e-49
139.97442202159667 1.3904960628756642e-49
140.40496345938166 1.3886869074522919e-49
140.8368291814678 1.3868850418159783e-49
141.2700232611654 1.3850904526657496e-49
141.704549784314 1.3833031268599318e-49
142.14041284932023 1.3815230514169868e-49
142.5776165671969 1.3797502135156235e-49
143.01616506160204 1.3779846004945378e-49
143.45606246887704 1.3762261998535964e-49
143.89731293808623 1.374474999253651e-49
144.33992063105592 1.3727309865171194e-49
144.78388972241373 1.3709941496290317e-49
145.22922439962764 1.3692644767372843e-49
145.67592886304573 1.367541956153134e-49
146.12400732593562 1.365826576352476e-49
146.5734640145248 1.364118325976157e-49
147.0243031680396 1.3624171938309044e-49
147.47652903874572 1.360723168890593e-49
147.93014589198813 1.359036240296773e-49
148.38515800623176 1.3573563973598761e-49
148.84156967310113 1.3556836295602198e-49
149.29938519742117 1.3540179265492555e-49
149.75860889725823 1.3523592781498202e-49
150.21924510396002 1.3507076743586879e-49
150.681298162197 1.3490631053459696e-49
151.1447724300031 1.3474255614572379e-49
151.60967227881727 1.3457950332140198e-49
152.07600209352418 1.3441715113144445e-49
152.54376627249565 1.342554986634116e-49
153.01296922763228 1.340945450226878e-49
153.48361538440548 1.3393428933243652e-49
153.95570918189827 1.3377473073372023e-49
154.42925507284795 1.3361586838540733e-49
154.9042575236875 1.334577014641973e-49
155.38072101458854 1.3330022916452217e-49
155.85865003950255 1.3314345069853819e-49
156.33804910620387 1.3298736529594126e-49
156.81892273633255 1.3283197220391096e-49
157.301275465436 1.3267727068693584e-49
157.78511184301254 1.3252326002665019e-49
158.270436432554 1.323699395216508e-49
158.75725381158924 1.3221730848732477e-49
159.24556857172655 1.3206536625560652e-49
159.73538531869752 1.3191411217477256e-49
160.2267086724001 1.3176354560923648e-49
160.71954326694285 1.3161366593931605e-49
161.2138937506878 1.3146447256102225e-49
161.70976478629476 1.3131596488583649e-49
162.2071610507651 1.3116814234052462e-49
162.7060872354865 1.3102100436694556e-49
163.2065480462761 1.308745504218487e-49
163.70854820342555 1.3072877997677476e-49
164.2120924417459 1.3058369251786986e-49
164.71718551061133 1.3043928754578036e-49
165.2238321740045 1.3029556457556752e-49
165.73203721056143 1.3015252313660317e-49
166.24180541361685 1.3001016277253884e-49
166.7531415912487 1.298684830412325e-49
167.26605056632403 1.2972748351474561e-49
167.7805371765442 1.2958716377933767e-49
168.29660627449107 1.2944752343546781e-49
168.81426272767203 1.2930856209780353e-49
169.3335114185662 1.2917027939525503e-49
169.85435724467047 1.2903267497104645e-49
170.3768051185462 1.2889574848273006e-49
170.90085996786456 1.2875949960226862e-49
171.4265267354535 1.286239280160905e-49
171.95381037934513 1.2848903342518297e-49
172.482715872821 1.2835481554515831e-49
173.01324820446 1.2822127410634616e-49
173.54541237818515 1.2808840885390055e-49
174.07921341331115 1.2795621954787982e-49
174.614656344591 1.2782470596337757e-49
175.151746222264 1.2769386789060622e-49
175.69048811210317 1.2756370513505072e-49
176.23088709546357 1.2743421751755122e-49
176.7729482693293 1.2730540487443933e-49
177.3166767463622 1.2717726705767867e-49
177.86207765494987 1.2704980393495799e-49
178.40915613925446 1.2692301538982184e-49
178.95791735926042 1.2679690132178832e-49
179.50836649082353 1.2667146164645376e-49
180.06050872572033 1.2654669629557367e-49
180.614349271696 1.2642260521715011e-49
181.16989335251407 1.2629918837552563e-49
181.72714620800568 1.26176445751389e-49
182.28611309411923 1.2605437734184723e-49
182.84679928296927 1.259329831603922e-49
183.4092100628868 1.2581226323694866e-49
183.9733507384688 1.25692217617809e-49
184.5392266306289 1.2557284636559379e-49
185.10684307664653 1.254541495591872e-49
185.6762054302183 1.2533612729367127e-49
186.24731906150748 1.2521877968021732e-49
186.820189357196 1.2510210684597124e-49
187.39482172053377 1.2498610893399602e-49
187.9712215713904 1.2487078610307787e-49
188.5493943463068 1.2475613852767747e-49
189.1293454985453 1.2464216639778449e-49
189.711080498142 1.2452886991880432e-49
190.29460483195763 1.2441624931150287e-49
190.87992400373057 1.2430430481185439e-49
191.4670435341272 1.241930366710334e-49
192.0559689607948 1.2408244515529816e-49
192.64670583841368 1.2397253054600694e-49
193.23925973874992 1.238632931395073e-49
193.8336362507072 1.2375473324722238e-49
194.42984098037985 1.2364685119554863e-49
195.02787955110563 1.235396473259538e-49
195.62775760351963 1.2343312199498253e-49
196.22948079560595 1.2332727557427334e-49
196.83305480275192 1.2322210845062879e-49
197.43848531780208 1.2311762102609734e-49
198.0457780511109 1.2301381371800865e-49
198.65493873059717 1.2291068695909188e-49
199.26597310179767 1.2280824119753066e-49
199.87888692792257 1.2270647689708702e-49
200.49368598990787 1.2260539453718963e-49
201.1103760864713 1.2250499461303718e-49
201.72896303416633 1.224052776357364e-49
202.34945266743807 1.2230624413240295e-49
202.9718508386768 1.2220789464629151e-49
203.59616341827427 1.221102297369247e-49
204.22239629467836 1.2201324998023143e-49
204.85055537444964 1.2191695596867806e-49
205.48064658231587 1.2182134831138356e-49
206.1126758612284 1.2172642763426656e-49
206.74664917241887 1.2163219458015481e-49
207.38257249545416 1.2153864980892343e-49
208.02045182829377 1.2144579399755804e-49
208.66029318734567 1.2135362784028949e-49
209.3021026075243 1.2126215204863313e-49
209.94588614230585 1.2117136735149755e-49
210.59164986378633 1.2108127449517291e-49
211.23939986273865 1.2099187424340757e-49
211.88914224867045 1.2090316737739777e-49
212.54088314988087 1.2081515469578921e-49
213.1946287135191 1.2072783701465707e-49
213.8503851056417 1.2064121516748385e-49
214.50815851127183 1.2055529000511576e-49
215.16795513445632 1.2047006239571715e-49
215.82978119832475 1.2038553322474417e-49
216.4936429451488 1.2030170339487295e-49
217.15954663639988 1.2021857382596617e-49
217.8274985528089 1.2013614545504783e-49
218.49750499442527 1.2005441923627514e-49
219.1695722806772 1.1997339614089425e-49
219.84370675042967 1.1989307715729217e-49
220.5199147620456 1.198134632909335e-49
221.19820269344487 1.1973455556443071e-49
221.87857694216584 1.1965635501758952e-49
222.56104392542383 1.1957886270740497e-49
223.24561008017315 1.1950207970814962e-49
223.9322818631668 1.1942600711144218e-49
224.62106575101856 1.1935064602634268e-49
225.31196824026276 1.192759975794078e-49
226.00499584741607 1.192020629148047e-49
226.7001551090397 1.1912884319442474e-49
227.3974525817999 1.1905633959798228e-49
228.09689484253028 1.1898455332315885e-49
228.79848848829369 1.1891348558567841e-49
229.5022401364454 1.1884313761951763e-49
230.20815642469395 1.1877351067696385e-49
230.9162440111648 1.1870460602880707e-49
231.6265095744625 1.1863642496446649e-49
232.33895981373487 1.1856896879214395e-49
233.05360144873475 1.185022388389374e-49
233.770441219884 1.1843623645104018e-49
234.48948588833687 1.1837096299381515e-49
235.2107422360448 1.1830641985195822e-49
235.93421706581876 1.1824260842960745e-49
236.6599172013941 1.1817953015045493e-49
237.387849487496 1.18117186457817e-49
238.11802078990192 1.1805557881476051e-49
238.8504379955081 1.1799470870412071e-49
239.58510801239348 1.1793457762856809e-49
240.322037769886 1.178751871106531e-49
241.0612342186264 1.1781653869283602e-49
241.80270433063515 1.1775863393748442e-49
242.54645509937717 1.1770147442690768e-49
243.2924935398289 1.1764506176335748e-49
244.0408266885436 1.175893975690365e-49
244.7914616037177 1.1753448348611226e-49
245.5444053652576 1.1748032117672142e-49
246.29966507484727 1.1742691232302755e-49
247.05724785601367 1.1737425862722753e-49
247.8171608541948 1.1732236181159424e-49
248.5794112368075 1.1727122361856402e-49
249.34400619331407 1.1722084581077028e-49
250.1109529352908 1.1717123017113803e-49
250.8802586964954 1.1712237850298306e-49
251.6519307329364 1.1707429263009561e-49
252.42597632294004 1.1702697439685295e-49
253.20240276721992 1.1698042566834802e-49
253.98121738894528 1.1693464833050581e-49
254.7624275338112 1.1688964429022295e-49
255.54604057010633 1.1684541547551261e-49
256.3320638887833 1.1680196383563544e-49
257.12050490352823 1.1675929134127456e-49
257.91137105083106 1.1671739998467631e-49
258.70466979005494 1.1667629177982893e-49
259.50040860350674 1.1663596876260002e-49
260.29859499650854 1.165964329909381e-49
261.0992364974674 1.1655768654500173e-49
261.90234065794635 1.165197315273295e-49
262.70791505273604 1.1648257006299516e-49
263.5159672799269 1.1644620429975536e-49
264.32650496097904 1.164106364081621e-49
265.1395357407955 1.1637586858170888e-49
265.95506728779367 1.163419030369191e-49
266.7731072939787 1.1630874201346896e-49
267.59366347501435 1.1627638777424648e-49
268.4167435702971 1.1624484260545356e-49
269.24235534302835 1.162141088166505e-49
270.0705065802888 1.1618418874083134e-49
270.9012050931104 1.1615508473449614e-49
271.7344587165505 1.161267991776776e-49
272.57027530976706 1.1609933447405488e-49
273.40866275609073 1.1607269305098459e-49
274.2496289631004 1.1604687735958782e-49
275.0931818626974 1.1602188987486006e-49
275.93932941118123 1.1599773309574238e-49
276.78807958932293 1.1597440954523395e-49
277.63944040244166 1.1595192177053291e-49
278.49341988047945 1.1593027234313278e-49
279.3500260780782 1.1590946385898902e-49
280.2092670746538 1.1588949893865494e-49
281.0711509744736 1.1587038022743976e-49
281.93568590673226 1.1585211039557532e-49
282.8028800256296 1.158346921383979e-49
283.67274151044563 1.1581812817650633e-49
284.5452785656187 1.1580242125596828e-49
285.42049942082366 1.1578757414850986e-49
286.29841233104804 1.1577358965170465e-49
287.1790255766705 1.1576047058917111e-49
288.06234746353886 1.1574821981078497e-49
288.9483863230495 1.1573684019286958e-49
289.83715051222384 1.1572633463836468e-49
290.7286484137889 1.1571670607707074e-49
291.62288843625527 1.1570795746577308e-49
292.51987901399804 1.1570009178844988e-49
293.41962860733406 1.1569311205641412e-49
294.32214570260345 1.1568702130848775e-49
295.2274388122486 1.1568182261112574e-49
296.13551647489606 1.1567751905855885e-49
297.04638725543504 1.1567411377294337e-49
297.960059745099 1.1567160990445907e-49
298.87654256154786 1.1567001063147812e-49
299.7958443489473 1.1566931916066756e-49
300.71797377805143 1.1566953872716404e-49
301.64293954628425 1.1567067259468081e-49
302.5707503778225 1.1567272405571231e-49
303.5014150236765 1.1567569643168053e-49
304.4349422617737 1.1567959307312291e-49
305.3713408970408 1.1568441735988257e-49
306.31061976148834 1.1569017270133515e-49
307.2527877142917 1.1569686253658803e-49
308.19785364187624 1.157044903347256e-49
309.1458264580005 1.157130595950412e-49
310.09671510384123 1.1572257384729102e-49
311.0505285480761 1.157330366519917e-49
312.0072757869692 1.1574445160064427e-49
312.9669658444568 1.1575682231604249e-49
313.9296077722305 1.1577015245259548e-49
314.8952106498239 1.157844456965637e-49
315.86378358469784 1.1579970576643819e-49
316.8353357123271 1.1581593641317908e-49
317.8098761962852 1.158331414205844e-49
318.7874142283315 1.1585132460558366e-49
319.76795902849796 1.1587048981853897e-49
320.7515198451767 1.158906409435691e-49
321.7381059552058 1.1591178189888296e-49
322.72772666395787 1.1593391663704107e-49
323.7203913054271 1.159570491453357e-49
324.71610924231885 1.1598118344608283e-49
325.7148898661357 1.1600632359697423e-49
326.7167425972672 1.1603247369142211e-49
327.72167688507983 1.1605963785893298e-49
328.72970220800374 1.1608782026551292e-49
329.7408280736239 1.161170251140606e-49
330.75506401876873 1.161472566448505e-49
331.77241960960185 1.1617851913598775e-49
332.7929044417099 1.1621081690392379e-49
333.81652814019435 1.1624415430402961e-49
334.84330035976205 1.1627853573114192e-49
335.8732307848173 1.16313965620236e-49
336.90632912955107 1.1635044844706506e-49
337.9426051380344 1.1638798872889264e-49
338.9820685843091 1.1642659102524633e-49
340.02472927248186 1.1646625993876457e-49
341.0705970368141 1.165070001160542e-49
342.1196817418162 1.1654881624861939e-49
343.1719932823413 1.1659171307386812e-49
344.22754158367684 1.166356953762022e-49
345.2863366016392 1.1668076798813014e-49
346.3483883226671 1.167269357915224e-49
347.41370676391733 1.1677420371890553e-49
348.48230197335687 1.1682257675488979e-49
349.55418402985924 1.168720599376952e-49
350.6293630432986 1.1692265836082017e-49
351.70784915464685 1.1697437717481574e-49
352.7896525360671 1.1702722158928627e-49
353.8747833910108 1.17081196875037e-49
354.9632519543134 1.1713630836644043e-49
356.0550684922925 1.17192561464055e-49
357.15024330284217 1.1724996163753708e-49
358.2487867155314 1.1730851442884553e-49
359.35070909170264 1.1736822545580209e-49
360.45602082456713 1.1742910041607093e-49
361.5647323393046 1.1749114509159652e-49
362.6768540931607 1.1755436535354619e-49
363.79239657554734 1.1761876716783711e-49
364.9113703081391 1.1768435660141595e-49
366.03378584497426 1.1775113982919898e-49
367.1596537725532 1.1781912314200788e-49
368.28898470994034 1.178883129554817e-49
369.42178930886155 1.1795871582019458e-49
370.558078253806 1.1803033843312643e-49
371.6978622621269 1.1810318765078782e-49
372.84115208414346 1.1817727050415624e-49
373.9879585032402 1.1825259421581616e-49
375.13829233596965 1.1832916621966959e-49
376.292164432156 1.1840699418367948e-49
377.4495856749946 1.184860860361748e-49
378.6105669811562 1.1856644999642366e-49
379.7751193008897 1.1864809461027803e-49
380.94325361812616 1.1873102879190408e-49
382.1149809505808 1.1881526187280323e-49
383.29031234985786 1.1890080365966967e-49
384.46925890155455 1.189876645029604e-49
385.6518317253671 1.1907585537849162e-49
386.8380419751929 1.1916538798501882e-49
388.02790083923753 1.1925627486155015e-49
389.22141954011977 1.1934852952894213e-49
390.41860933497856 1.1944216666200473e-49
391.6194815155771 1.1953720229960163e-49
392.8240474084104 1.1963365410293464e-49
394.0323183748134 1.1973154167497928e-49
395.24430581106566 1.1983088695833503e-49
396.46002114850046 1.1993171473434893e-49
397.67947585361185 1.2003405325419265e-49
398.9026814281644 1.2013793504354036e-49
400.12964940929936 1.2024339793773283e-49
401.3603913696448 1.203504864264739e-49
402.5949189174243 1.2045925341877706e-49
403.8332436965678 1.2056976258584534e-49
405.0753773868192 1.206820915092833e-49
406.321331703848 1.2079633596836418e-49
407.57111839935897 1.2091261586407216e-49
408.8247492612047 1.2103108353715202e-49
410.0822361134944 1.2115193565623185e-49
411.3435908167064 1.2127543054528068e-49
412.6088252678016 1.2140191399978806e-49
413.8779514003329 1.215318587113049e-49
415.1509811845596 1.216659261810925e-49
416.4279266275592 1.218050671093391e-49
417.7087997733428 1.2195069028851878e-49
418.9936127029658 1.2210495926224862e-49
420.2823775346436 1.2227134069778006e-49
421.5751064238651 1.2245568235942553e-49
422.87181156350897 1.2266849873910106e-49
424.17250518395633 1.2293030360761706e-49
425.4771995532074 1.2328571094922e-49
426.78590697699696 1.2384773857200889e-49
428.0986397989113 1.2497769429833348e-49
429.41541040050294 1.2841688977040182e-49
430.7362312014081 1.5782035437813174e-49
432.0611146594654 2.3869459728032626e-49
433.39007327083056 1.3111940414343633e-49
434.7231195700964 1.2605283198721444e-49
436.0602661304097 1.2490176690673958e-49
437.4015255635919 1.2454041530286722e-49
438.7469105202552 1.2443908683665353e-49
440.0964336899237 1.2444829392703652e-49
441.45010780115246 1.2451277964549456e-49
442.80794562164886 1.2460831133897381e-49
444.16995995839056 1.247229184330149e-49
445.5361636577485 1.2485014365441868e-49
446.9065696056063 1.2498625946313e-49
448.2811907274842 1.2512899518984206e-49
449.66003998865847 1.2527690595962346e-49
451.0431303942845 1.2542903870945779e-49
452.43047498952086 1.2558474565556877e-49
453.8220868596501 1.2574357529018486e-49
455.2179791302035 1.2590520617775788e-49
456.6181649670844 1.260694053834947e-49
458.02265757669375 1.2623600159958907e-49
459.43147020605215 1.2640486732235545e-49
460.84461614292667 1.265759067605852e-49
462.26210871595526 1.2674904746415735e-49
463.68396129477406 1.2692423442146895e-49
465.1101872901412 1.271014258285986e-49
466.54080015406464 1.2728059001092426e-49
467.9758133799284 1.2746170315253512e-49
469.4152405026216 1.2764474760043521e-49
470.8590950986634 1.2782971058341413e-49
472.30739078633246 1.2801658323399195e-49
473.76014122579664 1.2820535983448336e-49
475.2173601192392 1.2839603723072005e-49
476.67906121098974 1.285886143725855e-49
478.1452582876531 1.2878309195147657e-49
479.61596517824114 1.2897947211299482e-49
481.0911957543004 1.2917775822888399e-49
482.57096393004457 1.2937795471715e-49
484.05528366248546 1.2958006690380732e-49
485.54416895156567 1.2978410092511396e-49
487.0376338402885 1.299900636793688e-49
488.5356924148518 1.3019796286201714e-49
490.03835880478016 1.304078071951776e-49
491.54564718306005 1.3061960726941414e-49
493.05757176627066 1.3083337910118867e-49
494.5741468147192 1.3104916941930113e-49
496.09538663257695 1.3122876734794806e-49
497.6213055680117 1.314862379925405e-49
499.15191801332435 1.3170798693795024e-49
500.6872384050839 1.3193169191237478e-49
502.22728122426594 1.3215740031790284e-49
503.77206099638573 1.323851298959724e-49
505.321592291638 1.326148935777269e-49
506.8758897250319 1.3284670303602002e-49
508.4349679565325 1.3308056956774604e-49
509.99884169119525 1.333165043829465e-49
511.56752567930647 1.3355451871662194e-49
513.141034716522 1.3379462387656076e-49
514.7193836440085 1.3403683126494784e-49
516.3025873485803 1.3428115238819034e-49
517.8906607628417 1.345275988611421e-49
519.4836188653287 1.3477618240853806e-49
521.0814766806482 1.3502691486502114e-49
522.6842492796205 1.3527980817453363e-49
524.2919517794217 1.3553487438935037e-49
525.9045993437272 1.3579212566902293e-49
527.5222071828526 1.3605157427936728e-49
529.1447905538986 1.363132325914978e-49
530.7723647608939 1.3657711308093844e-49
532.4049451549422 1.3684322832686732e-49
534.042547134363 1.3711159101147514e-49
535.6851861448395 1.373822139194193e-49
537.3328776795632 1.3765510993737017e-49
538.9856372793822 1.3793029205365904e-49
540.6434805329441 1.3820777335802553e-49
542.3064230768449 1.3848756704141939e-49
543.9744805957787 1.3876968639587266e-49
545.6476688226816 1.3905414481446566e-49
547.3260035388819 1.3934095579134277e-49
549.0095005742496 1.3963013292176237e-49
550.6981758073459 1.3992168990226197e-49
552.3920451655712 1.4021564053081327e-49
554.0911246253162 1.4051199870708846e-49
555.7954302121126 1.4081077843270822e-49
557.5049780007859 1.4111199381160648e-49
559.2197841156038 1.4141565905035156e-49
560.9398647304307 1.417217884585721e-49
562.6652360688786 1.4203039644936584e-49
564.3959144044629 1.4234149753976588e-49
566.1319160607526 1.4265510635121537e-49
567.8732574115251 1.4297123761003381e-49
569.6199548809233 1.4328990614796745e-49
571.3720249436066 1.4361112690268813e-49
573.1294841249089 1.4393491491834776e-49
574.8923490009928 1.4426128534613344e-49
576.6606361990088 1.4459025344486524e-49
578.4343623972483 1.4492183458158777e-49
580.2135443253031 1.4525604423220045e-49
581.9981987642227 1.4559289798207958e-49
583.7883425466744 1.4593241152676332e-49
585.5839925570982 1.4627460067262941e-49
587.3851657318695 1.466194813375516e-49
589.1918790594564 1.4696706955165597e-49
591.0041495805831 1.4731738145801162e-49
592.821994388387 1.476704333133534e-49
594.6454306285815 1.480262414888292e-49
596.4744754996194 1.483848224707365e-49
598.309146252852 1.4874619286126433e-49
600.1494601926935 1.4911036937923364e-49
601.9954346767838 1.4947736886088015e-49
603.8470871161541 1.498472082606256e-49
605.7044349753876 1.5021990465186083e-49
607.5674957727869 1.5059547522773849e-49
609.4362870805372 1.5097393730199867e-49
611.310826524876 1.5135530830979046e-49
613.1911317862539 1.5173960580853105e-49
615.0772205995053 1.5212684747872636e-49
616.9691107540133 1.5251705112484875e-49
618.866820093881 1.5291023467622709e-49
620.770366518095 1.5330641618788754e-49
622.6797679806971 1.5370561384144866e-49
624.5950424909548 1.5410784594600868e-49
626.516208113528 1.5451313093904372e-49
628.4432829686409 1.5492148738726655e-49
630.376285232253 1.5533293398758184e-49
632.3152331362321 1.5574748956797547e-49
634.2601449685226 1.5616517308844373e-49
636.2110390733208 1.5658600364195239e-49
638.1679338512463 1.5701000045537066e-49
640.1308477595187 1.5743718289047207e-49
642.0997993121273 1.5786757044489351e-49
644.0748070800082 1.5830118275311407e-49
646.0558896912187 1.5873803958749663e-49
648.0430658311151 1.5917816085925185e-49
650.0363542425255 1.596215666194793e-49
652.035773725928 1.6006827706017556e-49
654.0413431396306 1.605183125152529e-49
656.0530813999444 1.6097169346156628e-49
658.0710074813653 1.6142844051999953e-49
660.0951404167514 1.618885744564624e-49
662.1254992975051 1.6235211618300185e-49
664.1621032737492 1.6281908675886646e-49
666.2049715545102 1.6328950739165012e-49
668.2541234078983 1.6376339943835832e-49
670.3095781612917 1.6424078440655009e-49
672.3713552015147 1.647216839555148e-49
674.4394739750234 1.6520611989738238e-49
676.5139539880879 1.656941141983154e-49
678.5948148069788 1.6618568897967178e-49
680.6820760581476 1.666808665191885e-49
682.7757574284142 1.6717966925219538e-49
684.8758786651541 1.6768211977278e-49
686.9824595764812 1.6818824083507272e-49
689.0955200314371 1.6869805535447425e-49
691.2150799601765 1.6921158640891802e-49
693.3411593541589 1.6972885724017012e-49
695.4737782663326 1.7024989125516749e-49
697.6129568113265 1.7077471202732915e-49
699.7587151656389 1.713033432979488e-49
701.9110735678297 1.7183580897756976e-49
704.0700523187081 1.7237213314739488e-49
706.2356717815259 1.7291234006072746e-49
708.4079523821691 1.7345645414445527e-49
710.5869146093529 1.74004500000509e-49
712.7725790148105 1.7455650240744404e-49
714.9649662134896 1.75112486321988e-49
717.1640968837484 1.7567247688069294e-49
719.3699917675469 1.762364994016174e-49
721.5826716706451 1.7680457938605335e-49
723.8021574627977 1.7737674252040313e-49
726.0284700779541 1.7795301467799223e-49
728.2616305144513 1.7853342192109365e-49
730.501659835215 1.7911799050299654e-49
732.7485791679567 1.7970674687016776e-49
735.0024097053758 1.8029971766455116e-49
737.2631727053555 1.8089692972597967e-49
739.5308894911661 1.814984100948345e-49
741.8055814516637 1.8210418601479804e-49
744.0872700414964 1.827142849359432e-49
746.3759767813018 1.8332873451798207e-49
748.6717232579109 1.839475626340082e-49
750.9745311245558 1.8457079737438468e-49
753.2844221010688 1.851984670513608e-49
755.6014179740888 1.858306002040208e-49
757.9255405972682 1.864672256040091e-49
760.2568118914788 1.871083722620328e-49
762.5952538450173 1.8775406943535713e-49
764.9408885138126 1.8840434663643513e-49
767.2937380216342 1.8905923364318783e-49
769.653824560304 1.8971876051099258e-49
772.0211703898998 1.903829575870998e-49
774.3957978389693 1.9105185552798923e-49
776.7777293047387 1.917254853204536e-49
779.1669872533275 1.9240387830744566e-49
781.563594219955 1.930870662202423e-49
783.9675728091565 1.9377508121851544e-49
786.378945694997 1.944679559411037e-49
788.7977356212816 1.9516572357086282e-49
791.2239654017734 1.958684179184611e-49
793.6576579204061 1.9657607353182456e-49
796.0988361315038 1.9728872584103788e-49
798.5475230599922 1.980064113525869e-49
801.0037418016195 1.9872916791346832e-49
803.4675155231719 1.9945703507577445e-49
805.9388674626963 2.0019005460857723e-49
808.4178209297139 2.009282712296043e-49
810.904399305443 2.0167173367246067e-49
813.3986260430189 2.02420496278709e-49
815.9005246677181 2.031746214331877e-49
818.4101187771744 2.039341833968476e-49
820.9274320416051 2.0469927453854093e-49
823.4524882040358 2.0547001585471485e-49
825.9853110805203 2.0624657552401694e-49
828.5259245603676 2.070292033821486e-49
831.0743526063659 2.078182991287982e-49
833.6306192550123 2.0861455813900144e-49
836.1947486167343 2.0941931533196967e-49
838.7667648761203 2.102354679016406e-49
841.3466922921463 2.1107043654756646e-49
843.9345551984078 2.1194860172599074e-49
846.5303780033449 2.1299480668762877e-49
849.134185190475 2.163373379595527e-49
851.7460013186229 2.1827265000768534e-49
854.3658510221549 2.155074876608107e-49
856.9937590112065 2.160974481177177e-49
859.629750071919 2.168783805841474e-49
862.273849066674 2.177052189193612e-49
864.9260809343239 2.185515326531499e-49
867.5864706904307 2.1940962971582877e-49
870.255043427499 2.2027663330641155e-49
872.9318243152179 2.211512869767025e-49
875.6168386006917 2.2203298426904746e-49
878.3101116086825 2.229214141901063e-49
881.0116687418467 2.2381641332186516e-49
883.7215354809781 2.24717897615261e-49
886.4397373852433 2.2562582834884258e-49
889.1663000924262 2.2654019401848444e-49
891.9012493191683 2.2746100018016694e-49
894.6446108612139 2.283882634945664e-49
897.3964105936489 2.2932200810044103e-49
900.1566744711473 2.3026226333294207e-49
902.9254285282191 2.31209062246349e-49
905.7026988794493 2.321624406337219e-49
908.488511719749 2.331224363616269e-49
911.2828933246002 2.340890889098555e-49
914.0858700503072 2.3506243904731322e-49
916.89746833424 2.360425286003165e-49
919.7177146950866 2.3702940028464046e-49
922.5466357331024 2.3802309758222154e-49
925.384258130364 2.3902366464985983e-49
928.2306086510154 2.4003114625076615e-49
931.0857141415241 2.410455877030281e-49
933.9496015309328 2.4206703484049462e-49
936.8222978311168 2.4309553398298394e-49
939.7038301370336 2.441311319135996e-49
942.5942256269801 2.4517387586128388e-49
945.4935115628542 2.46223813487652e-49
948.4017152904024 2.4728099287700357e-49
951.3188642394861 2.483454625288251e-49
954.2449859243344 2.494172713523606e-49
957.18010794381 2.504964686627224e-49
960.1242579816627 2.5158310417834966e-49
963.0774638067949 2.5267722801959714e-49
966.0397532735202 2.537788907082007e-49
969.0111543218321 2.5488814316776297e-49
971.9916949776605 2.560050367253604e-49
974.9814033531388 2.571296231147317e-49
977.9803076468704 2.5826195448280215e-49
980.988436144195 2.594020834052608e-49
984.0058172174512 2.6055006293322232e-49
987.0324793262477 2.6170594679891425e-49
990.0684510177329 2.628697913855997e-49
993.1137609268602 2.6404161928608077e-49
996.1684377766602 2.652215501211938e-49
999.2325103785107 2.6640959118391597e-49
1002.3060076324124 2.6760580789209242e-49
1005.3889585272552 2.6881025680915135e-49
1008.4813921410956 2.7002299438913977e-49
1011.5833376414292 2.7124407740597225e-49
1014.6948242854696 2.7247356303293006e-49
1017.8158814204186 2.737115088672051e-49
1020.9465384837464 2.7495797294084843e-49
1024.086825003468 2.7621301372754115e-49
1027.2367705984257 2.774766901475434e-49
1030.3964049785611 2.7874906157221196e-49
1033.5657579452006 2.8003018782811364e-49
1036.7448593913375 2.813201292010024e-49
1039.933739301909 2.8261894643990055e-49
1043.1324277540828 2.8392670076099322e-49
1046.3409549175383 2.852434538517327e-49
1049.559351054755 2.8656926787488526e-49
1052.7876465212946 2.879042054726366e-49
1056.0258717660868 2.89248329770796e-49
1059.2740573317185 2.906017043829692e-49
1062.5322338547232 2.919643934149831e-49
1065.8004320658658 2.9333646146911965e-49
1069.078682790435 2.9471797364863245e-49
1072.367016948534 2.961089955622665e-49
1075.6654655553727 2.975095933288191e-49
1078.9740597215584 2.989198335818865e-49
1082.292830653389 3.003397834746792e-49
1085.6218096531522 3.017695106848885e-49
1088.9610281194139 3.03209083419813e-49
1092.310517547318 3.0465857042144666e-49
1095.6703095288829 3.06118040971928e-49
1099.040435753302 3.075875648989662e-49
1102.420928007237 3.090672125816743e-49
1105.8118181751227 3.105570549564745e-49
1109.2131382394637 3.1205716352349475e-49
1112.624920281142 3.1356761035309085e-49
1116.0471964797132 3.1508846809300054e-49
1119.4799991137127 3.1661980997580568e-49
1122.923360560959 3.181617098271718e-49
1126.3773132988647 3.1971424207475112e-49
1129.841889904734 3.2127748175808032e-49
1133.317123056074 3.2285150453966733e-49
1136.8030455309076 3.2443638671754827e-49
1140.2996902080736 3.2603220523985644e-49
1143.8070900675439 3.2763903772186525e-49
1147.3252781907297 3.2925696246621135e-49
1150.8542877608 3.3088605848765785e-49
1154.3941520629871 3.3252640554343578e-49
1157.9449044849055 3.3417808417149265e-49
1161.5065785168629 3.358411757394921e-49
1165.0792077521828 3.3751576250868985e-49
1168.6628258875135 3.3920192771881297e-49
1172.25746672315 3.4089975570311498e-49
1175.863164163352 3.4260933204720605e-49
1179.479952216666 3.443307438134805e-49
1183.1078649962424 3.460640798646151e-49
1186.7469367201563 3.4780943134186874e-49
1190.3972017117387 3.495668923902178e-49
1194.0586943998896 3.51336561290866e-49
1197.7314493194083 3.531185422875449e-49
1201.415501111317 3.549129486438889e-49
1205.110884523194 3.567199079869452e-49
1208.8176344094904 3.585395721316175e-49
1212.535785731867 3.603721362774142e-49
1216.2653735595204 3.6221787942447585e-49
1220.0064330695186 3.640772578476171e-49
1223.7589995471255 3.6595114949261845e-49
1227.5231083861395 3.678416099335476e-49
1231.2987950892227 3.697548694795142e-49
1235.0860952682428 3.71719382908267e-49
1238.8850446446008 3.7407197601885216e-49
1242.695679049572 3.7888995481757515e-49
1246.5180344246464 3.77592225410038e-49
1250.3521468218619 3.794445649602837e-49
1254.1980524041487 3.813948612949159e-49
1258.0557874456674 3.833749300510924e-49
1261.9253883321564 3.853739549672755e-49
1265.8068915612685 3.873890391363148e-49
1269.7003337429182 3.894191942201873e-49
1273.6057515996265 3.914640499165504e-49
1277.523181966871 3.935234777389516e-49
1281.452661793427 3.955974573991907e-49
1285.3942281417187 3.976860222247588e-49
1289.3479181881696 3.99789234391766e-49
1293.3137692235548 4.0190717272555044e-49
1297.291818653348 4.040399262819451e-49
1301.2821039980756 4.061875907821749e-49
1305.284662893677 4.083502665411598e-49
1309.2995330918495 4.105280572169308e-49
1313.3267524604112 4.127210690311283e-49
1317.366358983654 4.149294102694639e-49
1321.4183907627091 4.171531909542672e-49
1325.482886015897 4.193925226257749e-49
1329.5598830790937 4.216475181936747e-49
1333.649420406089 4.23918291835429e-49
1337.7515365689555 4.262049589260446e-49
1341.8662702584052 4.2850763598961436e-49
1345.9936602841565 4.308264406660594e-49
1350.1337455753005 4.331614916888058e-49
1354.2865651806735 4.3551290887017375e-49
1358.452158269215 4.378808130926523e-49
1362.6305641303438 4.402653263042777e-49
1366.8218221743307 4.42666571517464e-49
1371.0259719326632 4.450846728100884e-49
1375.2430530584231 4.475197553284806e-49
1379.4731053266587 4.499719452921237e-49
1383.7161686347636 4.524413699992716e-49
1387.9722830028475 4.5492815783362205e-49
1392.2414885741166 4.574324382719084e-49
1396.5238256152504 4.599543418919091e-49
1400.8193345167883 4.624940003811892e-49
1405.1280557935 4.650515465463306e-49
1409.4500300847744 4.676271143224254e-49
1413.7852981550006 4.702208387832761e-49
1418.1339008939567 4.728328561516719e-49
1422.4958793171884 4.754633038102323e-49
1426.8712745663984 4.781123203125579e-49
1431.260127909841 4.8078004539470256e-49
1435.6624807427 4.834666199873117e-49
1440.0783745874883 4.861721862277929e-49
1444.5078510944325 4.888968874734731e-49
1448.950952041875 4.916408683150346e-49
1453.407719336658 4.9440427459074494e-49
1457.8781950145249 4.971872534017088e-49
1462.3624212405127 4.999899531280854e-49
1466.860440309357 5.028125234470913e-49
1471.372294645882 5.0565511535348495e-49
1475.8980268054052 5.0851788118558754e-49
1480.4376794741377 5.1140097467133194e-49
1484.9912954695908 5.1430455116439455e-49
1489.558917740973 5.1722876347890456e-49
1494.1405893695971 5.2017377734577084e-49
1498.736353569294 5.231397463792151e-49
1503.346253686808 5.261268328821622e-49
1507.9703332022148 5.2913519961927676e-49
1512.6086357293264 5.321650110528145e-49
1517.2612050161097 5.352164335463391e-49
1521.9280849450884 5.3828963559261765e-49
1526.6093195337655 5.413847881388757e-49
1531.304952935034 5.445020650791836e-49
1536.015029437598 5.476416440292152e-49
1540.7395934663843 5.508037075928794e-49
1545.478689582966 5.539884455225311e-49
1550.2323624859782 5.571960585838376e-49
1555.000657011549 5.604267658743185e-49
1559.7836181337107 5.6368081965398346e-49
1564.5812909648291 5.669585380383965e-49
1569.3937207560343 5.702603852438427e-49
1574.220952897638 5.7358719891371696e-49
1579.0630329195667 5.7694097921531406e-49
1583.9200064917895 5.803286519572556e-49
1588.7919194247552 5.8379487828426874e-49
1593.6788176698128 5.905540576197157e-49
1598.580747319654 5.907838881654097e-49
1603.4977546087428 5.940730781499587e-49
1608.4298859137587 5.975422923665852e-49
1613.3771877540248 6.010542300923392e-49
1618.3397067919527 6.045961621053836e-49
1623.3174898334787 6.081654048313592e-49
1628.3105838285128 6.117612260020364e-49
1633.3190358713716 6.153834528500798e-49
1638.3428932012266 6.19032115246526e-49
1643.3822032025555 6.227073293430031e-49
1648.437013405579 6.2640925288213305e-49
1653.5073714867156 6.3013806584973216e-49
1658.593325269028 6.338939612937453e-49
1663.6949227226808 6.376771406408063e-49
1668.812211965383 6.414878111632338e-49
1673.945241262849 6.453261845427928e-49
1679.0940590292491 6.491924760241941e-49
1684.2587138276747 6.530869039009576e-49
1689.4392543705846 6.570096891950981e-49
1694.6357295202722 6.609610554551513e-49
1699.8481882893225 6.649412286274119e-49
1705.0766798410816 6.6895043697445186e-49
1710.3212534901097 6.729889110246784e-49
1715.581958702652 6.77056883542979e-49
1720.8588450971097 6.811545895152657e-49
1726.1519624444975 6.852822661437107e-49
1731.4613606689215 6.89440152848607e-49
1736.7870898480444 6.936284912759056e-49
1742.1292002135667 6.978475253085907e-49
1747.4877421516892 7.020975010810672e-49
1752.8627662035944 7.063786669960586e-49
1758.2543230659214 7.106912737433339e-49
1763.66246359125 7.150355743203746e-49
1769.0872387885704 7.194118240543463e-49
1774.52869982377 7.238202806258324e-49
1779.986898020114 7.282612040939984e-49
1785.4618848587363 7.327348569233401e-49
1790.953711979114 7.372415040127149e-49
1796.4624311795592 7.41781412726571e-49
1801.9880944177144 7.463548529293376e-49
1807.5307538110303 7.509620970237246e-49
1813.0904616372668 7.556034199950375e-49
1818.667270334979 7.602790994628985e-49
1824.2612325040225 7.649894157441358e-49
1829.872400906036 7.697346519326834e-49
1835.500828464948 7.745150940039374e-49
1841.1465682674716 7.793310309581746e-49
1846.8096735636127 7.841827550259191e-49
1852.4901977671605 7.890705619751014e-49
1858.1881944562 7.939947515923457e-49
1863.903717373612 7.989556284735543e-49
1869.63682042759 8.039535033896307e-49
1875.3875576921344 8.089886957819459e-49
1881.1559834075697 8.140615386274565e-49
1886.942151981062 8.191723886826777e-49
1892.7461179871204 8.243216502196594e-49
1898.567936168119 8.295098372761978e-49
1904.4076614348105 8.3473776701606e-49
1910.2653488668495 8.40007330729216e-49
1916.141053713304 8.453261787303433e-49
1922.034831393181 8.507836877295998e-49
1927.9467374959468 8.568379678121573e-49
1933.8768277820584 8.614972457330944e-49
1939.8251581834793 8.669352439830994e-49
1945.7917848042125 8.724355871783574e-49
1951.7767639208275 8.779815052123422e-49
1957.780151982999 8.835705731013467e-49
1963.802005614026 8.892023734684564e-49
1969.8423816113732 8.948769786181842e-49
1975.9013369472125 9.005946224081566e-49
1981.9789287689475 9.063556042629935e-49
1988.0752143997613 9.121602537078494e-49
1994.1902513391528 9.180089196218519e-49
2000.324097263488 9.239019596180122e-49
2006.4768100265308 9.298397397247555e-49
2012.648447659996 9.358226319067449e-49
2018.8390683740956 9.418510132284183e-49
2025.048730558092 9.479252653536071e-49
2031.27749278084 9.54045774254791e-49
2037.5254137913455 9.602129300449328e-49
2043.7925525193168 9.664271268832205e-49
2050.0789680757257 9.72688762925716e-49
2056.3847197533564 9.789982403058087e-49
2062.709867027369 9.85355965132696e-49
2069.0544695558665 9.917623475035821e-49
2075.4185871804466 9.982178015243085e-49
2081.802279926772 1.0047227453361799e-48
2088.2056080051343 1.0112776011479654e-48
2094.62863181103 1.0178827952706587e-48
2101.071411925717 1.0245387581558882e-48
2107.534009116794 1.0312459244359617e-48
2114.016484338771 1.0380047329661083e-48
2120.5188987336523 1.0448156268691943e-48
2127.041313631498 1.0516790535814659e-48
2133.5837905510143 1.0585954649012626e-48
2140.146391200128 1.0655653170395336e-48
2146.7291774765768 1.0725890706738326e-48
2153.332211468481 1.0796671910063205e-48
2159.955555454935 1.0868001478272586e-48
2166.5992719066 1.0939884155863377e-48
2173.2634234862844 1.1012324734769814e-48
2179.948073049537 1.1085328055388646e-48
2186.653283645244 1.1158899007913735e-48
2193.3791185162218 1.123304253419023e-48
2200.125641099811 1.1307763630473327e-48
2206.892915028476 1.138306735185032e-48
2213.6810041304047 1.1458958819890052e-48
2220.4899724301167 1.1535443236945357e-48
2227.3198841490566 1.1612525915265395e-48
2234.170803706208 1.1690212342339155e-48
2241.0427957186926 1.176850834629048e-48
2247.9359250023954 1.1847420586293452e-48
2254.8502565725566 1.1926958376137321e-48
2261.7858556443966 1.2007143452972428e-48
2268.7427876337324 1.208812145924037e-48
2275.7211181575867 1.226891808455368e-48
2282.720913034811 1.2251550881634058e-48
2289.742238286705 1.2334096790500513e-48
2296.785160137648 1.241742260884875e-48
2303.8497450157074 1.2501426586824916e-48
2310.936059553277 1.2586100566759605e-48
2318.0441705877015 1.2671446903120001e-48
2325.1741451619127 1.2757470311871297e-48
2332.326050525052 1.2844176276527744e-48
2339.499954133109 1.2931570608251601e-48
2346.6959236495586 1.3019659295422466e-48
2353.9140269460045 1.3108448444065948e-48
2361.1543321028084 1.3197944251666912e-48
2368.416907409736 1.3288152994787603e-48
2375.701821366609 1.3379081022944393e-48
2383.009142683941 1.3470734755545798e-48
2390.338940283588 1.3563120680418341e-48
2397.6912832994 1.3656245353204975e-48
2405.066241077878 1.375011539727034e-48
2412.4638831788193 1.384473750389361e-48
2419.884279375975 1.394011843266243e-48
2427.3274996577115 1.4036265011977926e-48
2434.793614227675 1.4133184139647242e-48
2442.2826935054413 1.4230882783530842e-48
2449.7948081271898 1.432936798223136e-48
2457.330028946363 1.4428646845818232e-48
2464.888427034348 1.4528726556579968e-48
2472.470073681128 1.4629614369844865e-48
2480.075040395964 1.473131762170175e-48
2487.703398908078 1.4833843693228316e-48
2495.3552211673127 1.4937200086913683e-48
2503.030579344823 1.5041394349659615e-48
2510.7295458337453 1.5146434113846385e-48
2518.4521932498974 1.5252327089739564e-48
2526.198594432445 1.53590810664503e-48
2533.9688224446 1.5466703912878466e-48
2541.7629505743016 1.557520357867907e-48
2549.5810523349214 1.5684588095290675e-48
2557.423201465941 1.5794865577047745e-48
2565.2894719336555 1.5906044222425437e-48
2573.1799379318663 1.6018132315511275e-48
2581.094673882594 1.6131138227881578e-48
2589.033754436762 1.624507042124038e-48
2596.9972544749126 1.6359937451575532e-48
2604.9852491079064 1.6475747976610967e-48
2612.9978136776426 1.6592510771048752e-48
2621.0350237577545 1.671023476234708e-48
2629.0969551543276 1.6828929129355223e-48
2637.183683906625 1.694860363665947e-48
2645.295286287788 1.7069270177205366e-48
2653.431838805565 1.7190955279444554e-48
2661.5934182030287 1.7314381099094757e-48
2669.7801014593124 1.7437399429037523e-48
2677.9919657903165 1.7561985066655682e-48
2686.229088649449 1.768770898566275e-48
2694.4915477283525 1.7814487507657913e-48
2702.779420957645 1.7942322752336463e-48
2711.09278650764 1.8071222944048674e-48
2719.4317227890942 1.820119752631871e-48
2727.796308453943 1.8332256359574554e-48
2736.186622396051 1.8464409520827638e-48
2744.602743751941 1.8597667239978578e-48
2753.044751901551 1.8732039876277292e-48
2761.5127264689845 1.8867537908868695e-48
2770.006747323252 1.9004171932963495e-48
2778.526894579032 1.9141952658499635e-48
2787.0732485974204 1.928089090999902e-48
2795.645889986703 1.9420997627038612e-48
2804.2448996030944 1.9562283865064587e-48
2812.870358551516 1.9704760796399227e-48
2821.5223481863527 1.9848439711372848e-48
2830.200950112233 1.9993332019534627e-48
2838.9062461847807 2.0139449250921128e-48
2847.638318511399 2.0286803057367407e-48
2856.3972494520385 2.0435405213850422e-48
2865.183121619986 2.0585267619859474e-48
2873.996017882628 2.0736402300799108e-48
2882.836021362237 2.0888821409399536e-48
2891.703215436766 2.1042537227172155e-48
2900.5976837406215 2.119756216586011e-48
2909.5195101654585 2.1353908768936743e-48
2918.4687788609663 2.1511589713104968e-48
2927.445574235678 2.167061780982919e-48
2936.4499809577446 2.183100600690112e-48
2945.4820839557497 2.199276739001782e-48
2954.5419684194994 2.2155915184413288e-48
2963.6297198008415 2.2320462756539724e-48
2972.7454238144546 2.2486423615930737e-48
2981.889166438663 2.2653811415873365e-48
2991.061033916247 2.282263995866843e-48
3000.2611127552673 2.2992923193708214e-48
3009.48948972986 2.3164675223287836e-48
3018.746251881067 2.333791030607113e-48
3028.0314865176665 2.351264286475806e-48
3037.3452812169758 2.3688887502539655e-48
3046.6877238256884 2.3866659047523905e-48
3056.0589024607034 2.404597270752228e-48
3065.4589055099605 2.4226844839796992e-48
3074.8878216332605 2.440930041159942e-48
3084.345739763112 2.459580402563404e-48
3093.832749105564 2.4778970119887577e-48
3103.3489391410594 2.496619520449032e-48
3112.8943996252624 2.5155074382928347e-48
3122.4692205899146 2.5345606394033087e-48
3132.0734923436803 2.5537805535316113e-48
3141.707305473009 2.5731687729757203e-48
3151.370750842973 2.5927269376764782e-48
3161.0639195981307 2.6124567143783183e-48
3170.7869031634 2.632359791239268e-48
3180.539793244897 2.6524378761662897e-48
3190.3226818308185 2.6726926962938152e-48
3200.135661192299 2.6931259978747398e-48
3209.978823884295 2.7137395463424262e-48
3219.852262746441 2.734535126449747e-48
3229.756070903936 2.7555145424480894e-48
3239.6903417684134 2.7766796182869305e-48
3249.655169038841 2.798032197827352e-48
3259.6506467023783 2.8195741450627206e-48
3269.6768690352806 2.841307344347458e-48
3279.73393060378 2.863233700628582e-48
3289.8219262649905 2.885355139683801e-48
3299.940951167784 2.907673608361418e-48
3310.0911007536965 2.930191074824128e-48
3320.272470757838 2.952909528798224e-48
3330.4851572097778 2.975830981822982e-48
3340.729256434459 2.998957467506136e-48
3351.004865053105 3.0222910417815864e-48
3361.3120799841436 3.045833783171418e-48
3371.650998444097 3.0695877930502206e-48
3382.0217179485167 3.093555195916641e-48
3392.424336312896 3.117738139667037e-48
3402.858951653601 3.1421387958777096e-48
3413.325662388784 3.166759360095823e-48
3423.8245672393177 3.191602052143084e-48
3434.355765229725 3.2166691164467443e-48
3444.919355689124 3.241962822419313e-48
3455.5154382521428 3.267485464949334e-48
3466.144112859873 3.2932393651778715e-48
3476.805479760824 3.3192268720629865e-48
3487.4996395118387 3.345450367069412e-48
3498.2266929790662 3.3719122826882195e-48
3508.986741338903 3.3986152322621695e-48
3519.7798860789567 3.4255654769092576e-48
3530.6062289989886 3.452756536600816e-48
3541.4658722118847 3.4801924706686195e-48
3552.3589181446114 3.507882706531423e-48
3563.285469539196 3.535826496473477e-48
3574.245629453677 3.564026249598562e-48
3585.239501263087 3.5924845501497856e-48
3596.267188660422 3.6212040357942104e-48
3607.3287956576337 3.65018738012944e-48
3618.4244265865905 3.6794372888297006e-48
3629.554186100068 3.708956498697237e-48
3640.718179172752 3.738747777535788e-48
3651.916511102203 3.768813924308891e-48
3663.149287509868 3.799157769409705e-48
3674.416614342064 3.829782174984669e-48
3685.7185978709954 3.8606900352811287e-48
3697.055344695736 3.8918842770134463e-48
3708.4269617432446 3.9233678597368476e-48
3719.8335562693687 3.9551437762321645e-48
3731.2752358598727 3.9872150528954837e-48
3742.7521084314258 4.0195847501346264e-48
3754.2642822326375 4.052255962770718e-48
3765.8118658450735 4.085231820445648e-48
3777.3949681842887 4.118515488035253e-48
3789.0136985008385 4.152110166068052e-48
3800.668166381315 4.186019091148279e-48
3812.358481749397 4.2202455363878246e-48
3824.0847548668594 4.254792811841287e-48
3835.8470963346313 4.2896642649514254e-48
3847.6456170938304 4.3248632810022505e-48
3859.4804284268257 4.360393283585694e-48
3871.3516419582634 4.3962577350876516e-48
3883.259369656133 4.432460137211463e-48
3895.2037238328217 4.4690040315814123e-48
3907.1848171461825 4.505893000541526e-48
3919.202762600575 4.543130668535801e-48
3931.257673547952 4.580720705584861e-48
3943.3496636889136 4.6186668410425954e-48
3955.4788470738017 4.656972962717793e-48
3967.645338103745 4.6956465123541247e-48
3979.8492515317566 4.73468101530123e-48
3992.090702463825 4.774087474072347e-48
4004.369806359976 4.813870730772335e-48
4016.6866790353774 4.854033301469423e-48
4029.0414366614255 4.894579100188149e-48
4041.4341957668566 4.935512163100849e-48
4053.865073238816 4.97683658594333e-48
4066.3341863239857 5.018556514863252e-48
4078.841652629677 5.060676144637155e-48
4091.3875901249535 5.103199718500181e-48
4103.972117141727 5.146131528444296e-48
4116.595352375884 5.1894759156828686e-48
4129.257414888396 5.2332372711831485e-48
4141.958424106466 5.2774200362355556e-48
4154.698499824624 5.322028703041247e-48
4167.477762205867 5.367067815315244e-48
4180.296331782817 5.41254196889857e-48
4193.154329458816 5.458455812382562e-48
4206.051876509097 5.504814047740507e-48
4218.989094581913 5.55162143096766e-48
4231.966105699705 5.598882772733265e-48
4244.9830322602165 5.646602939035946e-48
4258.039997037682 5.694786851873973e-48
4271.137123183966 5.743439489923236e-48
4284.27453422974 5.792565889227024e-48
4297.452354085631 5.842171143902465e-48
4310.670707043394 5.89226040686921e-48
4323.929717777092 5.942838890617327e-48
4337.229511344275 5.993911868060551e-48
4350.570213187141 6.045484673592895e-48
4363.9519491337305 6.097562704778355e-48
4377.3748453991275 6.150151426429647e-48
4390.839028586617 6.20325638750786e-48
4404.344625688911 6.256883367007572e-48
4417.891764089321 6.31105664359884e-48
4431.480571562989 6.36572514369889e-48
4445.111176278061 6.42095064813969e-48
4458.783706796912 6.476721498796429e-48
4472.4982920773555 6.533043105789589e-48
4486.255061473873 6.589921403215502e-48
4500.054144738808 6.647362433161261e-48
4513.895672023608 6.705372315650021e-48
4527.779773880045 6.76395724406905e-48
4541.706581261464 6.82312348462587e-48
4555.6762255239855 6.882877376760765e-48
4569.688838427768 6.943225333851261e-48
4583.744552138256 7.004173844026466e-48
4597.843499227405 7.065729471035946e-48
4611.985812674946 7.127898855146469e-48
4626.1716258696315 7.190688714057729e-48
4640.4010726105125 7.254105843836173e-48
4654.674287108176 7.318157119862287e-48
4668.991403986023 7.38284949779065e-48
4683.3525582815355 7.448190014527012e-48
4697.7578854475605 7.514185789215167e-48
4712.207521353572 7.580844024244568e-48
4726.701602286957 7.648172006276127e-48
4741.240264954301 7.716177107293252e-48
4755.823646482696 7.784866785703741e-48
4770.451884421 7.854248587526532e-48
4785.125116741153 7.924330147809148e-48
4799.843481839491 7.99511919271901e-48
4814.607118538024 8.06662354423346e-48
4829.416166085764 8.138851139042434e-48
4844.2707641600255 8.211810197383326e-48
4859.171052867769 8.285547297744576e-48
4874.1171727468845 8.359953959213752e-48
4889.109264767549 8.435154620977718e-48
4904.14747033353 8.511119912383204e-48
4919.231931283553 8.587857885084452e-48
4934.362789892607 8.665377072922362e-48
4949.540188873296 8.743686145362616e-48
4964.7642713771875 8.822793881060536e-48
4980.035180996178 8.90270916415978e-48
4995.353061763816 8.983440984213553e-48
5010.718058156677 9.064998437053736e-48
5026.130315095743 9.147390725903694e-48
5041.589977947732 9.230627162609283e-48
5057.097192526501 9.314717168926879e-48
5072.652105094399 9.399670277842518e-48
5088.254862363677 9.485496134919118e-48
5103.905611497832 9.57220449966519e-48
5119.604500113026 9.659805246923503e-48
5135.351676279457 9.748308368290634e-48
5151.147288522783 9.837723973559868e-48
5166.991485825492 9.928062292218144e-48
5182.884417628324 1.0019333675018731e-47
5198.826233831674 1.0111548595743988e-47
5214.817084797022 1.0204717653477679e-47
5230.857121348327 1.0298851576651808e-47
5246.946494773459 1.0393961235421821e-47
5263.085356825642 1.0490057718558713e-47
5279.273859724858 1.0587154293795333e-47
5295.512156159302 1.0685257159770242e-47
5311.800399286809 1.0784378373492009e-47
5328.138742736321 1.0884533602192935e-47
5344.5273406093065 1.0985732518957843e-47
5360.966347481233 1.108798680198821e-47
5377.455918403017 1.1191308354093853e-47
5393.996208902501 1.1295709233531929e-47
5410.5873749858965 1.1401201645499337e-47
5427.229573139272 1.1507797941485967e-47
5443.922960330022 1.161551062030519e-47
5460.667694008362 1.172435232960451e-47
5477.463932108789 1.1834335867569913e-47
5494.311833051584 1.1945474184682802e-47
5511.21155574432 1.2057780385567491e-47
5528.163259583334 1.2171267730854005e-47
5545.167104455249 1.2285949639092974e-47
5562.223250738468 1.2401839688726724e-47
5579.331859304712 1.2518951620157083e-47
5596.4930915205105 1.263729933802047e-47
5613.7071092487295 1.2756896914032084e-47
5630.9740748501035 1.287775859174403e-47
5648.294151184777 1.2999898800104925e-47
5665.667501613817 1.312333223215931e-47
5683.094290000769 1.324807552707479e-47
5700.574680713198 1.337414084617501e-47
5718.10883862425 1.3501538776310875e-47
5735.696929114186 1.363029333038718e-47
5753.339118071951 1.3760416679595103e-47
5771.0355718967585 1.389192433266181e-47
5788.786457499625 1.4024832102832067e-47
5806.591942304967 1.4159156010709604e-47
5824.45219425217 1.4294912272828225e-47
5842.367381797194 1.4432117300822795e-47
5860.337673914128 1.4570787702805237e-47
5878.363240096806 1.4710940285377702e-47
5896.4442503604 1.4852592055870346e-47
5914.580875243032 1.4995760224701418e-47
5932.77328580737 1.5140462207817045e-47
5951.021653642241 1.528671562923009e-47
5969.32615086426 1.5434538323703015e-47
5987.686950119456 1.5583948339867863e-47
6006.10422458488 1.573496394444937e-47
6024.57814797025 1.5887603631260948e-47
6043.108894519608 1.6041886157826312e-47
6061.696639012928 1.6197830928044086e-47
6080.34155676779 1.6356296814911074e-47
6099.043823641017 1.6514780864600263e-47
6117.8036160303645 1.6675825227052043e-47
6136.621110876142 1.6838609725009864e-47
6155.496485662906 1.7003154035765017e-47
6174.429918421128 1.7169478426584312e-47
6193.4215877288925 1.7337603445301035e-47
6212.471672713547 1.7507549893130228e-47
6231.580353053416 1.7679338821714117e-47
6250.74780897948 1.7852991534427046e-47
6269.974221277109 1.8028529588752423e-47
6289.259771287716 1.8205974799042504e-47
6308.604640910502 1.8385349239433523e-47
6328.009012604179 1.856667524689319e-47
6347.473069388658 1.8749975424431622e-47
6366.996994846799 1.893527264467329e-47
6386.580973126132 1.9122590054527641e-47
6406.225188940615 1.9311951084374576e-47
6425.929827572346 1.9503379485102208e-47
6445.695074873324 1.9696899760105674e-47
6465.521117267202 1.989257725749058e-47
6485.40814175106 2.0090309671312157e-47
6505.356335897139 2.0290249365069463e-47
6525.365887854628 2.0492379429243455e-47
6545.436986351436 2.0696725032491937e-47
6565.569820695984 2.0903311869627048e-47
6585.764580778966 2.111216596689566e-47
6606.021457075148 2.132331366424724e-47
6626.340640645191 2.1536781614453432e-47
6646.722323137414 2.1752596785323656e-47
6667.16669678962 2.197078646273795e-47
6687.673954430906 2.219137825396151e-47
6708.244289483503 2.2414400091094777e-47
6728.877895964561 2.26398802346298e-47
6749.574968488005 2.2867847277168877e-47
6770.33570226636 2.309833014754537e-47
6791.160293112614 2.3331358116343304e-47
6812.048937442032 2.3566960808244426e-47
6833.001832274029 2.3805168271907377e-47
6854.019175234014 2.404601340577846e-47
6875.101164555291 2.428951945821999e-47
6896.247999080873 2.4535722864879413e-47
6917.459878265394 2.4784655254894993e-47
6938.737002176996 2.503634746746867e-47
6960.079571499184 2.5290831547349337e-47
6981.487787532745 2.554813995997367e-47
7002.961852197629 2.5808305554644597e-47
7024.501968034888 2.6071361561905023e-47
7046.108338208537 2.633734159569071e-47
7067.781166507503 2.6606279656517554e-47
7089.520657347532 2.6878210134991185e-47
7111.327015773143 2.7153167815417543e-47
7133.200447459525 2.743118787945354e-47
7155.141158714498 2.771230590983225e-47
7177.149356480453 2.799655789417825e-47
7199.225248336323 2.828398022923179e-47
7221.369042499506 2.857460972668255e-47
7243.580947827843 2.886848362884943e-47
7265.861173821622 2.9165639751707255e-47
7288.209930625496 2.9466227766841894e-47
7310.627429030497 2.976995020141367e-47
7333.113880476022 3.007718202010018e-47
7355.669497051843 3.0387850841623075e-47
7378.294491500065 3.0701996317602986e-47
7400.989077217171 3.1019658657219543e-47
7423.753468256011 3.134087852566273e-47
7446.58787932785 3.166569703695092e-47
7469.492525804355 3.199415575500014e-47
7492.467623719657 3.232629669609718e-47
7515.5133897723645 3.266216233168697e-47
7538.630041327647 3.300179559116111e-47
7561.817796419224 3.3345239864636016e-47
7585.076873751474 3.3692539005634995e-47
7608.407492701491 3.404373733374805e-47
7631.809873321118 3.439887963730287e-47
7655.284236339057 3.4758011176464093e-47
7678.830803162934 3.5121177688914193e-47
7702.449795881413 3.5488425418059854e-47
7726.141437266249 3.585980204319622e-47
7749.905950774422 3.6235351917054476e-47
7773.7435605502205 3.661512464311847e-47
7797.654491427395 3.699916856134769e-47
7821.638968931234 3.7387531897112117e-47
7845.697219280709 3.778026371365978e-47
7869.829469390608 3.8177413578895777e-47
7894.035946873696 3.857903154899774e-47
7918.316880042822 3.8985168165980483e-47
7942.6724979130895 3.939587445700539e-47
7967.103030204046 3.981120193379554e-47
7991.608707341801 4.023120259189337e-47
8016.189760461229 4.0655928909631415e-47
8040.846421408131 4.1085433846771096e-47
8065.578922741461 4.15197708428257e-47
8090.387497735467 4.195899381508987e-47
8115.272380381922 4.2403157156620737e-47
8140.233805392315 4.2852315735620625e-47
8165.272008200102 4.3306524909112177e-47
8190.387224962874 4.376584104326349e-47
8215.579692564612 4.423031889802699e-47
8240.84964861792 4.470001593925824e-47
8266.197331466277 4.517498982820174e-47
8291.622980186261 4.565529783817228e-47
8317.126834589808 4.614099798974073e-47
8342.709135226502 4.663214874840281e-47
8368.370123385812 4.712880900277807e-47
8394.110041099377 4.763103805347061e-47
8419.92913114328 4.813889560265484e-47
8445.827637040386 4.865244174312078e-47
8471.805803062563 4.917173694652617e-47
8497.863874233044 4.969684205068678e-47
8524.002096328704 5.022781824590442e-47
8550.220715882419 5.076472706025121e-47
8576.519980185345 5.130763034391651e-47
8602.900137289269 5.185659025304626e-47
8629.361436008947 5.241166923686683e-47
8655.904125924484 5.297293008789184e-47
8682.528457383622 5.354044253032616e-47
8709.23468150415 5.41142488385649e-47
8736.02305017627 5.469443339156361e-47
8762.89381606495 5.528105281028058e-47
8789.847232612323 5.587417074158792e-47
8816.883554040063 5.647385098477359e-47
8844.003035351823 5.708015742741204e-47
8871.205932335584 5.769315400834555e-47
8898.492501566105 5.83129046812283e-47
8925.863000407322 5.893947337629289e-47
8953.317687014809 5.957292395979157e-47
8980.85682033817 6.021332019094992e-47
9008.480660123503 6.086072567622258e-47
9036.189466915848 6.151520382076771e-47
9063.983502061665 6.217681777715613e-47
9091.863027711248 6.284563039196544e-47
9119.82830682124 6.352170415709314e-47
9147.879603157118 6.420510134572949e-47
9176.01718129564 6.489588331569572e-47
9204.241306627377 6.559411013561695e-47
9232.552245359188 6.6299843576309e-47
9260.950264516776 6.701314277291998e-47
9289.435631947155 6.773406654984651e-47
9318.008616321204 6.846267286342215e-47
9346.669487136183 6.9199018694852235e-47
9375.418514718323 6.994315994996894e-47
9404.255970225302 7.069515135473837e-47
9433.182125648855 7.145504634492713e-47
9462.197253817316 7.222289694944387e-47
9491.301628398232 7.299875366692906e-47
9520.495523900876 7.378266533523927e-47
9549.77921567888 7.457467899360449e-47
9579.152979932845 7.537483973806186e-47
9608.617093712906 7.618319057805634e-47
9638.171834921368 7.699977254015154e-47
9667.817482315322 7.782462335377149e-47
9697.554315509293 7.865777837600758e-47
9727.382614977843 7.949927144261983e-47
9757.302662058239 8.034913199996823e-47
9787.314738953088 8.12073866354048e-47
9817.41912873305 8.207405848852674e-47
9847.616115339437 8.294916699637333e-47
9877.905983586925 8.383272763593819e-47
9908.289019166246 8.472475165355613e-47
9938.765508646893 8.562524577914766e-47
9969.335739479784 8.653421192436485e-47
10000.0 8.745164685491618e-47
