1.0 8.827087606861501e-34
1.00307585794295 9.792547012180483e-34
1.006161176787985 1.0909663577688843e-33
1.009255985635496 1.2203158769520611e-33
1.0123603136753827 1.3786015256999526e-33
1.0154741901873283 1.5628463124549936e-33
1.0185976445410767 1.762631456399793e-33
1.0217307061967082 1.9692466873041484e-33
1.0248734047049193 2.2277134607588853e-33
1.0280257697072988 2.5020257912894708e-33
1.0311878309366103 2.7079370271114624e-33
1.03435961821707 2.750979068892399e-33
1.0375411614646295 2.7012742176884794e-33
1.040732490687258 2.606746574854227e-33
1.0439336359852243 2.4840239208857343e-33
1.047144627551382 2.341685118968425e-33
1.0503654956714532 2.088734296703203e-33
1.0535962707243147 1.7753883530235278e-33
1.0568369831822844 1.4831623136981146e-33
1.0600876636114087 1.2553609112919996e-33
1.0633483426717512 1.0661974548297199e-33
1.0666190511176807 9.01371841838881e-34
1.0698998197981626 7.632851322784204e-34
1.0731906796570496 6.515029523889507e-34
1.0764916617333724 5.5984235879679075e-34
1.0798027971616344 4.83089569139368e-34
1.083124117172103 4.188912879029028e-34
1.0864556530911078 3.6525000020579614e-34
1.0897974363413307 3.201704762214446e-34
1.0931494984421075 2.81943217342177e-34
1.0965118710097224 2.4936317559943135e-34
1.0998845857577066 2.214584380376587e-34
1.1032676744971377 1.974551865412423e-34
1.1066611691369395 1.7671443587404122e-34
1.1100651016841836 1.5869773479703152e-34
1.1134795042443904 1.4296508337096905e-34
1.1169044090218323 1.2917695731357214e-34
1.120339848319838 1.170622076677364e-34
1.1237858545410957 1.063697270288576e-34
1.1272424601879607 9.689015512596075e-35
1.1307096978627602 8.845969787190663e-35
1.1341876002681015 8.095074658209586e-35
1.1376762002071816 7.423868829256329e-35
1.1411755305840938 6.821815138215101e-35
1.144685624404141 6.280678348415327e-35
1.1482065147741451 5.794996521757069e-35
1.1517382349027598 5.365054947087973e-35
1.1552808181007843 5.311400344123979e-35
1.1588342977814776 4.6325953919557407e-35
1.1623987074608715 4.2638038693154715e-35
1.1659740807580896 3.9581435311660474e-35
1.169560451395663 3.681982278347854e-35
1.1731578531998483 3.4299791430489654e-35
1.1767663201009473 3.1994595820964765e-35
1.1803858861336256 2.98806590842494e-35
1.1840165854372355 2.793767330910779e-35
1.187658452256137 2.6148444713359836e-35
1.1913115209400207 2.449977123913073e-35
1.1949758259442316 2.2978227776016962e-35
1.1986514018300956 2.1571593323700335e-35
1.2023382832652425 2.0269175129112986e-35
1.2060365050239368 1.906259045278391e-35
1.209746101987402 1.7943394309618258e-35
1.2134671091441527 1.6903780618298618e-35
1.217199561590322 1.593680520428089e-35
1.2209434945299948 1.503689383533353e-35
1.224698943275538 1.419855646778111e-35
1.228465943247934 1.3416664301744603e-35
1.2322445299771168 1.2686591253319873e-35
1.2360347391023034 1.2004485333252045e-35
1.2398366063723332 1.1366688969250397e-35
1.2436501676460037 1.0769772632922793e-35
1.2474754588924084 1.0210603688559715e-35
1.2513125161912777 9.686405625543412e-36
1.255161375733317 9.194690093802744e-36
1.2590220738205504 8.733156433997336e-36
1.2628946468666606 8.299678677745414e-36
1.2667791313973344 7.892195723496744e-36
1.270675564050606 7.508933230457877e-36
1.274583981577203 7.148315313954197e-36
1.2785044208408942 6.808878333458929e-36
1.2824369188188343 6.489332030755407e-36
1.2863815126019151 6.188176760820314e-36
1.2903382393951155 5.90390458075396e-36
1.2943071365178511 5.635145272164772e-36
1.2982882414043264 5.381318309888537e-36
1.3022815916038883 5.141409802113467e-36
1.3062872247813804 4.913834808757681e-36
1.310305178717498 4.69718064008021e-36
1.3143354913091447 4.4906025580304514e-36
1.318378200569789 4.2939713753873236e-36
1.3224333446298235 4.107017799996706e-36
1.3265009617369248 3.9294623732920374e-36
1.330581090256414 3.7607081028713297e-36
1.334673768671618 3.600121713057853e-36
1.3387790355842335 3.4475622202881745e-36
1.3428969297146902 3.3028724284105814e-36
1.347027489902516 3.165706380983705e-36
1.3511707551067045 3.035433841865475e-36
1.3553267644060811 2.911652894786775e-36
1.359495556999672 2.793992392380198e-36
1.3636771722070746 2.6821079289918415e-36
1.3678716494688272 2.575669157345219e-36
1.3720790283467819 2.4743485205655657e-36
1.3762993485244772 2.377839724925768e-36
1.380532649807513 2.2858651065921732e-36
1.3847789721239248 2.1981886804647802e-36
1.3890383555245625 2.114573688948856e-36
1.3933108401834646 2.0347963846011932e-36
1.3975964663982408 1.958646936634989e-36
1.4018952745904507 1.8859335413276613e-36
1.4062073053059838 1.816479598594651e-36
1.4105325992154432 1.7501184896729384e-36
1.4148711971145296 1.6866905764110477e-36
1.4192231399244255 1.62603837947244e-36
1.4235884686921803 1.5680261278732306e-36
1.427967224591099 1.5125268809913794e-36
1.4323594489211295 1.4594177167847343e-36
1.4367651831092527 1.4085691890940645e-36
1.4411844687098732 1.3598746826823992e-36
1.4456173474052103 1.3132360868670034e-36
1.450063861005693 1.268557966414336e-36
1.454524051450352 1.2257335852987756e-36
1.4589979608072172 1.1846777805366543e-36
1.4634856312737137 1.1453140776433321e-36
1.46798710517706 1.1075680161494394e-36
1.4725024249746668 1.0713512616113136e-36
1.477031633254538 1.0365946716318335e-36
1.4815747727356723 1.0032383549156708e-36
1.4861318862684656 9.712240681953502e-37
1.4907030168351154 9.404785026532084e-37
1.4952882075500271 9.109445449146516e-37
1.4998875016602191 8.825752041620135e-37
1.5045009425457319 8.553248901987669e-37
1.5091285737200368 8.29132712130036e-37
1.513770438830446 8.039505685131882e-37
1.5184265816585256 7.797416230413348e-37
1.5230970461205062 7.564702209096295e-37
1.5277818762676991 7.340858910103376e-37
1.5324811162869123 7.1254720971807055e-37
1.537194810500864 6.918254179386619e-37
1.5419230033686044 6.718926958401597e-37
1.5466657394859329 6.527074761608233e-37
1.551423063585819 6.342331643728994e-37
1.556195020538825 6.1644749273407934e-37
1.5609816553535285 5.993288508498771e-37
1.5657830131769468 5.828433963046168e-37
1.5705991392949628 5.669579091034377e-37
1.5754300791327536 5.516553791874064e-37
1.5802758782552162 5.369192366134296e-37
1.5851365823673995 5.2272216576599275e-37
1.5900122373149348 5.090334432413598e-37
1.5949028890844676 4.958402518799331e-37
1.5998085838040916 4.831301791429855e-37
1.6047293677437848 4.70881432068682e-37
1.6096652873158444 4.590651413417169e-37
1.6146163890753256 4.476718095782432e-37
1.61958271972048 4.3669250671217736e-37
1.6245643260931963 4.261101675689779e-37
1.6295612551794432 4.1589725921356065e-37
1.6345735541097104 4.060468899021708e-37
1.6396012701594547 3.965531042227954e-37
1.6446444507495452 3.874029446186196e-37
1.6497031434467115 3.785697853579305e-37
1.6547773959639915 3.700487419959602e-37
1.6598672561611811 3.6183646477273865e-37
1.6649727720452872 3.539236331996712e-37
1.6700939917709778 3.4628416085058393e-37
1.6752309636410394 3.3891465053269677e-37
1.6803837361068303 3.3181411020954468e-37
1.6855523577687384 3.2497651902338682e-37
1.6907368773766391 3.183760016479074e-37
1.6959373438303564 3.120117445187224e-37
1.7011538061801224 3.058802746372105e-37
1.7063863136270407 2.9998334467148583e-37
1.7116349155235515 2.9429343499848212e-37
1.7168996613738947 2.8880869109904287e-37
1.72218060083458 2.8353254948880613e-37
1.7274777837148512 2.7846508183499674e-37
1.7327912599771595 2.7357992505220835e-37
1.7381210797376347 2.6887524357762166e-37
1.7434672932665543 2.6435679759677167e-37
1.7488299509888217 2.6002772407529407e-37
1.7542091034844391 2.5586095517379923e-37
1.7596048014889867 2.518540327737821e-37
1.7650170958940992 2.480153356801222e-37
1.7704460377479476 2.4435130948572362e-37
1.7758916782557184 2.408338358493145e-37
1.7813540687801 2.3745895460779086e-37
1.7868332608417634 2.3423822478628974e-37
1.7923293061198506 2.3118190628085068e-37
1.7978422564524612 2.2826040889598833e-37
1.8033721638371412 2.2546691986074765e-37
1.8089190804313744 2.228171943873601e-37
1.814483058553073 2.2032624216842993e-37
1.8200641506810715 2.1796240900544778e-37
1.825662409455622 2.157137178694379e-37
1.8312778876788915 2.1360203520830684e-37
1.8369106383154568 2.1164887527859157e-37
1.842560714492809 2.0981945952458747e-37
1.8482281695018483 2.08092156255859e-37
1.8539130567973945 2.0649902855749267e-37
1.8596154299986836 2.050719193944007e-37
1.865335342889877 2.037694957975371e-37
1.8710728494205695 2.025504615339256e-37
1.876828003706298 2.0146832101345056e-37
1.8826008600290487 2.0057678835724204e-37
1.8883914728377733 1.9980390484939007e-37
1.8941998967489 1.990576986290873e-37
1.90002618654685 1.9847339832810486e-37
1.9058703971845528 1.9818983302533997e-37
1.9117325837839665 1.9818375390989046e-37
1.9176128016365943 1.9819240152621535e-37
1.9235111062040104 1.9820748487047885e-37
1.9294275531183804 1.9822884989382975e-37
1.9353621981829856 1.9838042232603176e-37
1.941315097372752 1.9890860062645558e-37
1.9472863068347743 1.9969208146706336e-37
1.9532758828888497 2.005889620029939e-37
1.9592838820280056 2.015466699733761e-37
1.9653103609190357 2.0276459971628595e-37
1.9713553764030296 2.0420626982502437e-37
1.977418985495916 2.0581119288393416e-37
1.9835012453889933 2.0755842573511312e-37
1.989602213449474 2.09571775278803e-37
1.9957219472210237 2.1183091652595063e-37
2.0018605044243025 2.1429457953097203e-37
2.008017942957513 2.1694543657446054e-37
2.0141943208969457 2.1988797014356e-37
2.0203896964975208 2.2310911512536266e-37
2.026604128193347 2.2657169006454485e-37
2.0328376745982646 2.3025516346447584e-37
2.039090394506406 2.3426187595742246e-37
2.045362346892741 2.3857551752114877e-37
2.0516535909136415 2.431460323093405e-37
2.057964185907436 2.4793640259466724e-37
2.064294191394965 2.5306643051427288e-37
2.070643667080153 2.584962931690422e-37
2.07701267285056 2.6412507559946424e-37
2.083401268777955 2.6986270179285738e-37
2.089809515118877 2.759016843125319e-37
2.096237472315208 2.8213686826259154e-37
2.1026852009947374 2.883148826766545e-37
2.1091527619717407 2.9419269690000914e-37
2.1156402162475465 3.0030894803014514e-37
2.1221476250111158 3.063870275849307e-37
2.128675049639618 3.116367294440862e-37
2.135222551699011 3.1523741613652685e-37
2.1417901929446206 3.1800804852573578e-37
2.148378035321721 3.204098500210912e-37
2.1549861409661246 3.220756232722137e-37
2.1616145722047624 3.2261958529988283e-37
2.1682633915562746 3.2067275789584686e-37
2.1749326617316 3.1611800931636596e-37
2.1816224456345683 3.0994835331356482e-37
2.1883328063624914 3.0313898786239857e-37
2.195063807206759 2.9430231088912914e-37
2.2018155116534377 2.8252657968020694e-37
2.2085879833838677 2.691881663509882e-37
2.2153812862752624 2.5552376277687336e-37
2.2221954844013143 2.412603899176664e-37
2.229030642032797 2.2577721938143295e-37
2.2358868236381726 2.1002065418728026e-37
2.2427640938841966 1.9476539986602723e-37
2.2496625176365335 1.8006001420337506e-37
2.2565821599603626 1.6554453389784163e-37
2.263523086120996 1.5165428450698367e-37
2.2704853615844915 1.3871727040023538e-37
2.2774690520182723 1.2675930765261793e-37
2.284474223291745 1.1553473604658688e-37
2.2915009414769214 1.0514907444308304e-37
2.2985492728490406 9.567187105925695e-38
2.3056192838871947 8.707203253822144e-38
2.3127110412749574 7.919279046868281e-38
2.3198246119010117 7.201669399269062e-38
2.3269600628597766 6.55229813172356e-38
2.334117461452052 5.966480867475582e-38
2.3412968751856367 5.43488135403154e-38
2.3484983717759804 4.953402158564199e-38
2.3557220191468127 4.518428030595494e-38
2.362967885430787 4.1259509184826106e-38
2.3702360389701247 3.770528830708525e-38
2.3775265483172574 3.4486846753955624e-38
2.384839482235473 3.157420883193335e-38
2.3921749096995675 2.893862375061969e-38
2.399532899896492 2.654810708534518e-38
2.4069135222260085 2.437833887696285e-38
2.414316846301341 2.240827886394812e-38
2.421742941949834 2.061866639702909e-38
2.429191879213614 1.899029819275653e-38
2.436663728350242 1.7507197746626557e-38
2.444158559833386 1.6155396756573046e-38
2.4516764443534784 1.4922301312802149e-38
2.459217452818386 1.379608289028482e-38
2.4667816563540788 1.2766427734538997e-38
2.4743691263052985 1.1824209750030325e-38
2.4819799342362345 1.0961226157183673e-38
2.4896141519311974 1.0170000240239496e-38
2.497271851395295 9.443861493158136e-39
2.5049531048551144 8.776841690661524e-39
2.5126579847594 8.163566738510155e-39
2.5203865637797382 7.599194405890056e-39
2.5281389148112448 7.079363550271973e-39
2.535915110973248 6.600137486738227e-39
2.543715225609981 6.157958399950948e-39
2.551539332291276 5.7496205035763606e-39
2.5593875048132526 5.3722290664890475e-39
2.56725981719902 5.023156515992998e-39
2.5751563436993674 4.700018084872275e-39
2.583077158793473 4.40064981620009e-39
2.5910223371896004 4.123096909457744e-39
2.5989919538258057 3.865582776038714e-39
2.606986083870644 3.6264880052004696e-39
2.6150048027238766 3.404327334107e-39
2.623048186017187 3.197756198659883e-39
2.631116309614888 3.0055578358796816e-39
2.6392092496146415 2.8266183237315233e-39
2.647327082348176 2.6599037889185566e-39
2.6554698843820033 2.5044717144364165e-39
2.6636377325181435 2.359478435157348e-39
2.6718307037948508 2.2241483668964614e-39
2.6800488754873353 2.0977530719449183e-39
2.6882923251084967 1.97961944271549e-39
2.696561130409653 1.869155582821026e-39
2.7048553693812734 1.7658154258395444e-39
2.7131751202537155 1.669080370186283e-39
2.721520461497962 1.5784609898488926e-39
2.729891471826361 1.4935373037037505e-39
2.7382882301933686 1.4139209881610021e-39
2.746710815796296 1.3392395690409746e-39
2.7551593080760486 1.2691310194914085e-39
2.763633786717887 1.2032940354053951e-39
2.772134331652168 1.1414500656806979e-39
2.7806610230551043 1.0833296510055693e-39
2.7892139413495194 1.028660623389151e-39
2.797793167205606 9.772244110742158e-40
2.8063987815416858 9.288197593912512e-40
2.815030865524976 8.832506423139917e-40
2.8236895005723497 8.403093199615643e-40
2.832374768351109 7.99835389301425e-40
2.841086750779753 7.616826380360637e-40
2.8498255300287485 7.257079205210894e-40
2.858591188521309 6.9175043241498676e-40
2.8673838089341683 6.596909604701964e-40
2.8762034741983644 6.294229192133325e-40
2.8850502675000174 6.008416062313222e-40
2.8939242722811174 5.738209336378069e-40
2.9028255722403085 5.482710096506627e-40
2.911754251333682 5.241140999653764e-40
2.9207103937755647 5.0127371321335195e-40
2.9296940840393155 4.7964981158107975e-40
2.9387054068581207 4.5917342301631044e-40
2.947744447225795 4.397880780159482e-40
2.9568112903975807 4.2143819492248326e-40
2.9659060218909543 4.040435608706276e-40
2.97502872748643 3.875500720775556e-40
2.9841794932283734 3.719171527264577e-40
2.9933584054258087 3.571048921859214e-40
3.002565550653233 3.4304840665144963e-40
3.0118010157514368 3.297039909268989e-40
3.0210648878283206 3.1704314246508623e-40
3.0303572542597146 3.0503784186830676e-40
3.0396782026902054 2.936353070738314e-40
3.0490278210339614 2.827988045687263e-40
3.058406197475564 2.7250919445854885e-40
3.0678134204708365 2.6274760573538857e-40
3.07724957874768 2.5347110601958363e-40
3.0867147613069097 2.4464717441882045e-40
3.0962090574230965 2.362641244490836e-40
3.1057325566454046 2.283102373485165e-40
3.1152853487984404 2.2075096102781098e-40
3.1248675239830974 2.1355559332652313e-40
3.1344791725774073 2.0671861539095913e-40
3.14412038523739 2.0023416692731143e-40
3.153791252897913 1.9407484037281277e-40
3.163491866773545 1.8820989973597796e-40
3.1732223183594175 1.8263907408931064e-40
3.182982699432089 1.7736166291581767e-40
3.1927731020504098 1.7235634073340342e-40
3.202593618556388 1.675907704076171e-40
3.2124443415760657 1.6306931912731074e-40
3.222325364020387 1.5879622064879682e-40
3.2322367790860778 1.547556064370421e-40
3.2421786802565244 1.5091167480443115e-40
3.252151161302653 1.472732200524983e-40
3.26215431628382 1.4384973455732718e-40
3.2721882395486896 1.4063064498138643e-40
3.2822530257361326 1.3757407199665463e-40
3.2923487697761145 1.3469350069952206e-40
3.302475566890592 1.3200481264108477e-40
3.3126335125944095 1.295031709808619e-40
3.3228227026962056 1.2713628557949821e-40
3.333043233299308 1.249233701250177e-40
3.343295200802647 1.2288934957179397e-40
3.3535787019016614 1.210365348970108e-40
3.3638938335892137 1.1929346308245163e-40
3.374240693156499 1.1768804215436647e-40
3.384619378193969 1.1626077290405483e-40
3.3950299865922497 1.1502420357089853e-40
3.4054726165430624 1.1386293065692312e-40
3.4159473665401534 1.128255659434238e-40
3.4264543353802246 1.1199089477445815e-40
3.4369936221638593 1.1140760067487916e-40
3.44756532629646 1.1089651281896125e-40
3.458169547489188 1.1047088659932867e-40
3.4688063857599 1.1020223080266757e-40
3.479475941434095 1.101581737367192e-40
3.490178315145858 1.1031555122246838e-40
3.5009136078388106 1.1061871045025427e-40
3.5116819207670638 1.110206699257933e-40
3.522483355496168 1.1148786017782003e-40
3.53331801390408 1.1223244704198828e-40
3.5441859981821144 1.1326477269311405e-40
3.5550874108359145 1.1448423287060604e-40
3.5660223546864156 1.1579214907973186e-40
3.576990932870814 1.1732273550856983e-40
3.587993248843544 1.1910973488687218e-40
3.5990294063772494 1.2107181528379219e-40
3.610099509563766 1.2312416807417436e-40
3.621203662815097 1.253956338816678e-40
3.6323419708644065 1.2788070421488824e-40
3.643514538767 1.304059952691237e-40
3.65472147190132 1.327825970053893e-40
3.665962875969937 1.3537473069444424e-40
3.677238857000548 1.3812524514460713e-40
3.688549521346977 1.4033893893951833e-40
3.699894975690176 1.4126790136199575e-40
3.7112753270392336 1.4114965296368226e-40
3.722690682732381 1.4080134643013475e-40
3.734141150438009 1.4024662483690114e-40
3.745626838155679 1.3950996494775798e-40
3.7571478542171457 1.372126245847374e-40
3.768704307287377 1.321537130832751e-40
3.780296306365576 1.255662416576165e-40
3.791923960786215 1.1860217003004003e-40
3.8035873802200606 1.1114704441386177e-40
3.815286674675215 1.0226164772532788e-40
3.8270219544981456 9.292382157984613e-41
3.838793330374733 8.393288271526489e-41
3.850600913331309 7.545337943214924e-41
3.8624448147357087 6.706164392434771e-41
3.87432514629832 5.91662404406336e-41
3.886242020073132 5.205604206672904e-41
3.898195548458799 4.5773506499781786e-41
3.9101858441996975 4.007397336705732e-41
3.9222130203869887 3.499635429387268e-41
3.934277190459688 3.0557054213508013e-41
3.9463784682057295 2.6715213961315596e-41
3.9585169677630474 2.334509373197262e-41
3.9706928036206426 2.0402907948720024e-41
3.982906090619673 1.7850785627161584e-41
3.995156943954529 1.5645305287579136e-41
4.007445479173923 1.3726666536629765e-41
4.019771812181978 1.2057507562113265e-41
4.032136059239325 1.0607016910842173e-41
4.044538336964191 9.347080068693796e-42
4.056978762333507 8.248979448368509e-42
4.069457452684009 7.290474516087433e-42
4.081974525713345 6.453028241885488e-42
4.09453009948118 5.720591484989157e-42
4.1071242924103135 5.0788114667656176e-42
4.119757223287808 4.515461952340277e-42
4.1324290112660815 4.0201442323437473e-42
4.145139775864062 3.583954200063192e-42
4.1578896369682905 3.199391727987516e-42
4.170678714834069 2.8597891601455847e-42
4.183507130086583 2.5593534274574916e-42
4.196375003722047 2.2931142986787973e-42
4.209282457108841 2.0569854287734878e-42
4.22222961198866 1.847272620495082e-42
4.235216590477654 1.6607009483335173e-42
4.248243515067587 1.494443490550168e-42
4.261310508626994 1.34618937740725e-42
4.27441769440233 1.2138431952408353e-42
4.287565196019143 1.0955126911901826e-42
4.300753137483232 9.895530846114754e-43
4.313981643181826 8.946141815744691e-43
4.327250837884748 8.094773603149505e-43
4.340560846745592 7.330234244146135e-43
4.353911795302912 6.6427314954268745e-43
4.367303809481398 6.024148426091279e-43
4.380737015593065 5.4672259184037805e-43
4.3942115403384525 4.965193031932874e-43
4.4077275108078044 4.51209153897849e-43
4.421285054482282 4.102919595127817e-43
4.434884299235157 3.733255845257274e-43
4.448525373333023 3.398917484117415e-43
4.4622084054370035 3.0962045937299238e-43
4.475933524603965 2.821971432009325e-43
4.4897008602877335 2.5734664896501184e-43
4.503510542340317 2.3480576178230806e-43
4.517362701013133 2.143404325455829e-43
4.53125746695823 1.9574932152672204e-43
4.545194971229525 1.7885778682503877e-43
4.559175345284037 1.6349744236282345e-43
4.57319872098313 1.4951775312281869e-43
4.587265230593753 1.3678784860731007e-43
4.601375006789694 1.2519490903634865e-43
4.615528182652819 1.1462961417725804e-43
4.629724891674341 1.0499369504529533e-43
4.64396526775607 9.620091669129849e-44
4.6582494452116805 8.817723908590763e-44
4.672577558767977 8.085074909309625e-44
4.686949743566164 7.415644184126018e-44
4.701366135163118 6.803680272054618e-44
4.715826869532673 6.244255183071128e-44
4.7303320830669024 5.732582436034563e-44
4.744881912577394 5.264310942762679e-44
4.759476495296555 4.835563388718067e-44
4.774115968878896 4.443018119648133e-44
4.788800471402336 4.083455673215016e-44
4.8035301413695 3.753932917289875e-44
4.818305117709032 3.451811008946135e-44
4.833125539776892 3.1748255844342165e-44
4.847991547357689 2.920790717877894e-44
4.862903280665984 2.6876969570363273e-44
4.877860880347618 2.473733150256169e-44
4.89286448748104 2.2773400303762197e-44
4.907914243578635 2.0970208046842553e-44
4.923010290588064 1.9313920666199072e-44
4.938152770893592 1.7792014405776461e-44
4.953341827317445 1.6393655297241398e-44
4.968577603121146 1.5108515537946077e-44
4.983860242006869 1.3927000682928623e-44
4.999189888118797 1.2840393510196645e-44
5.014566686044482 1.1841080135437067e-44
5.029990780816204 1.0921911103718868e-44
5.045462317912342 1.0076190268071126e-44
5.060981443258746 9.297814475076591e-45
5.076548303230116 8.581433745453904e-45
5.092163044651376 7.922030578864982e-45
5.107825814799063 7.314902522059281e-45
5.1235367614027165 6.755754579187362e-45
5.139296032646273 6.240792204388313e-45
5.155103777169459 5.766486610509448e-45
5.170960144069196 5.329519443030732e-45
5.186865282901008 4.926854414720242e-45
5.20281934368043 4.555787049361121e-45
5.218822476884423 4.2138222979068874e-45
5.2348748334527935 3.8986081319242115e-45
5.2509765647896165 3.607989418059507e-45
5.267127822764669 3.340031180428389e-45
5.283328759714853 3.092960449397185e-45
5.299579528445637 2.865103766939085e-45
5.3158802822325 2.6549257941372213e-45
5.332231174822376 2.4610385822508873e-45
5.348632360435098 2.282175917791334e-45
5.365083993764864 2.1171434391992445e-45
5.381586229981677 1.9648438705886707e-45
5.398139224732836 1.8242796692787795e-45
5.414743134144379 1.69454260501267e-45
5.43139811482257 1.574777944051055e-45
5.44810432385537 1.4641993712245415e-45
5.46486191881392 1.3620888009604632e-45
5.481671057754029 1.267792467735878e-45
5.498531899217659 1.1806972348115618e-45
5.515444602234432 1.1002383583127617e-45
5.532409326323115 1.0258982791778736e-45
5.549426231493135 9.572050976297038e-46
5.566495478246088 8.937180720522687e-46
5.583617227577246 8.350308505826164e-46
5.60079164097708 7.807700466939092e-46
5.618018880432788 7.305943380596204e-46
5.63529910842981 6.84186337647279e-46
5.652632487953372 6.412532344480256e-46
5.670019182490019 6.015254596138977e-46
5.6874593560291595 5.647557937281847e-46
5.704953173064605 5.307153300133892e-46
5.7225007985961325 4.991928345197115e-46
5.740102398131032 4.699935878300376e-46
5.757758137685669 4.4293838220097575e-46
5.775468183787054 4.178619120348447e-46
5.79323270347441 3.9461166451936855e-46
5.811051864300749 3.7304693395861905e-46
5.828925834334452 3.530377683686506e-46
5.846854782160856 3.344646639808447e-46
5.86483887688384 3.172174385870691e-46
5.882878288127424 3.0119439057216805e-46
5.900973186037368 2.8630128719185393e-46
5.919123741282776 2.7245165922107094e-46
5.937330125057702 2.595658729454977e-46
5.955592509082776 2.4757040479275724e-46
5.973911065606812 2.363969422747524e-46
5.992285967408433 2.2598287203530045e-46
6.010717387797714 2.162698633830206e-46
6.0292055006178 2.0720501472999554e-46
6.047750480246552 1.9873938403220207e-46
6.066352501598197 1.908275998829643e-46
6.085011740124972 1.8342803016897368e-46
6.103728371818779 1.7650222747760695e-46
6.122502573212846 1.7001433908074515e-46
6.141334521383394 1.6393146707554759e-46
6.160224393951303 1.5822350015915964e-46
6.179172369083792 1.5286262600860125e-46
6.198178625496095 1.478228899518689e-46
6.2172433424531475 1.4308042075553546e-46
6.236366699771285 1.3861343329539732e-46
6.255548877819924 1.344018005037496e-46
6.274790057523278 1.304267380565252e-46
6.294090420362054 1.2667091030040466e-46
6.3134501483751695 1.2311854802921854e-46
6.332869424161467 1.1975507801759829e-46
6.352348430881439 1.1656690155660384e-46
6.371887352258951 1.1354141956076468e-46
6.391486372582977 1.1066720711719045e-46
6.411145676709344 1.0793370347967595e-46
6.430865450062459 1.0533105684325721e-46
6.450645878637076 1.0285010099427547e-46
6.470487149000038 1.004825471967007e-46
6.490389448292046 9.822073278351888e-47
6.510352964229411 9.605751150427764e-47
6.530377885105843 9.398573085011724e-47
6.55046439979421 9.199983920295623e-47
6.570612697748328 9.00942746886075e-47
6.590822969004745 8.82638436277891e-47
6.6110954041845345 8.650366955081567e-47
6.6314301944950955 8.480936106460461e-47
6.651827531731951 8.317685887782539e-47
6.672287608280561 8.160237821052772e-47
6.692810617118137 8.00823484589279e-47
6.713396751815459 7.861249713363019e-47
6.734046206538705 7.719089983550299e-47
6.754759176051278 7.581482368419792e-47
6.775535855715649 7.448164431639626e-47
6.796376441495194 7.318900120063532e-47
6.817281129956043 7.193471373598938e-47
6.83825011826894 7.071674755160073e-47
6.859283604211096 6.953316481664049e-47
6.880381786168055 6.838222078063702e-47
6.901544863135567 6.726230462627211e-47
6.922773034721468 6.617191241386797e-47
6.944066501147554 6.510960500454551e-47
6.965425463251481 6.407408360295733e-47
6.98685012248865 6.306415012182215e-47
7.008340680934106 6.207853025187227e-47
7.029897341284457 6.111607189425043e-47
7.051520306859769 6.017604933716577e-47
7.073209781605496 5.925756359514902e-47
7.094965970094398 5.83597731179331e-47
7.116789077528472 5.748186660679143e-47
7.138679309740887 5.662310494198712e-47
7.160636873197924 5.578280801369907e-47
7.182661975000928 5.496033803491637e-47
7.20475482288826 5.415507879786942e-47
7.226915625237247 5.336646497671805e-47
7.249144591066162 5.259397734510209e-47
7.271441930036185 5.183712813127595e-47
7.293807852453385 5.109544574339103e-47
7.316242569270706 5.036849397733025e-47
7.338746292089944 4.965587325365493e-47
7.361319233163763 4.895720763913171e-47
7.383961605397678 4.827213416896816e-47
7.406673622352079 4.760031421222273e-47
7.429455498244227 4.694143873825585e-47
7.452307447950294 4.629521691116793e-47
7.475229687007378 4.566136895448961e-47
7.498222431615533 4.50396319532253e-47
7.521285898639823 4.442976728390062e-47
7.54442030561235 4.383155090039295e-47
7.56762587073432 4.324476868184825e-47
7.590902812878091 4.2669218792838907e-47
7.614251351589243 4.21047196467041e-47
7.637671707088646 4.155110206923331e-47
7.661164100274537 4.100820629228845e-47
7.6847287527246095 4.047588241710361e-47
7.708365886698094 3.9953997930131777e-47
7.732075725137857 3.9442431688392207e-47
7.755858491672513 3.894107209611308e-47
7.779714410618518 3.8449816661925653e-47
7.803643706982302 3.796857854867419e-47
7.827646606462374 3.7497282317134964e-47
7.8517233354514655 3.7035862939734087e-47
7.875874121038658 3.658426509906043e-47
7.900099191011528 3.614244869357299e-47
7.924398773858295 3.5710386143127756e-47
7.948773098769968 3.5288062053215016e-47
7.973222395642525 3.4875472773752623e-47
7.997746895079069 3.447263094001875e-47
8.022346828392001 3.4082030121215066e-47
8.04702242760521 3.370141332666605e-47
8.071773925456254 3.3330588194594924e-47
8.096601555398562 3.296963472465735e-47
8.121505551603638 3.261865228994537e-47
8.14648614896325 3.22777607672403e-47
8.171543583091669 3.1947101577095516e-47
8.196678090327884 3.162684143250974e-47
8.22188990773782 3.1317173907332195e-47
8.247179273116595 3.1018321700770203e-47
8.272546424990741 3.0730539079790003e-47
8.29799160262047 3.0454116262525293e-47
8.323515046001921 3.0189382893710875e-47
8.34911699586943 2.9936712182198766e-47
8.374797693697793 2.9696525616819717e-47
8.400557381704553 2.9469299198442863e-47
8.426396302852275 2.9255569932824454e-47
8.452314700850847 2.9055943282165906e-47
8.47831282015977 2.8871101818667527e-47
8.504390905990473 2.870181560579787e-47
8.530549204308615 2.854895405194111e-47
8.556787961836413 2.8413499666984366e-47
8.583107426054966 2.829656422274511e-47
8.609507845206586 2.8199407810166513e-47
8.635989468297154 2.8123461302716875e-47
8.662552545098448 2.8070352938894125e-47
8.68919732615051 2.804193997349641e-47
8.715924062764008 2.804034639750004e-47
8.74273300702261 2.806800827313055e-47
8.76962441178535 2.812772846239768e-47
8.796598530689026 2.8222742986756807e-47
8.823655618150587 2.8356801783266408e-47
8.85079592936953 2.853426780093365e-47
8.878019720330311 2.8760239380429616e-47
8.905327247804754 2.904070226518982e-47
8.932718769354484 2.9382719584210973e-47
8.960194543333337 2.9794671303967105e-47
8.987754828889825 3.0286558641464224e-47
9.015399885969552 3.0868879933962384e-47
9.04312997531768 3.155655138306704e-47
9.07094535848139 3.2368501258300334e-47
9.098846297812338 3.332647346123384e-47
9.126833056469144 3.445741901753767e-47
9.154905898419864 3.5795068959718076e-47
9.183065088444478 3.7382092256904216e-47
9.211310892137396 3.9273102270270763e-47
9.239643575909955 4.1538915722893363e-47
9.268063406992944 4.427269920622959e-47
9.296570653439106 4.759902491479888e-47
9.325165584125683 5.168752575251815e-47
9.35384846875694 5.677403046073175e-47
9.382619577866713 6.319426333635013e-47
9.411479182820974 7.143944345310325e-47
9.440427555820358 8.225172105734846e-47
9.469464969902772 9.679580040102416e-47
9.498591698945933 1.1698519945490932e-46
9.527808017669974 1.4614581921538571e-46
9.557114201640026 1.9048392159339208e-46
9.58651052726882 2.62703524613945e-46
9.615997271819293 3.923034966603401e-46
9.6455747134072 6.6155455903721586e-46
9.675243131003754 1.378827525136545e-45
9.705002804438221 4.6223542851234445e-45
9.734854014400605 1.916717265903053e-43
9.764797042444254 9.48310060201316e-45
9.79483217098855 1.9108005597949747e-45
9.824959683321545 7.949771446126775e-46
9.855179863602654 4.345489652462734e-46
9.885492996865311 2.7477582618123895e-46
9.915899369019698 1.9036601449452486e-46
9.946399266855389 1.4046325243696616e-46
9.976992978044096 1.085496202647974e-46
10.007680791142368 8.691835513688465e-47
10.038462995594312 7.158360471056863e-47
10.069339881734319 6.031642365005352e-47
10.100311740789808 5.179219607788581e-47
10.131378864883992 4.518384896386142e-47
10.162541547038575 3.9953816865449977e-47
10.193800081176596 3.574006164158898e-47
10.225154762125124 3.229185519929597e-47
10.2566058856181 2.9431202415799224e-47
10.288153748299083 2.702891231380145e-47
10.31979864772408 2.4989403617421506e-47
10.351540882364324 2.324075079691075e-47
10.383380751609115 2.1728003528815408e-47
10.415318555768623 2.0408605488255965e-47
10.447354596076742 1.9249191536669656e-47
10.479489174693896 1.822330929710847e-47
10.511722594709939 1.7309772528200752e-47
10.544055160146957 1.649145392585185e-47
10.576487175962196 1.575438837248508e-47
10.60901894805089 1.5087098736222882e-47
10.641650783249156 1.4480083315394517e-47
10.674382989336914 1.3925422164100478e-47
10.707215875040752 1.3416471831043815e-47
10.74014975003688 1.2947626559466028e-47
10.773184924953998 1.2514129922399408e-47
10.806321711376288 1.2111925095017475e-47
10.839560421846295 1.1737534984603357e-47
10.872901369867918 1.138796560157161e-47
10.906344869909335 1.1060627678670726e-47
10.939891237405998 1.0753272697540982e-47
10.973540788763579 1.0463940389143458e-47
11.007293841360983 1.019091541521415e-47
11.041150713553316 9.932691440362746e-48
11.075111724674908 9.687941194376414e-48
11.109177195042305 9.455491411490834e-48
11.14334744595731 9.234301758436171e-48
11.177622799710011 9.023447048698863e-48
11.212003579581795 8.822102162607946e-48
11.246490109848436 8.629529221635793e-48
11.281082715783116 8.445066638823926e-48
11.315781723659535 8.268119733138652e-48
11.35058746075494 8.098152666086419e-48
11.385500255353252 7.93468148731582e-48
11.420520436748136 7.777268120411955e-48
11.455648335246131 7.625515145499517e-48
11.490884282169736 7.479061262918537e-48
11.52622860986057 7.337577333694916e-48
11.561681651682463 7.200762921133605e-48
11.597243742024652 7.068343256206248e-48
11.63291521630488 6.940066573918999e-48
11.668696410972611 6.81570176470707e-48
11.704587663512177 6.695036304134726e-48
11.74058931244594 6.577874419483177e-48
11.776701697337543 6.464035466323762e-48
11.812925158795046 6.353352483772675e-48
11.849260038474203 6.245670913309487e-48
11.885706679081618 6.140847451645789e-48
11.922265424378047 6.038749031108959e-48
11.958936619181573 5.939251901663726e-48
11.995720609370922 5.842240812884558e-48
12.03261774188866 5.747608276732303e-48
12.069628364744531 5.655253906901205e-48
12.10675282701868 5.565083819600583e-48
12.143991478865 5.47701009794719e-48
12.18134467151438 5.3909503053850164e-48
12.218812757278064 5.3068270451662475e-48
12.25639608955096 5.2245675622724364e-48
12.29409502281494 5.144103382627151e-48
12.331909912642248 5.0653699832198706e-48
12.36984111569879 4.988306494378804e-48
12.407888989747542 4.912855427610994e-48
12.446053893651895 4.838962426171956e-48
12.484336187379068 4.7665760399471115e-48
12.522736232003474 4.695647517691215e-48
12.56125438971015 4.626130617023931e-48
12.599891023798152 4.557981430668283e-48
12.638646498684007 4.4911582276128074e-48
12.677521179905115 4.4256213062252915e-48
12.716515434123245 4.361332859727796e-48
12.755629629127936 4.298256852254219e-48
12.794864133840012 4.2363589048801813e-48
12.834219318315052 4.175606190871907e-48
12.87369555374685 4.1159673365768506e-48
12.913293212470965 4.057412334647831e-48
12.95301266796818 3.999912458673724e-48
12.992854294868083 3.943440187051105e-48
13.03281846895254 3.8879691319931366e-48
13.072905567159296 3.833473973263046e-48
13.113115967585475 3.779930396979463e-48
13.153450049491198 3.727315038435975e-48
13.193908193303116 3.6756054292554635e-48
13.234490780618044 3.624779948092238e-48
13.2751981942065 3.574817774907393e-48
13.316030818016388 3.525698847380404e-48
13.356989037176547 3.477403822066033e-48
13.398073238000435 3.4299140365238404e-48
13.439283807989767 3.383211474436999e-48
13.480621135838128 3.337278732974653e-48
13.5220856114347 3.2920989925042717e-48
13.563677625867877 3.2476559879560475e-48
13.605397571429016 3.203933981526716e-48
13.647245841616083 3.16091773877311e-48
13.68922283113741 3.1185925036710277e-48
13.731328935915371 3.076943977326073e-48
13.773564553090168 3.035958296632213e-48
13.81593008102352 2.9956220152925824e-48
13.85842591930248 2.955922084440032e-48
13.901052468743147 2.9168458359656256e-48
13.943810131394496 2.878380966630944e-48
13.986699310542129 2.8405155209293196e-48
14.029720410712107 2.803237878285017e-48
14.072873837674766 2.766536737781343e-48
14.116159998448504 2.7304011063873816e-48
14.159579301303689 2.6948202860802214e-48
14.203132155766427 2.6597838618828683e-48
14.246818972622512 2.6252816914671602e-48
14.29064016392122 2.5913038940359064e-48
14.33459614297926 2.5578408407467668e-48
14.378687324384618 2.5248831457221515e-48
14.422914124000522 2.4924216557924838e-48
14.467276958969313 2.4604474437041376e-48
14.511776247716416 2.4289517987147844e-48
14.556412409954262 2.3979262193523106e-48
14.601185866686276 2.3673624064212108e-48
14.646097040210808 2.3372522555148825e-48
14.691146354125152 2.3075878510648593e-48
14.736334233329533 2.278361458829913e-48
14.781661104031079 2.249565521565604e-48
14.827127393747908 2.2211926517208405e-48
14.872733531313097 2.1932356267279425e-48
14.918479946878763 2.165687383628143e-48
14.964367071920108 2.1385410141207808e-48
15.010395339239494 2.111789759285933e-48
15.056565182970507 2.0854270056513263e-48
15.102877038582095 2.0594462807967662e-48
15.149331342882608 2.0338412484321196e-48
15.195928534023999 2.008605704920934e-48
15.24266905150587 1.983733575324668e-48
15.289553336179706 1.959218909738252e-48
15.336581830252946 1.9350558795106165e-48
15.383754977293227 1.9112387738944217e-48
15.431073222232532 1.887761997263811e-48
15.478537011371374 1.8646200649482105e-48
15.526146792383049 1.841807601231164e-48
15.5739030143178 1.819319335598349e-48
15.621806127607126 1.797150100613743e-48
15.669856584067947 1.775294828645452e-48
15.718054836906942 1.7537485496439706e-48
15.76640134072476 1.732506388449221e-48
15.814896551520368 1.7115635624352433e-48
15.863540926695288 1.6909153789911305e-48
15.912334925057978 1.670557233687287e-48
15.961279006828091 1.650484607673237e-48
16.01037363364089 1.6306930657846048e-48
16.059619268551515 1.611178254358116e-48
16.109016376039435 1.5919358993881644e-48
16.158565422012792 1.572961804817028e-48
16.20826687381276 1.5542518502291273e-48
16.25812120021803 1.5358019895438048e-48
16.30812887144916 1.5176082490638952e-48
16.35829035917306 1.4996667256270923e-48
16.4086061365074 1.481973585446327e-48
16.459076678025117 1.4645250622487815e-48
16.509702459758834 1.4473174557577308e-48
16.56048395920543 1.4303471303511345e-48
16.611421655330442 1.413610513708636e-48
16.662516028572686 1.39710409507261e-48
16.713767560848694 1.380824424100709e-48
16.76517673555735 1.364768109966466e-48
16.816744037584375 1.348931819304479e-48
16.868469953306928 1.3333122756854682e-48
16.920354970598225 1.3179062580595927e-48
16.972399578832064 1.302710599554439e-48
17.02460426888754 1.2877221866492946e-48
17.076969533153573 1.2729379578804542e-48
17.12949586553364 1.2583549027955023e-48
17.182183761450364 1.2439700608527551e-48
17.235033717850246 1.2297805206094489e-48
17.288046233208306 1.2157834184440012e-48
17.341221807532808 1.201975937959771e-48
17.39456094236996 1.1883553085424086e-48
17.44806414080868 1.1749188051991996e-48
17.50173190748528 1.1616637468604475e-48
17.555564748588303 1.1485874960935146e-48
17.609563171863215 1.1356874580637649e-48
17.663727686617264 1.1229610797540402e-48
17.718058803724254 1.110405848923229e-48
17.772557035629337 1.0980192938093006e-48
17.827222896353913 1.0857989818497241e-48
17.882056901500395 1.073742519449238e-48
17.93705956825716 1.0618475506539681e-48
17.992231415403342 1.0501117570531917e-48
18.047572963313808 1.0385328566609515e-48
18.103084733963986 1.0271086034812598e-48
18.158767250934847 1.0158367866742171e-48
18.214621039417807 1.0047152301614932e-48
18.27064662621973 9.93741791561942e-49
18.32684453976781 9.829143621508884e-49
18.383215310114668 9.722308656593286e-49
18.43975946894324 9.616892582293222e-49
18.496477549571868 9.512875274113221e-49
18.55337008695932 9.410236918800526e-49
18.610437617709778 9.308958007207325e-49
18.667680680077986 9.209019330270036e-49
18.725099813974253 9.11040197235703e-49
18.7826955609696 9.013087307332132e-49
18.84046846430081 8.917056992347576e-49
18.898419068875633 8.82229296346316e-49
18.956547921277824 8.72877743154994e-49
19.014855569772404 8.636492876496805e-49
19.073342564310728 8.545422042546884e-49
19.13200945653577 8.455547934759338e-49
19.190856799787245 8.366853814200314e-49
19.249885149106888 8.279323192117531e-49
19.30909506124364 8.192939828448364e-49
19.36848709465893 8.107687724412029e-49
19.428061809531968 8.023551121747593e-49
19.48781976776493 7.940514495943972e-49
19.547761532988392 7.858562554348971e-49
19.607887670566523 7.777680229697045e-49
19.668198747602503 7.697852680443149e-49
19.728695332943833 7.619065282419362e-49
19.789377997187717 7.541303628543953e-49
19.850247312686395 7.464553524021127e-49
19.911303853552646 7.388800982657763e-49
19.97254819566508 7.314032223696433e-49
20.033980916673666 7.240242927667375e-49
20.09560259600512 7.167417459789452e-49
20.15741381486841 7.095535019623748e-49
20.2194151562602 7.024582632943155e-49
20.281607204970378 6.95454751364135e-49
20.34399054758758 6.885417062130991e-49
20.40656577250467 6.817178861766457e-49
20.469333469924365 6.749820674670312e-49
20.53229423186472 6.683330441157708e-49
20.595448652164787 6.617696274921553e-49
20.65879732649016 6.552906461523412e-49
20.72234085233864 6.4889494548441466e-49
20.786079829045818 6.4258138748636764e-49
20.850014857790782 6.3634885048352514e-49
20.914146541601735 6.30196228927077e-49
20.978475485361745 6.241224329963783e-49
21.043002295814368 6.181263885437513e-49
21.107727581569463 6.122070367334889e-49
21.172651953108858 6.063633337370751e-49
21.23777602279213 6.005942506942424e-49
21.303100404862438 5.948987733415737e-49
21.368625715452183 5.892759017538412e-49
21.43435257258899 5.83724650283182e-49
21.50028159620137 5.782440471302064e-49
21.566413408124706 5.728331343095363e-49
21.632748632107024 5.674909673551263e-49
21.699287893814937 5.622166150871372e-49
21.76603182083948 5.570091594670979e-49
21.832981042702112 5.518676953720221e-49
21.90013619086057 5.467913304090186e-49
21.967497898714925 5.417791846901482e-49
22.03506680161341 5.368303906437592e-49
22.1028435368586 5.319440929198566e-49
22.170828743713212 5.27119448047371e-49
22.239023063406336 5.2235562441104035e-49
22.307427139139367 5.176518019265151e-49
22.376041616092063 5.130071720088768e-49
22.4448671414287 5.084209372957829e-49
22.513904364304118 5.0389231149945814e-49
22.58315393586988 4.99420519290351e-49
22.65261650928038 4.950047961119059e-49
22.722292739699053 4.9064438796177324e-49
22.79218328430448 4.863385513082505e-49
22.862288802296685 4.8208655290649334e-49
22.93260995490324 4.778876696459096e-49
23.003147405385608 4.7374118837014635e-49
23.073901819045304 4.696464058493107e-49
23.144873863230263 4.6560262843036356e-49
23.21606420734105 4.61609172116075e-49
23.287473522837228 4.576653622658272e-49
23.35910248324369 4.537705335219747e-49
23.430951764156948 4.499240296496681e-49
23.503022043251608 4.461252034834619e-49
23.575314000286667 4.4237341664310694e-49
23.647828317111998 4.386680395662101e-49
23.72056567767469 4.350084512762466e-49
23.793526768025636 4.3139403928289106e-49
23.86671227632585 4.278241994894916e-49
23.940122892853097 4.242983360545008e-49
24.01375931000827 4.208158612440418e-49
24.087622222322047 4.173761953611883e-49
24.161712326461352 4.139787666238638e-49
24.23603032123597 4.106230109788137e-49
24.310576907605117 4.073083721411003e-49
24.385352788684056 4.040343012969578e-49
24.46035866975077 4.00800257184455e-49
24.535595258252524 3.97605705814755e-49
24.611063263812632 3.9445012050363885e-49
24.686763398237066 3.913329816944043e-49
24.762696375521266 3.88253776901124e-49
24.83886291185676 3.8521200057393366e-49
24.915263725638045 3.822071539800029e-49
24.991899537469237 3.79238745209777e-49
25.068771070170968 3.763062889432551e-49
25.14587904878714 3.734093064965521e-49
25.223224200591815 3.705473256084725e-49
25.300807255096007 3.677198804489351e-49
25.378628944054643 3.649265114638372e-49
25.456690001473383 3.6216676530569164e-49
25.534991163615626 3.594401947695592e-49
25.613533169009397 3.567463586568049e-49
25.692316758454297 3.5408482176861494e-49
25.771342675028578 3.514551547423356e-49
25.85061166409604 3.488569340626787e-49
25.930124473313167 3.462897418870107e-49
26.009881852636084 3.437531660033609e-49
26.08988455432771 3.412467997567434e-49
26.170133332964777 3.387702420363483e-49
26.25062894544504 3.3632309706418447e-49
26.331372150994312 3.3390497445361147e-49
26.412363711173725 3.315154890533318e-49
26.49360438988681 3.2915426090265165e-49
26.575094953386824 3.2682091519321718e-49
26.65683617028384 3.2451508213017303e-49
26.738828811552118 3.2223639692470864e-49
26.82107365053731 3.199844997066548e-49
26.903571462963757 3.1775903544395384e-49
26.98632302694184 3.1555965390353737e-49
27.06932912297526 3.1338600958495577e-49
27.152590533968496 3.1123776159506952e-49
27.23610804523406 3.0911457368822496e-49
27.319882444500045 3.0701611414277096e-49
27.403914521917407 3.049420556745514e-49
27.488205070067572 3.028920754672624e-49
27.57275488396977 3.008658550281092e-49
27.657564761088647 2.9886308015728014e-49
27.742635501341688 2.968834409112034e-49
27.827967907106856 2.949266315198783e-49
27.91356278323008 2.9299235032915695e-49
27.9994209370329 2.9108029979391543e-49
28.08554317832008 2.891901863266019e-49
28.17193031938717 2.8732172038864595e-49
28.258583175028292 2.8547461626041828e-49
28.34550256254371 2.8364859215400496e-49
28.432689301747622 2.8184337004311367e-49
28.520144214975826 2.8005867568865495e-49
28.607868127093536 2.7829423854091917e-49
28.695861865503115 2.765497917181693e-49
28.784126260151925 2.7482507195480736e-49
28.872662143540076 2.731198195475889e-49
28.9614703507284 2.7143377827594776e-49
29.05055171934619 2.6976669543623064e-49
29.139907089599223 2.681183217222299e-49
29.22953730427758 2.6648841120847178e-49
29.319443208763687 2.6487672130413036e-49
29.40962565104024 2.632830127125024e-49
29.500085481698168 2.617070493612311e-49
29.590823553944755 2.601485983943988e-49
29.681840723611575 2.586074301073494e-49
29.77313784916268 2.570833179451263e-49
29.86471579170256 2.5557603836543602e-49
29.956575414984417 2.540853709055256e-49
30.048717585418167 2.526111740476663e-49
30.14114317207874 2.51153221981286e-49
30.233853046714163 2.4971123436211304e-49
30.326848083753884 2.4828500254817874e-49
30.420129160316925 2.4687432070971358e-49
30.513697156220257 2.4547898584076884e-49
30.607552953986975 2.4409879767033277e-49
30.701697438854747 2.427335586710205e-49
30.796131498784103 2.4138307398699196e-49
30.89085602446676 2.400471514145732e-49
30.985871909334143 2.3872560137153426e-49
31.08118004956569 2.374182368463644e-49
31.176781344097407 2.3612487337622932e-49
31.272676694630256 2.3484532900810675e-49
31.368867005638748 2.3357942427027844e-49
31.465353184379367 2.3232698211382596e-49
31.56213614089928 2.3108782792139998e-49
31.65921678804472 2.298617894385349e-49
31.756596041469805 2.2864869675858016e-49
31.854274819645 2.274483822853463e-49
31.952254043865928 2.2626068071588445e-49
32.050534638261894 2.2508542897875663e-49
32.149117529804776 2.2392246623683636e-49
32.24800364831766 2.227716338307704e-49
32.347193926483605 2.2163277526928832e-49
32.44668929985453 2.2050573618376523e-49
32.54649070685991 2.1939036430736742e-49
32.646599088815755 2.182865094526124e-49
32.74701538993339 2.171940234553668e-49
32.84774055732842 2.1611276018728314e-49
32.948775541029626 2.1504257549275342e-49
33.050121293987985 2.139833271893554e-49
33.15177877208555 2.129348750150451e-49
33.2537489341446 2.1189708061964965e-49
33.35603274193654 2.1086980753611184e-49
33.458631160191125 2.0985292114168772e-49
33.56154515660542 2.088462886547132e-49
33.66477570185303 2.0784977907297955e-49
33.76832376959321 2.068632632027288e-49
33.87219033648001 2.0588661358150958e-49
33.97637638217159 2.049197044931886e-49
34.080882889339335 2.0396241190740032e-49
34.18571084367726 2.0301461349569183e-49
34.290861233911166 2.020761885716636e-49
34.396335051808094 2.0114701809135406e-49
34.502133292185555 2.0022698462527325e-49
34.60825695292105 1.9931597233614267e-49
34.71470703496133 1.9841386694062184e-49
34.82148454233201 1.975205557098978e-49
34.92859048214684 1.9663592745182966e-49
35.0360258646174 1.957598724636503e-49
35.14379170306248 1.9489228253361325e-49
35.251889013917705 1.9403305091036895e-49
35.36031881674516 1.9318207228656125e-49
35.46908213424288 1.9233924277679076e-49
35.57817999225464 1.915044598995278e-49
35.68761341977951 1.9067762255914084e-49
35.79738344898167 1.8985863102095994e-49
35.90749111520004 1.8904738690237483e-49
36.01793745695814 1.8824379314683954e-49
36.128723515973775 1.87447754000742e-49
36.23985033716904 1.866591750166728e-49
36.35131896867993 1.858779630036206e-49
36.463130461866456 1.8510402604631295e-49
36.5752858713224 1.8433727345278958e-49
36.687786254885374 1.8357761576560006e-49
36.8006326736467 1.8282496472440357e-49
36.91382619196151 1.8207923327020593e-49
37.02736787745874 1.8134033551275757e-49
37.14125880105114 1.806081867209549e-49
37.25550003694552 1.798827033094457e-49
37.37009266265272 1.791638028191965e-49
37.48503775899792 1.7845140389829927e-49
37.6003364101307 1.77745426313129e-49
37.7159897035354 1.7704579088597444e-49
37.83199873004122 1.763524195201139e-49
37.94836458383271 1.756652351719111e-49
38.06508836245983 1.749841618402395e-49
38.182171166848605 1.743091245553136e-49
38.299614101311214 1.7364004935226618e-49
38.417418273556656 1.729768632608639e-49
38.535584794701 1.7231949432307026e-49
38.65411477927799 1.716678715409803e-49
38.773009345249534 1.7102192488080558e-49
38.892269614016186 1.7038158525882726e-49
39.011896710427806 1.6974678452231164e-49
39.13189176279411 1.6911745545638258e-49
39.25225590289537 1.6849353174857987e-49
39.372990265992975 1.6787494798717047e-49
39.494095990840336 1.6726163965394598e-49
39.61557421969338 1.6665354310743866e-49
39.73742609832154 1.6605059557281534e-49
39.85965277601845 1.6545273513378835e-49
39.9822554056128 1.6485990071651048e-49
40.10523514347919 1.642726742707368e-49
40.22859314954914 1.6369048990687895e-49
40.35233058732188 1.6311318424658433e-49
40.47644862387543 1.6254070120435243e-49
40.60094842987758 1.61972985574789e-49
40.7258311795969 1.6140998302289922e-49
40.85109805091392 1.6085164008786304e-49
40.97675022533204 1.6029790416241335e-49
41.1027888879889 1.5974872350880416e-49
41.22921522766741 1.5920404723557246e-49
41.35603043680703 1.5866382530995699e-49
41.48323571151495 1.5812800852372473e-49
41.61083225157749 1.5759654853559227e-49
41.73882126047125 1.5706939786131343e-49
41.86720394537465 1.5654650983594226e-49
41.99598151717912 1.5602783863715666e-49
42.12515519050072 1.5551333927849872e-49
42.25472618369141 1.5500296762164992e-49
42.38469571885068 1.5449668035547592e-49
42.51506502183703 1.5399443499310556e-49
42.64583532227947 1.5349618989260977e-49
42.77700785358925 1.530019042580698e-49
42.908583852971326 1.5251153813154874e-49
43.04056456143624 1.5202505239305635e-49
43.17295122381156 1.5154240877739773e-49
43.30574508875392 1.5106356987574245e-49
43.43894740876052 1.5058849913028684e-49
43.57255944018114 1.5011716084365702e-49
43.70658244322986 1.496495201868888e-49
43.84101768199709 1.491855432078033e-49
43.975866424461245 1.4872519683358438e-49
44.11112994250104 1.482684488834521e-49
44.246809511907166 1.4781526807996237e-49
44.38290641239456 1.4736562405485925e-49
44.51942192761432 1.4691948736679143e-49
44.656357345165915 1.464768295115395e-49
44.793713956609245 1.460376229292146e-49
44.93149305747691 1.456018410226271e-49
45.06969594728636 1.4516945818252065e-49
45.208323929552144 1.4474044979386904e-49
45.34737831179832 1.4431479225880184e-49
45.4868604055706 1.4389246301481209e-49
45.62677152644894 1.4347344056946111e-49
45.76711299405972 1.4305770450696893e-49
45.90788613208839 1.4264523551840623e-49
46.04909226829181 1.4223601543119378e-49
46.19073273451088 1.4183002723430856e-49
46.332808866682974 1.4142725511052422e-49
46.47532200485474 1.410276844651983e-49
46.618273493194536 1.406313019651979e-49
46.761664680005175 1.4023809557636616e-49
46.905496917736734 1.398480545983564e-49
47.04977156299916 1.394611697086106e-49
47.194489976575206 1.390774330060283e-49
47.339653523433114 1.38696838058109e-49
47.48526357273967 1.3831937994872126e-49
47.63132149787294 1.3794505533240784e-49
47.77782867643538 1.3757386249492046e-49
47.92478649026668 1.3720580139828106e-49
48.07219632545696 1.3684087375151136e-49
48.220059572359645 1.3647908308110766e-49
48.368377625604815 1.361204347935449e-49
48.51715188411213 1.3576493624880249e-49
48.66638375110416 1.3541259684571947e-49
48.81607463411966 1.3506342810662524e-49
48.96622594502664 1.3471744375143875e-49
49.11683910003594 1.3437465979900272e-49
49.26791551971437 1.3403509465278065e-49
49.41945662899828 1.3369876921169523e-49
49.57146385720682 1.3336570699928473e-49
49.723938638055685 1.330359342441712e-49
49.87688240967029 1.3270948001370516e-49
50.03029661459967 1.3238071522841705e-49
50.184182699829805 1.320316268794069e-49
50.338542116797534 1.316848003419318e-49
50.493376321404 1.3134021300143848e-49
50.64868677402856 1.3099784251903815e-49
50.804474939542416 1.30657666823458e-49
50.960742287322624 1.303196641135037e-49
51.117490291265696 1.2998381283938223e-49
51.27472042980174 1.2965009171137247e-49
51.432434185908285 1.293184796939091e-49
51.59063304712425 1.2898895599490447e-49
51.74931850556408 1.286615000488151e-49
51.908492057931646 1.2833609157994758e-49
52.0681552055346 1.2801271052422738e-49
52.22830945429828 1.2769133705124731e-49
52.38895631478014 1.2737195156479213e-49
52.550097302183794 1.2705453470265473e-49
52.71173393637352 1.267390673027038e-49
52.87386774188836 1.2642553043782195e-49
53.036500247956745 1.2611390539855165e-49
53.19963298851067 1.2580417368976992e-49
53.363267502200415 1.2549631702898652e-49
53.5274053324088 1.2519031734745077e-49
53.69204802726598 1.2488615677942842e-49
53.85719713966391 1.2458381766541776e-49
54.022854227270955 1.2428328254377532e-49
54.189020852546726 1.2398453415716601e-49
54.3556985827567 1.2368755544464372e-49
54.52288898998708 1.2339232953922384e-49
54.690593651159496 1.230988397664895e-49
54.85881414804607 1.2280706964078255e-49
55.02755206728413 1.225170028689661e-49
55.1968090003914 1.2222862334116533e-49
55.36658654378072 1.2194191513358396e-49
55.53688629877545 1.2165686250247683e-49
55.707709871624225 1.2137344988617216e-49
55.87905887351642 1.2109166190284476e-49
56.05093492059708 1.208114833470669e-49
56.22333963398234 1.2053289918830441e-49
56.39627463977472 1.2025589457454475e-49
56.56974156907824 1.1998045481637668e-49
56.74374205801413 1.1970656539665754e-49
56.91827774773596 1.1943421196799666e-49
57.09335028444537 1.191633803517527e-49
57.26896131940738 1.1889405653433231e-49
57.44511250896619 1.1862622666147268e-49
57.62180551456053 1.1835987704395653e-49
57.79904200273962 1.1809499415320194e-49
57.976823645178634 1.1783156461044089e-49
58.155152118694666 1.1756957521077453e-49
58.3340291052624 1.1730901289882291e-49
58.51345629203011 1.1704986477224644e-49
58.693435371335376 1.1679211808312063e-49
58.8739680407213 1.1653576023317694e-49
59.05505600295234 1.1628077877342757e-49
59.23670096603037 1.16027161404425e-49
59.41890464321089 1.1577489597598057e-49
59.60166875301908 1.155239704893103e-49
59.78499501926614 1.152743730696677e-49
59.96888517106535 1.1502609199588312e-49
60.15334094284864 1.1477911568817856e-49
60.33836407438265 1.1453343269587185e-49
60.523956310785465 1.1428903172495974e-49
60.71011940254273 1.1404590160999338e-49
60.896855105524494 1.1380403131912879e-49
61.084165181001474 1.13563409945778e-49
61.27205139566193 1.133240267298891e-49
61.460515521628096 1.1308587103930116e-49
61.64955933647308 1.1284893236778548e-49
61.83918462323754 1.1261320033471709e-49
62.02939317044646 1.1237866468843824e-49
62.22018677212616 1.121453153025079e-49
62.41156722782101 1.1191314217218308e-49
62.603536342610674 1.1168213542816686e-49
62.79609592712682 1.114522853091015e-49
62.98924779757054 1.1122358215770183e-49
63.18299377572912 1.1099601644859396e-49
63.37733568899357 1.1076957876068057e-49
63.572275370375536 1.1054425979722485e-49
63.76781465852493 1.1032005039171874e-49
63.963955397746886 1.100969414760226e-49
64.16069943801956 1.0987492409682194e-49
64.35804863501119 1.0965398940716843e-49
64.55600485009793 1.0943412866293353e-49
64.75456995038124 1.0921533323229666e-49
64.9537458087054 1.0899759458845609e-49
65.15353430367547 1.0878090431000407e-49
65.35393731967467 1.0856525408054297e-49
65.55495674688247 1.0835063568489524e-49
65.75659448129208 1.081370410134436e-49
65.95885242472872 1.0792446205124191e-49
66.16173248486716 1.0771289088110894e-49
66.36523657525008 1.0750231968661283e-49
66.5693666153058 1.0729274074891677e-49
66.77412453036665 1.0708414644413606e-49
66.97951225168688 1.0687652924364793e-49
67.18553171646116 1.0666988171308471e-49
67.39218486784253 1.0646419651145635e-49
67.59947365496102 1.0625946638855562e-49
67.80740003294187 1.0605568418580464e-49
68.01596596292396 1.0585284283155041e-49
68.22517341207845 1.0565093533520181e-49
68.4350243536271 1.0544995482018368e-49
68.6455207668612 1.052498944825995e-49
68.85666463715985 1.0505074760474619e-49
69.06845795600913 1.0485250755466568e-49
69.2809027210204 1.0465516778522522e-49
69.4940009359496 1.0445872183249956e-49
69.7077546107158 1.0426316333046513e-49
69.92216576142037 1.0406848596891523e-49
70.13723641036589 1.0387468352543342e-49
70.35296858607528 1.0368174985959676e-49
70.56936432331085 1.034896789017396e-49
70.78642566309361 1.0329846468305971e-49
71.00415465272249 1.0310810129941437e-49
71.22255334579349 1.0291858292976547e-49
71.44162380221934 1.0272990382049306e-49
71.66136808824861 1.0254205828725642e-49
71.88178827648552 1.0235504072494543e-49
72.10288644590916 1.021688456013447e-49
72.32466468189345 1.0198346745405825e-49
72.54712507622644 1.0179890089130485e-49
72.77026972713034 1.016151405838521e-49
72.99410073928112 1.014321812760843e-49
73.21862022382852 1.0125001778853732e-49
73.4438302984158 1.0106864499973124e-49
73.66973308719987 1.0088805786178362e-49
73.89633072087112 1.0070825137280493e-49
74.12362533667374 1.005292206020612e-49
74.35161907842581 1.0035096067800422e-49
74.58031409653934 1.0017346679217119e-49
74.80971254804093 9.999673419715792e-50
75.03981659659158 9.982075819978045e-50
75.27062841250773 9.96455341570457e-50
75.50215017278116 9.947105750021735e-50
75.7343840610999 9.929732370507432e-50
75.96733226786866 9.912432832488445e-50
76.2009969902295 9.895206692552436e-50
76.4353804320826 9.87805351320092e-50
76.67048480410702 9.860972861750087e-50
76.90631232378153 9.843964310948667e-50
77.14286521540565 9.827027440233344e-50
77.38014571012033 9.810161832295833e-50
77.61815604592942 9.793367074330979e-50
77.85689846772044 9.776642758319587e-50
78.09637522728579 9.759988480487488e-50
78.33658858334425 9.74340384141732e-50
78.57754080156192 9.726888445796862e-50
78.81923415457389 9.710441902490716e-50
79.06167092200543 9.694063824861493e-50
79.30485339049379 9.677753829615492e-50
79.54878385370942 9.661511537172021e-50
79.79346461237786 9.645336571812381e-50
80.0388979743013 9.629228561633521e-50
80.28508625438054 9.613187138977997e-50
80.53203177463648 9.597211939437722e-50
80.7797368642324 9.58130260227302e-50
81.02820385949565 9.565458769704822e-50
81.27743510393981 9.549680087652091e-50
81.52743294828689 9.53396620510192e-50
81.77819975048915 9.518316775008062e-50
82.02973787575186 9.502731453256566e-50
82.28204969655508 9.487209897165544e-50
82.53513759267646 9.471751770813049e-50
82.78900395121332 9.456356739764588e-50
83.04365116660558 9.441024475599005e-50
83.29908164065793 9.425754647442899e-50
83.5552977825628 9.410546929515652e-50
83.81230200892281 9.395400999212152e-50
84.0700967437739 9.380316537537085e-50
84.32868441860778 9.365293228313135e-50
84.5880674723953 9.35033075542825e-50
84.848248351609 9.335428810550687e-50
85.10922951024668 9.320587087053149e-50
85.37101340985414 9.305805281715332e-50
85.63360251954849 9.291083091860911e-50
85.89699931604169 9.27642021829078e-50
86.16120628366347 9.261816366131576e-50
86.42622591438524 9.247271241468812e-50
86.69206070784317 9.23278455373567e-50
86.95871317136209 9.218356012350386e-50
87.22618581997891 9.20398533522803e-50
87.49448117646652 9.18967224096056e-50
87.76360177135744 9.175416454538162e-50
88.03355014296777 9.161217695652323e-50
88.30432883742108 9.147075690189317e-50
88.57594040867252 9.132990164626742e-50
88.84838741853278 9.118960853183209e-50
89.12167243669235 9.104987490266223e-50
89.39579804074576 9.091069813046391e-50
89.67076681621569 9.07720756107161e-50
89.9465813565778 9.063400476374714e-50
90.22324426328457 9.049648303590951e-50
90.50075814579054 9.035950790927351e-50
90.77912562157623 9.022307688915209e-50
91.05834931617343 9.008718750272284e-50
91.33843186318944 8.99518372993558e-50
91.61937590433249 8.981702385759464e-50
91.9011840894359 8.968274478127337e-50
92.18385907648393 8.954899769950277e-50
92.46740353163607 8.94157802671152e-50
92.75182012925282 8.928309016274663e-50
93.03711155192042 8.91509250925422e-50
93.32328049047648 8.901928279235079e-50
93.61032964403528 8.88881610067353e-50
93.89826172001302 8.875755751059066e-50
94.18707943415373 8.862747010582628e-50
94.47678551055449 8.849789662278168e-50
94.76738268169153 8.836883489959187e-50
95.05887368844557 8.824028282063503e-50
95.35126128012809 8.81122382911963e-50
95.6445482145068 8.79846992535185e-50
95.93873725783229 8.785766363393412e-50
96.23383118486336 8.773112939492513e-50
96.52983277889383 8.760509452818316e-50
96.8267448317784 8.747955706327731e-50
97.1245701439592 8.73545150458919e-50
97.42331152449208 8.722996653808962e-50
97.72297179107315 8.710590962598381e-50
98.02355377006542 8.698234241694457e-50
98.32506029652522 8.685926305047998e-50
98.62749421422934 8.6736669694831e-50
98.9308583757014 8.66145605266397e-50
99.23515564223916 8.649293373855165e-50
99.5403888839412 8.637178740062896e-50
99.84656097973422 8.625111995069164e-50
100.15367481739995 8.613092968132785e-50
100.46173329360268 8.601121486807953e-50
100.77073931391637 8.589197377421465e-50
101.08069579285193 8.577320473121937e-50
101.39160565388528 8.565490609122866e-50
101.70347182948424 8.553707622662942e-50
102.01629726113649 8.541971352985182e-50
102.33008489937752 8.530281641291644e-50
102.64483770381803 8.518638330717492e-50
102.96055864317213 8.507041266289399e-50
103.2772506952852 8.495490294895227e-50
103.59491684716237 8.483985265237067e-50
103.91356009499596 8.472526027806936e-50
104.2331834441944 8.461112434839121e-50
104.55378990941009 8.449744340277344e-50
104.87538251456849 8.438421599735608e-50
105.19796429289586 8.427144070463782e-50
105.52153828694836 8.415911611311339e-50
105.84610754864048 8.404724082685251e-50
106.17167513927431 8.393581346530411e-50
106.49824412956777 8.382483266281603e-50
106.82581759968384 8.3714297068398655e-50
107.15439863925997 8.360420534540628e-50
107.48399034743657 8.349455617121763e-50
107.81459583288672 8.338534823705747e-50
108.14621821384516 8.327658024760005e-50
108.47886061813821 8.316825092088752e-50
108.81252618321273 8.306035898800056e-50
109.14721805616583 8.295290319291519e-50
109.48293939377469 8.284588229231867e-50
109.81969336252656 8.273929505540165e-50
110.157483138648 8.263314026377776e-50
110.49631190813543 8.252741671133676e-50
110.83618286678464 8.242212320411998e-50
111.17709922022172 8.23172585602049e-50
111.5190641839324 8.221282160966466e-50
111.8620809832928 8.210881119450368e-50
112.2061528536002 8.200522616850744e-50
112.5512830401028 8.190206539734788e-50
112.89747479803096 8.179932775839553e-50
113.24473139262736 8.169701214079938e-50
113.59305609917864 8.159511744540503e-50
113.94245220304528 8.149364258473764e-50
114.29292299969325 8.1392586483041845e-50
114.64447179472472 8.129194807619983e-50
114.99710190390984 8.119172631178999e-50
115.35081665321724 8.109192014905087e-50
115.7056193788458 8.099252855890529e-50
116.06151342725607 8.089355052393496e-50
116.41850215520212 8.079498503841865e-50
116.77658892976255 8.069683110829536e-50
117.1357771283728 8.059908775123594e-50
117.49607013885662 8.050175399658821e-50
117.85747135945864 8.040482888541122e-50
118.21998419887566 8.0308311470523685e-50
118.58361207628909 8.021220081644473e-50
118.94835842139769 8.011649599949877e-50
119.314226674449 8.002119610776442e-50
119.68122028627256 7.992630024112887e-50
120.04934271831192 7.983180751133051e-50
120.418597442658 7.973771704193182e-50
120.78898794208092 7.964402796841326e-50
121.16051771006347 7.955073943816095e-50
121.5331902508338 7.945785061051156e-50
121.9070090793989 7.936536065682143e-50
122.28197772157706 7.927326876041441e-50
122.65809971403164 7.918157411673823e-50
123.03537860430409 7.909027593329658e-50
123.413817950848 7.899937342973541e-50
123.79342132306192 7.890886583787031e-50
124.17419230132332 7.881875240168152e-50
124.55613447702277 7.8729032377337785e-50
124.93925145259708 7.863970503326806e-50
125.32354684156378 7.855076965008732e-50
125.70902426855496 7.846222552062561e-50
126.09568736935192 7.837407194993323e-50
126.48353979091868 7.828630825522222e-50
126.87258519143704 7.819893376583091e-50
127.2628272403406 7.811194782322825e-50
127.65426961835011 7.802534978087299e-50
128.0469160175072 7.793913900418545e-50
128.44077014120992 7.785331487045951e-50
128.83583570424727 7.776787676874356e-50
129.2321164328348 7.768282409974236e-50
129.62961606464899 7.75981562756807e-50
130.0283383488629 7.751387272017862e-50
130.42828704618185 7.742997286809546e-50
130.82946592887822 7.73464561653845e-50
131.2318787808275 7.726332206893419e-50
131.63552939754365 7.718057004640719e-50
132.04042158621553 7.709819957605041e-50
132.44655916574197 7.701621014656468e-50
132.85394596676832 7.693460125689446e-50
133.26258583172236 7.685337241609352e-50
133.6724826148509 7.677252314313362e-50
134.0836401822557 7.669205296678329e-50
134.49606241192996 7.661196142542575e-50
134.90975319379507 7.65322480669108e-50
135.32471642973763 7.645291244846655e-50
135.74095603364552 7.637395413653677e-50
136.1584759314451 7.629537270667993e-50
136.57728006113885 7.621716774346696e-50
136.99737237284143 7.6139338840410725e-50
137.41875682881772 7.606188559987614e-50
137.84143740351985 7.59848076330168e-50
138.26541808362512 7.590810455970507e-50
138.69070286807295 7.583177600855313e-50
139.11729576810305 7.575582161680422e-50
139.54520080729299 7.568024103036339e-50
139.97442202159667 7.560503390377798e-50
140.40496345938166 7.553019990020265e-50
140.8368291814678 7.5455738691461e-50
141.2700232611654 7.538164995799298e-50
141.704549784314 7.530793338891784e-50
142.14041284932023 7.523458868203269e-50
142.5776165671969 7.516161554384477e-50
143.01616506160204 7.508901368960054e-50
143.45606246887704 7.501678284330493e-50
143.89731293808623 7.494492273777515e-50
144.33992063105592 7.487343311467729e-50
144.78388972241373 7.480231372455675e-50
145.22922439962764 7.4731564326884595e-50
145.67592886304573 7.466118469010249e-50
146.12400732593562 7.459117459168252e-50
146.5734640145248 7.452153381816472e-50
147.0243031680396 7.445226216521089e-50
147.47652903874572 7.438335943767397e-50
147.93014589198813 7.431482544965263e-50
148.38515800623176 7.424666002452689e-50
148.84156967310113 7.417886299506086e-50
149.29938519742117 7.411143420343426e-50
149.75860889725823 7.404437350131714e-50
150.21924510396002 7.397768074993288e-50
150.681298162197 7.391135582012002e-50
151.1447724300031 7.384539859238937e-50
151.60967227881727 7.377980895698956e-50
152.07600209352418 7.371458681393088e-50
152.54376627249565 7.364973207307812e-50
153.01296922763228 7.35852446541373e-50
153.48361538440548 7.352112448673137e-50
153.95570918189827 7.345737151040347e-50
154.42925507284795 7.33939856746184e-50
154.9042575236875 7.3330966938796375e-50
155.38072101458854 7.3268315272283425e-50
155.85865003950255 7.320603065434022e-50
156.33804910620387 7.314411307411978e-50
156.81892273633255 7.308256253061071e-50
157.301275465436 7.302137903261137e-50
157.78511184301254 7.296056259866861e-50
158.270436432554 7.290011325700667e-50
158.75725381158924 7.284003104546012e-50
159.24556857172655 7.27803160113917e-50
159.73538531869752 7.272096821162813e-50
160.2267086724001 7.266198771235987e-50
160.71954326694285 7.260337458909508e-50
161.2138937506878 7.254512892652348e-50
161.70976478629476 7.2487250818498275e-50
162.2071610507651 7.242974036793208e-50
162.7060872354865 7.237259768673134e-50
163.2065480462761 7.23158228957486e-50
163.70854820342555 7.225941612471858e-50
164.2120924417459 7.220337751222988e-50
164.71718551061133 7.214770720566354e-50
165.2238321740045 7.209240536120552e-50
165.73203721056143 7.203747214379163e-50
166.24180541361685 7.198290772711914e-50
166.7531415912487 7.192871229364549e-50
167.26605056632403 7.187488603457784e-50
167.7805371765442 7.182142914992404e-50
168.29660627449107 7.176834184847326e-50
168.81426272767203 7.171562434785357e-50
169.3335114185662 7.166327687454242e-50
169.85435724467047 7.161129966392271e-50
170.3768051185462 7.155969296031041e-50
170.90085996786456 7.150845701701535e-50
171.4265267354535 7.145759209636611e-50
171.95381037934513 7.14070984697906e-50
172.482715872821 7.13569764178586e-50
173.01324820446 7.13072262303332e-50
173.54541237818515 7.125784820623949e-50
174.07921341331115 7.120884265393618e-50
174.614656344591 7.116020989116922e-50
175.151746222264 7.111195024515536e-50
175.69048811210317 7.106406405263422e-50
176.23088709546357 7.101655165996209e-50
176.7729482693293 7.096941342317039e-50
177.3166767463622 7.09226497080505e-50
177.86207765494987 7.087626089022095e-50
178.40915613925446 7.083024735520112e-50
178.95791735926042 7.0784609498492665e-50
179.50836649082353 7.073934772563438e-50
180.06050872572033 7.069446245225846e-50
180.614349271696 7.064995410416672e-50
181.16989335251407 7.0605823117368955e-50
181.72714620800568 7.0562069938133765e-50
182.28611309411923 7.05186950230117e-50
182.84679928296927 7.047569883887468e-50
183.4092100628868 7.043308186292409e-50
183.9733507384688 7.039084458270898e-50
184.5392266306289 7.034898749611554e-50
185.10684307664653 7.030751111137694e-50
185.6762054302183 7.026641594703671e-50
186.24731906150748 7.022570253195122e-50
186.820189357196 7.018537140525989e-50
187.39482172053377 7.014542311633485e-50
187.9712215713904 7.010585822479487e-50
188.5493943463068 7.00666773004438e-50
189.1293454985453 7.002788092324886e-50
189.711080498142 6.998946968332226e-50
190.29460483195763 6.995144418089654e-50
190.87992400373057 6.991380502631244e-50
191.4670435341272 6.987655284000141e-50
192.0559689607948 6.9839688252491815e-50
192.64670583841368 6.980321190440566e-50
193.23925973874992 6.976712444647227e-50
193.8336362507072 6.973142653954449e-50
194.42984098037985 6.96961188546205e-50
195.02787955110563 6.966120207288779e-50
195.62775760351963 6.962667688574338e-50
196.22948079560595 6.959254399484168e-50
196.83305480275192 6.955880411215644e-50
197.43848531780208 6.952545796001607e-50
198.0457780511109 6.94925062711664e-50
198.65493873059717 6.945994978882911e-50
199.26597310179767 6.942778926677563e-50
199.87888692792257 6.939602546939047e-50
200.49368598990787 6.936465917173444e-50
201.1103760864713 6.933369115962359e-50
201.72896303416633 6.930312222971995e-50
202.34945266743807 6.9272953189583705e-50
202.9718508386768 6.924318485778799e-50
203.59616341827427 6.921381806397369e-50
204.22239629467836 6.918485364894636e-50
204.85055537444964 6.915629246476691e-50
205.48064658231587 6.912813537482711e-50
206.1126758612284 6.910038325393944e-50
206.74664917241887 6.907303698842107e-50
207.38257249545416 6.904609747616686e-50
208.02045182829377 6.901956562671522e-50
208.66029318734567 6.899344236133732e-50
209.3021026075243 6.896772861309071e-50
209.94588614230585 6.89424253268632e-50
210.59164986378633 6.891753345943954e-50
211.23939986273865 6.889305397952886e-50
211.88914224867045 6.886898786781343e-50
212.54088314988087 6.884533611695552e-50
213.1946287135191 6.882209973164009e-50
213.8503851056417 6.879927972857804e-50
214.50815851127183 6.877687713652993e-50
215.16795513445632 6.875489299629654e-50
215.82978119832475 6.87333283607543e-50
216.4936429451488 6.871218429485181e-50
217.15954663639988 6.869146187560881e-50
217.8274985528089 6.867116219216694e-50
218.49750499442527 6.865128634577032e-50
219.1695722806772 6.86318354498126e-50
219.84370675042967 6.861281062984842e-50
220.5199147620456 6.859421302365259e-50
221.19820269344487 6.85760437812483e-50
221.87857694216584 6.855830406493905e-50
222.56104392542383 6.854099504938943e-50
223.24561008017315 6.852411792166225e-50
223.9322818631668 6.850767388129364e-50
224.62106575101856 6.849166414036412e-50
225.31196824026276 6.847608992355476e-50
226.00499584741607 6.846095246823728e-50
226.7001551090397 6.844625302455387e-50
227.3974525817999 6.8431992855506005e-50
228.09689484253028 6.841817323702229e-50
228.79848848829369 6.840479545806242e-50
229.5022401364454 6.839186082072268e-50
230.20815642469395 6.837937064031452e-50
230.9162440111648 6.836732624545833e-50
231.6265095744625 6.835572897819988e-50
232.33895981373487 6.834458019410946e-50
233.05360144873475 6.833388126235133e-50
233.770441219884 6.832363356582572e-50
234.48948588833687 6.831383850124493e-50
235.2107422360448 6.830449747920862e-50
235.93421706581876 6.829561192433996e-50
236.6599172013941 6.82871832753217e-50
237.387849487496 6.82792129849995e-50
238.11802078990192 6.827170252046146e-50
238.8504379955081 6.826465336307613e-50
239.58510801239348 6.825806700859629e-50
240.322037769886 6.8251944967167875e-50
241.0612342186264 6.824628876341846e-50
241.80270433063515 6.824109993648831e-50
242.54645509937717 6.823638004006927e-50
243.2924935398289 6.823213064245627e-50
244.0408266885436 6.8228353326604955e-50
244.7914616037177 6.822504969014475e-50
245.5444053652576 6.822222134545991e-50
246.29966507484727 6.821986991972948e-50
247.05724785601367 6.821799705497512e-50
247.8171608541948 6.821660440812827e-50
248.5794112368075 6.821569365110945e-50
249.34400619331407 6.821526647088922e-50
250.1109529352908 6.821532456956298e-50
250.8802586964954 6.821586966444053e-50
251.6519307329364 6.821690348813502e-50
252.42597632294004 6.821842778865196e-50
253.20240276721992 6.822044432947643e-50
253.98121738894528 6.822295488970381e-50
254.7624275338112 6.822596126410253e-50
255.54604057010633 6.822946526325547e-50
256.3320638887833 6.823346871365643e-50
257.12050490352823 6.823797345782063e-50
257.91137105083106 6.824298135441469e-50
258.70466979005494 6.824849427835714e-50
259.50040860350674 6.825451412096229e-50
260.29859499650854 6.826104279002408e-50
261.0992364974674 6.826808220997583e-50
261.90234065794635 6.827563432197948e-50
262.70791505273604 6.828370108405483e-50
263.5159672799269 6.829228447118275e-50
264.32650496097904 6.830138647543403e-50
265.1395357407955 6.831100910603579e-50
265.95506728779367 6.832115438950667e-50
266.7731072939787 6.8331824369735435e-50
267.59366347501435 6.834302110806483e-50
268.4167435702971 6.835474668338383e-50
269.24235534302835 6.83670031922043e-50
270.0705065802888 6.837979274874744e-50
270.9012050931104 6.8393117485013015e-50
271.7344587165505 6.840697955087229e-50
272.57027530976706 6.842138111414242e-50
273.40866275609073 6.843632436065866e-50
274.2496289631004 6.845181149439398e-50
275.0931818626974 6.846784473752166e-50
275.93932941118123 6.848442633052893e-50
276.78807958932293 6.850155853231514e-50
277.63944040244166 6.851924362031085e-50
278.49341988047945 6.853748389056667e-50
279.3500260780782 6.855628165789744e-50
280.2092670746538 6.857563925599657e-50
281.0711509744736 6.859555903754861e-50
281.93568590673226 6.861604337438542e-50
282.8028800256296 6.863709465760738e-50
283.67274151044563 6.86587152977159e-50
284.5452785656187 6.868090772477404e-50
285.42049942082366 6.870367438853184e-50
286.29841233104804 6.872701775858641e-50
287.1790255766705 6.875094032452467e-50
288.06234746353886 6.877544459607791e-50
288.9483863230495 6.880053310326724e-50
289.83715051222384 6.882620839654438e-50
290.7286484137889 6.885247304696244e-50
291.62288843625527 6.887932964628672e-50
292.51987901399804 6.89067808071597e-50
293.41962860733406 6.893482916322837e-50
294.32214570260345 6.896347736927444e-50
295.2274388122486 6.8992728101351245e-50
296.13551647489606 6.90225840568958e-50
297.04638725543504 6.905304795487554e-50
297.960059745099 6.908412253589262e-50
298.87654256154786 6.911581056232457e-50
299.7958443489473 6.914811481844322e-50
300.71797377805143 6.91810381105477e-50
301.64293954628425 6.921458326710182e-50
302.5707503778225 6.924875313887327e-50
303.5014150236765 6.928355059908674e-50
304.4349422617737 6.931897854355219e-50
305.3713408970408 6.935503989086633e-50
306.31061976148834 6.939173758253407e-50
307.2527877142917 6.942907458315635e-50
308.19785364187624 6.946705388060911e-50
309.1458264580005 6.950567848622393e-50
310.09671510384123 6.954495143495988e-50
311.0505285480761 6.958487578563097e-50
312.0072757869692 6.962545462106299e-50
312.9669658444568 6.966669104831943e-50
313.9296077722305 6.970858819890868e-50
314.8952106498239 6.975114922898948e-50
315.86378358469784 6.979437731958276e-50
316.8353357123271 6.983827567679111e-50
317.8098761962852 6.9882847532017835e-50
318.7874142283315 6.992809614219253e-50
319.76795902849796 6.997402478997583e-50
320.7515198451767 7.002063678398737e-50
321.7381059552058 7.006793545903317e-50
322.72772666395787 7.011592417632522e-50
323.7203913054271 7.0164606323697385e-50
324.71610924231885 7.021398531584941e-50
325.7148898661357 7.026406459457622e-50
326.7167425972672 7.031484762900657e-50
327.72167688507983 7.036633791585539e-50
328.72970220800374 7.041853897969521e-50
329.7408280736239 7.04714543732218e-50
330.75506401876873 7.052508767754028e-50
331.77241960960185 7.05794425024761e-50
332.7929044417099 7.063452248688648e-50
333.81652814019435 7.069033129900215e-50
334.84330035976205 7.074687263677364e-50
335.8732307848173 7.080415022824476e-50
336.90632912955107 7.086216783195046e-50
337.9426051380344 7.092092923731922e-50
338.9820685843091 7.098043826512153e-50
340.02472927248186 7.104069876791891e-50
341.0705970368141 7.110171463056163e-50
342.1196817418162 7.116348977069267e-50
343.1719932823413 7.122602813929451e-50
344.22754158367684 7.12893337212746e-50
345.2863366016392 7.135341053605278e-50
346.3483883226671 7.141826263822446e-50
347.41370676391733 7.148389411825231e-50
348.48230197335687 7.155030910318306e-50
349.55418402985924 7.161751175744676e-50
350.6293630432986 7.168550628368356e-50
351.70784915464685 7.175429692367586e-50
352.7896525360671 7.182388795930468e-50
353.8747833910108 7.189428371363386e-50
354.9632519543134 7.1965488552073475e-50
356.0550684922925 7.203750688365589e-50
357.15024330284217 7.211034316243026e-50
358.2487867155314 7.218400188900748e-50
359.35070909170264 7.225848761227521e-50
360.45602082456713 7.233380493125662e-50
361.5647323393046 7.240995849721895e-50
362.6768540931607 7.248695301597909e-50
363.79239657554734 7.25647932505129e-50
364.9113703081391 7.26434840238189e-50
366.03378584497426 7.272303022218255e-50
367.1596537725532 7.280343679879977e-50
368.28898470994034 7.288470877788123e-50
369.42178930886155 7.29668512592739e-50
370.558078253806 7.304986942371799e-50
371.6978622621269 7.313376853879759e-50
372.84115208414346 7.321855396573478e-50
373.9879585032402 7.330423116715901e-50
375.13829233596965 7.339080571601875e-50
376.292164432156 7.347828330585123e-50
377.4495856749946 7.356666976262765e-50
378.6105669811562 7.3655971058534765e-50
379.7751193008897 7.374619332798724e-50
380.94325361812616 7.383734288636167e-50
382.1149809505808 7.392942625201009e-50
383.29031234985786 7.402245017216764e-50
384.46925890155455 7.411642165368539e-50
385.6518317253671 7.421134799952916e-50
386.8380419751929 7.430723685245987e-50
388.02790083923753 7.440409624745404e-50
389.22141954011977 7.450193467501651e-50
390.41860933497856 7.46007611580331e-50
391.6194815155771 7.470058534564939e-50
392.8240474084104 7.480141762854724e-50
394.0323183748134 7.490326928156995e-50
395.24430581106566 7.500615264126908e-50
396.46002114850046 7.511008132864427e-50
397.67947585361185 7.521507053071517e-50
398.9026814281644 7.5321137359497405e-50
400.12964940929936 7.5428301313815185e-50
401.3603913696448 7.5536584879094315e-50
402.5949189174243 7.564601431460432e-50
403.8332436965678 7.575662069843593e-50
405.0753773868192 7.586844133160423e-50
406.321331703848 7.59815216501529e-50
407.57111839935897 7.609591786716017e-50
408.8247492612047 7.621170068243298e-50
410.0822361134944 7.632896058428e-50
411.3435908167064 7.64478155770749e-50
412.6088252678016 7.656842269446522e-50
413.8779514003329 7.669099558151195e-50
415.1509811845596 7.681583210624462e-50
416.4279266275592 7.694335913016999e-50
417.7087997733428 7.707420782967144e-50
418.9936127029658 7.720934599736375e-50
420.2823775346436 7.7350322601144e-50
421.5751064238651 7.749974853227337e-50
422.87181156350897 7.766231594043842e-50
424.17250518395633 7.784717642880615e-50
425.4771995532074 7.807422976864199e-50
426.78590697699696 7.839388243305609e-50
428.0986397989113 7.89672735890681e-50
429.41541040050294 8.057100112056348e-50
430.7362312014081 9.375487207444258e-50
432.0611146594654 1.2989533942615924e-49
433.39007327083056 8.198900341509882e-50
434.7231195700964 7.980110372564561e-50
436.0602661304097 7.935997686556943e-50
437.4015255635919 7.927153868710876e-50
438.7469105202552 7.929955190182648e-50
440.0964336899237 7.937734832690261e-50
441.45010780115246 7.948028654417373e-50
442.80794562164886 7.959756200908567e-50
444.16995995839056 7.97238391232351e-50
445.5361636577485 7.98562412724444e-50
446.9065696056063 7.99931093477686e-50
448.2811907274842 8.013343404329355e-50
449.66003998865847 8.027657439231855e-50
451.0431303942845 8.042210880874708e-50
452.43047498952086 8.056975189192354e-50
453.8220868596501 8.071930581013779e-50
455.2179791302035 8.087063077310027e-50
456.6181649670844 8.102362649068503e-50
458.02265757669375 8.117822018695215e-50
459.43147020605215 8.1334358651090175e-50
460.84461614292667 8.149200284449648e-50
462.26210871595526 8.165112416715273e-50
463.68396129477406 8.181170182518887e-50
465.1101872901412 8.197372094400468e-50
466.54080015406464 8.213717119545406e-50
467.9758133799284 8.230204578527093e-50
469.4152405026216 8.2468340696908e-50
470.8590950986634 8.263605412024503e-50
472.30739078633246 8.28051860154956e-50
473.76014122579664 8.297573777703382e-50
475.2173601192392 8.314771197191265e-50
476.67906121098974 8.332111213485722e-50
478.1452582876531 8.349594260635518e-50
479.61596517824114 8.367220840401717e-50
481.0911957543004 8.384991511993272e-50
482.57096393004457 8.402906883874294e-50
484.05528366248546 8.420967607278017e-50
485.54416895156567 8.439174371236378e-50
487.0376338402885 8.457527899177205e-50
488.5356924148518 8.4760289477029e-50
490.03835880478016 8.494678309819301e-50
491.54564718306005 8.513476831375806e-50
493.05757176627066 8.532425485138389e-50
494.5741468147192 8.551525904476867e-50
496.09538663257695 8.570089363381873e-50
497.6213055680117 8.590172681899908e-50
499.15191801332435 8.60973032451747e-50
500.6872384050839 8.629441094957324e-50
502.22728122426594 8.649306686572131e-50
503.77206099638573 8.669328174753284e-50
505.321592291638 8.68950654114929e-50
506.8758897250319 8.709842748423025e-50
508.4349679565325 8.73033775868102e-50
509.99884169119525 8.750992539412672e-50
511.56752567930647 8.771808065709831e-50
513.141034716522 8.792785321162104e-50
514.7193836440085 8.813925298214319e-50
516.3025873485803 8.835228998297178e-50
517.8906607628417 8.85669743185202e-50
519.4836188653287 8.878331618309633e-50
521.0814766806482 8.900132586054576e-50
522.6842492796205 8.922101372380276e-50
524.2919517794217 8.944239023452643e-50
525.9045993437272 8.966546594273683e-50
527.5222071828526 8.989025148657148e-50
529.1447905538986 9.011675759209316e-50
530.7723647608939 9.034499507317309e-50
532.4049451549422 9.057497483147153e-50
534.042547134363 9.080670785644922e-50
535.6851861448395 9.104020522547102e-50
537.3328776795632 9.127547810395718e-50
538.9856372793822 9.151253774556528e-50
540.6434805329441 9.175139549245686e-50
542.3064230768449 9.199206277557372e-50
543.9744805957787 9.223455111494667e-50
545.6476688226816 9.247887212008772e-50
547.3260035388819 9.27250374903608e-50
549.0095005742496 9.297305901541118e-50
550.6981758073459 9.322294857564631e-50
552.3920451655712 9.34747181426775e-50
554.0911246253162 9.372837977987559e-50
555.7954302121126 9.398394564288335e-50
557.5049780007859 9.424142798018271e-50
559.2197841156038 9.450083913369619e-50
560.9398647304307 9.476219153936239e-50
562.6652360688786 9.502549772775682e-50
564.3959144044629 9.529077032477063e-50
566.1319160607526 9.55580220522002e-50
567.8732574115251 9.582726572846754e-50
569.6199548809233 9.609851426925206e-50
571.3720249436066 9.637178068821214e-50
573.1294841249089 9.664707809766732e-50
574.8923490009928 9.692441970931694e-50
576.6606361990088 9.720381883496974e-50
578.4343623972483 9.74852888872878e-50
580.2135443253031 9.77688433805312e-50
581.9981987642227 9.80544959313266e-50
583.7883425466744 9.83422602594657e-50
585.5839925570982 9.863215018868988e-50
587.3851657318695 9.892417964747707e-50
589.1918790594564 9.921836266989518e-50
591.0041495805831 9.951471339640847e-50
592.821994388387 9.981324607470077e-50
594.6454306285815 1.0011397506055502e-49
596.4744754996194 1.0041691481867931e-49
598.309146252852 1.007220799235774e-49
600.1494601926935 1.0102948506040346e-49
601.9954346767838 1.0133914502587853e-49
603.8470871161541 1.0165107472913673e-49
605.7044349753876 1.0196528919264581e-49
607.5674957727869 1.0228180355314034e-49
609.4362870805372 1.026006330625033e-49
611.310826524876 1.0292179308874777e-49
613.1911317862539 1.0324529911692816e-49
615.0772205995053 1.0357116675012705e-49
616.9691107540133 1.0389941171041323e-49
618.866820093881 1.0423004983981865e-49
620.770366518095 1.045630971013373e-49
622.6797679806971 1.0489856957989693e-49
624.5950424909548 1.052364834834034e-49
626.516208113528 1.0557685514371103e-49
628.4432829686409 1.0591970101767755e-49
630.376285232253 1.0626503768818517e-49
632.3152331362321 1.0661288186516835e-49
634.2601449685226 1.0696325038671222e-49
636.2110390733208 1.0731616022007788e-49
638.1679338512463 1.0767162846281368e-49
640.1308477595187 1.0802967234383983e-49
642.0997993121273 1.0839030922456126e-49
644.0748070800082 1.0875355659997724e-49
646.0558896912187 1.091194320998132e-49
648.0430658311151 1.0948795348967493e-49
650.0363542425255 1.0985913867217576e-49
652.035773725928 1.1023300568810985e-49
654.0413431396306 1.1060957271761912e-49
656.0530813999444 1.1098885808138033e-49
658.0710074813653 1.1137088024177123e-49
660.0951404167514 1.1175565780411967e-49
662.1254992975051 1.1214320951789011e-49
664.1621032737492 1.1253355427794721e-49
666.2049715545102 1.129267111257709e-49
668.2541234078983 1.133226992507569e-49
670.3095781612917 1.1372153799147403e-49
672.3713552015147 1.141232468369696e-49
674.4394739750234 1.1452784542806077e-49
676.5139539880879 1.1493535355867352e-49
678.5948148069788 1.153457911771645e-49
680.6820760581476 1.1575917838765201e-49
682.7757574284142 1.1617553545140173e-49
684.8758786651541 1.1659488278817829e-49
686.9824595764812 1.1701724097766114e-49
689.0955200314371 1.1744263076082796e-49
691.2150799601765 1.1787107304140047e-49
693.3411593541589 1.1830258888729394e-49
695.4737782663326 1.1873719953206508e-49
697.6129568113265 1.1917492637643003e-49
699.7587151656389 1.1961579098975373e-49
701.9110735678297 1.200598151115765e-49
704.0700523187081 1.2050702065316598e-49
706.2356717815259 1.2095742969909622e-49
708.4079523821691 1.21411064508829e-49
710.5869146093529 1.2186794751832308e-49
712.7725790148105 1.223281013416984e-49
714.9649662134896 1.2279154877289424e-49
717.1640968837484 1.232583127873864e-49
719.3699917675469 1.2372841654392741e-49
721.5826716706451 1.2420188338631773e-49
723.8021574627977 1.2467873684525147e-49
726.0284700779541 1.2515900064014882e-49
728.2616305144513 1.2564269868110962e-49
730.501659835215 1.2612985507086181e-49
732.7485791679567 1.2662049410677242e-49
735.0024097053758 1.2711464028298805e-49
737.2631727053555 1.2761231829254235e-49
739.5308894911661 1.2811355302966999e-49
741.8055814516637 1.2861836959212463e-49
744.0872700414964 1.2912679328367193e-49
746.3759767813018 1.2963884961670441e-49
748.6717232579109 1.3015456431499547e-49
750.9745311245558 1.3067396331666148e-49
753.2844221010688 1.3119707277733705e-49
755.6014179740888 1.317239190736245e-49
757.9255405972682 1.3225452880680148e-49
760.2568118914788 1.327889288069803e-49
762.5952538450173 1.3332714613766184e-49
764.9408885138126 1.3386920810086332e-49
767.2937380216342 1.3441514224297831e-49
769.653824560304 1.3496497636139712e-49
772.0211703898998 1.3551873851229139e-49
774.3957978389693 1.3607645701966953e-49
776.7777293047387 1.3663816048618878e-49
779.1669872533275 1.3720387780609404e-49
781.563594219955 1.3777363818098417e-49
783.9675728091565 1.3834747113921715e-49
786.378945694997 1.389254065601231e-49
788.7977356212816 1.3950747470455977e-49
791.2239654017734 1.400937062540033e-49
793.6576579204061 1.4068413236125728e-49
796.0988361315038 1.4127878471710675e-49
798.5475230599922 1.4187769563919891e-49
801.0037418016195 1.4248089819244002e-49
803.4675155231719 1.4308842635464482e-49
805.9388674626963 1.4370031524852927e-49
808.4178209297139 1.443166014727469e-49
810.904399305443 1.449373235840231e-49
813.3986260430189 1.4556252281575013e-49
815.9005246677181 1.4619224417634371e-49
818.4101187771744 1.4682653817713661e-49
820.9274320416051 1.4746546364076317e-49
823.4524882040358 1.4810909244092825e-49
825.9853110805203 1.4875751786134851e-49
828.5259245603676 1.4941087012563222e-49
831.0743526063659 1.5006934712133657e-49
833.6306192550123 1.5073328008022388e-49
836.1947486167343 1.5140328847280405e-49
838.7667648761203 1.5208069565213481e-49
841.3466922921463 1.527688627553031e-49
843.9345551984078 1.5347879075483115e-49
846.5303780033449 1.542667359628755e-49
849.134185190475 1.5609146085310823e-49
851.7460013186229 1.5728477436933043e-49
854.3658510221549 1.5636278357858216e-49
856.9937590112065 1.5695467433842079e-49
859.629750071919 1.5763501960524965e-49
862.273849066674 1.5833848526717687e-49
864.9260809343239 1.5905318390863352e-49
867.5864706904307 1.597756703009425e-49
870.255043427499 1.6050466881407047e-49
872.9318243152179 1.6123963403547309e-49
875.6168386006917 1.6198031359470555e-49
878.3101116086825 1.6272658843824603e-49
881.0116687418467 1.6347840620103141e-49
883.7215354809781 1.6423575047811206e-49
886.4397373852433 1.6499862548908386e-49
889.1663000924262 1.6576704792036833e-49
891.9012493191683 1.6654104235075345e-49
894.6446108612139 1.6732063857017294e-49
897.3964105936489 1.6810586994776354e-49
900.1566744711473 1.688967724059144e-49
902.9254285282191 1.6969338375688415e-49
905.7026988794493 1.7049574326324856e-49
908.488511719749 1.7130389134038146e-49
911.2828933246002 1.721178693513276e-49
914.0858700503072 1.7293771946309804e-49
916.89746833424 1.7376348454456642e-49
919.7177146950866 1.745952080931452e-49
922.5466357331024 1.7543293418164965e-49
925.384258130364 1.7627670741953423e-49
928.2306086510154 1.7712657292449882e-49
931.0857141415241 1.77982576301783e-49
933.9496015309328 1.7884476362897744e-49
936.8222978311168 1.7971318144518597e-49
939.7038301370336 1.80587876743304e-49
942.5942256269801 1.814688969647954e-49
945.4935115628542 1.823562899963485e-49
948.4017152904024 1.8325010416802667e-49
951.3188642394861 1.8415038825255273e-49
954.2449859243344 1.8505719146557752e-49
957.18010794381 1.859705634666436e-49
960.1242579816627 1.8689055436079263e-49
963.0774638067949 1.87817214700689e-49
966.0397532735202 1.8875059548915635e-49
969.0111543218321 1.896907481821593e-49
971.9916949776605 1.9063772469221914e-49
974.9814033531388 1.9159157739228024e-49
977.9803076468704 1.9255235912073135e-49
980.988436144195 1.935201231886929e-49
984.0058172174512 1.9449492339559052e-49
987.0324793262477 1.9547681408628384e-49
990.0684510177329 1.964658506682045e-49
993.1137609268602 1.974620801142564e-49
996.1684377766602 1.9846557507192764e-49
999.2325103785107 1.9947637928679125e-49
1002.3060076324124 2.0049455204391083e-49
1005.3889585272552 2.015201507101583e-49
1008.4813921410956 2.0255323301791674e-49
1011.5833376414292 2.0359385718098587e-49
1014.6948242854696 2.0464208191932466e-49
1017.8158814204186 2.0569796646951675e-49
1020.9465384837464 2.0676157059182498e-49
1024.086825003468 2.0783295457607007e-49
1027.2367705984257 2.0891217924723287e-49
1030.3964049785611 2.0999930597089674e-49
1033.5657579452006 2.110943966586838e-49
1036.7448593913375 2.1219751377371068e-49
1039.933739301909 2.133087203360631e-49
1043.1324277540828 2.1442807992841707e-49
1046.3409549175383 2.155556567015831e-49
1049.559351054755 2.166915153802338e-49
1052.7876465212946 2.1783572126867428e-49
1056.0258717660868 2.189883402566332e-49
1059.2740573317185 2.2014943882521263e-49
1062.5322338547232 2.2131908405280724e-49
1065.8004320658658 2.2249734362123864e-49
1069.078682790435 2.236842858218264e-49
1072.367016948534 2.24879979561633e-49
1075.6654655553727 2.2608449436977295e-49
1078.9740597215584 2.2729790040385564e-49
1082.292830653389 2.285202684564038e-49
1085.6218096531522 2.297516699615522e-49
1088.9610281194139 2.309921770016685e-49
1092.310517547318 2.322418623142431e-49
1095.6703095288829 2.3350079929879405e-49
1099.040435753302 2.347690620239872e-49
1102.420928007237 2.3604672523486347e-49
1105.8118181751227 2.3733386436022545e-49
1109.2131382394637 2.386305555202502e-49
1112.624920281142 2.3993687553431712e-49
1116.0471964797132 2.412529019290072e-49
1119.4799991137127 2.4257871294650094e-49
1122.923360560959 2.4391438755322548e-49
1126.3773132988647 2.452600054489364e-49
1129.841889904734 2.4661564707633012e-49
1133.317123056074 2.479813936312041e-49
1136.8030455309076 2.493573270733832e-49
1140.2996902080736 2.5074353013862288e-49
1143.8070900675439 2.521400863516811e-49
1147.3252781907297 2.5354708004098604e-49
1150.8542877608 2.5496459635529196e-49
1154.3941520629871 2.5639272128311184e-49
1157.9449044849055 2.578315416757322e-49
1161.5065785168629 2.592811452752418e-49
1165.0792077521828 2.6074162074937585e-49
1168.6628258875135 2.6221305773615074e-49
1172.25746672315 2.636955469022041e-49
1175.863164163352 2.6518918002137524e-49
1179.479952216666 2.666940500832187e-49
1183.1078649962424 2.682102514469857e-49
1186.7469367201563 2.6973788006637863e-49
1190.3972017117387 2.7127703382737505e-49
1194.0586943998896 2.7282781307226266e-49
1197.7314493194083 2.7439032144110555e-49
1201.415501111317 2.7596466727639746e-49
1205.110884523194 2.7755096607303137e-49
1208.8176344094904 2.7914934497794977e-49
1212.535785731867 2.8075995157624415e-49
1216.2653735595204 2.8238297238228934e-49
1220.0064330695186 2.8401867559871625e-49
1223.7589995471255 2.856675229058759e-49
1227.5231083861395 2.873305152412873e-49
1231.2987950892227 2.890105637178188e-49
1235.0860952682428 2.9072074607125875e-49
1238.8850446446008 2.9261520333775782e-49
1242.695679049572 2.956444505620425e-49
1246.5180344246464 2.958826330478059e-49
1250.3521468218619 2.9756888577599858e-49
1254.1980524041487 2.9930696480769438e-49
1258.0557874456674 3.0106574041648627e-49
1261.9253883321564 3.028403303799786e-49
1265.8068915612685 3.0462947656403044e-49
1269.7003337429182 3.0643279481570508e-49
1273.6057515996265 3.0825018449282187e-49
1277.523181966871 3.1008165632826797e-49
1281.452661793427 3.1192727129797335e-49
1285.3942281417187 3.137871156525697e-49
1289.3479181881696 3.1566128959217123e-49
1293.3137692235548 3.175499016922011e-49
1297.291818653348 3.194530659745034e-49
1301.2821039980756 3.2137090028433094e-49
1305.284662893677 3.2330352535111785e-49
1309.2995330918495 3.2525106422488125e-49
1313.3267524604112 3.2721364192847196e-49
1317.366358983654 3.2919138523799694e-49
1321.4183907627091 3.3118442254213186e-49
1325.482886015897 3.331928837513282e-49
1329.5598830790937 3.3521690023925603e-49
1333.649420406089 3.372566048058077e-49
1337.7515365689555 3.393121316545559e-49
1341.8662702584052 3.4138361638033124e-49
1345.9936602841565 3.434711959639023e-49
1350.1337455753005 3.455750087717063e-49
1354.2865651806735 3.4769519455928325e-49
1358.452158269215 3.498318944774839e-49
1362.6305641303438 3.5198525108077e-49
1366.8218221743307 3.541554083370902e-49
1371.0259719326632 3.563425116389549e-49
1375.2430530584231 3.585467078156603e-49
1379.4731053266587 3.607681451461311e-49
1383.7161686347636 3.630069733725513e-49
1387.9722830028475 3.652633437145897e-49
1392.2414885741166 3.675374088840541e-49
1396.5238256152504 3.698293230999167e-49
1400.8193345167883 3.721392421039298e-49
1405.1280557935 3.7446732317641226e-49
1409.4500300847744 3.768137251525013e-49
1413.7852981550006 3.791786084386468e-49
1418.1339008939567 3.815621350294661e-49
1422.4958793171884 3.839644685249749e-49
1426.8712745663984 3.8638577414795564e-49
1431.260127909841 3.8882621876188014e-49
1435.6624807427 3.912859708889963e-49
1440.0783745874883 3.937652007288712e-49
1444.5078510944325 3.962640801772636e-49
1448.950952041875 3.987827828455685e-49
1453.407719336658 4.013214840805077e-49
1457.8781950145249 4.038803609846118e-49
1462.3624212405127 4.064595924372624e-49
1466.860440309357 4.090593591166549e-49
1471.372294645882 4.116798435229031e-49
1475.8980268054052 4.143212300032511e-49
1480.4376794741377 4.169837047839734e-49
1484.9912954695908 4.196674560585553e-49
1489.558917740973 4.22372672788688e-49
1494.1405893695971 4.250995492494864e-49
1498.736353569294 4.2784827772619e-49
1503.346253686808 4.306190546290948e-49
1507.9703332022148 4.334120781151721e-49
1512.6086357293264 4.3622754848412375e-49
1517.2612050161097 4.390656682802406e-49
1521.9280849450884 4.419266424127237e-49
1526.6093195337655 4.44810678322732e-49
1531.304952935034 4.4771798622892755e-49
1536.015029437598 4.506487795045951e-49
1540.7395934663843 4.536032752845275e-49
1545.478689582966 4.565816954882405e-49
1550.2323624859782 4.5958426863798705e-49
1555.000657011549 4.6261123328638196e-49
1559.7836181337107 4.6566284494541636e-49
1564.5812909648291 4.6873939134066134e-49
1569.3937207560343 4.7184122982981885e-49
1574.220952897638 4.749688933778952e-49
1579.0630329195667 4.781234583946192e-49
1583.9200064917895 4.813082989396849e-49
1588.7919194247552 4.8454438201135656e-49
1593.6788176698128 4.893304837852876e-49
1598.580747319654 4.910874377890989e-49
1603.4977546087428 4.942857386949173e-49
1608.4298859137587 4.975832127319555e-49
1613.3771877540248 5.00915992004117e-49
1618.3397067919527 5.0427829769060016e-49
1623.3174898334787 5.076690373517079e-49
1628.3105838285128 5.110880303435992e-49
1633.3190358713716 5.145353587647135e-49
1638.3428932012266 5.180112010433062e-49
1643.3822032025555 5.215157776884589e-49
1648.437013405579 5.250493304672689e-49
1653.5073714867156 5.286121134016859e-49
1658.593325269028 5.32204388507914e-49
1663.6949227226808 5.358264236338262e-49
1668.812211965383 5.394784912999889e-49
1673.945241262849 5.431608680524931e-49
1679.0940590292491 5.468738340912277e-49
1684.2587138276747 5.506176730534033e-49
1689.4392543705846 5.543926718879669e-49
1694.6357295202722 5.581991207853407e-49
1699.8481882893225 5.620373131417416e-49
1705.0766798410816 5.659075455458128e-49
1710.3212534901097 5.6981011778009454e-49
1715.581958702652 5.737453328323873e-49
1720.8588450971097 5.777134969144733e-49
1726.1519624444975 5.8171491948540956e-49
1731.4613606689215 5.857499132788374e-49
1736.7870898480444 5.898187943330374e-49
1742.1292002135667 5.939218820228957e-49
1747.4877421516892 5.98059499094013e-49
1752.8627662035944 6.0223197169799684e-49
1758.2543230659214 6.064396294291281e-49
1763.66246359125 6.106828053620802e-49
1769.0872387885704 6.149618360909445e-49
1774.52869982377 6.192770617690009e-49
1779.986898020114 6.236288261498167e-49
1785.4618848587363 6.280174766294598e-49
1790.953711979114 6.32443364289891e-49
1796.4624311795592 6.369068439440186e-49
1801.9880944177144 6.414082741825242e-49
1807.5307538110303 6.459480174230496e-49
1813.0904616372668 6.5052643996231636e-49
1818.667270334979 6.551439120324779e-49
1824.2612325040225 6.598008078631185e-49
1829.872400906036 6.644975057514422e-49
1835.500828464948 6.6923438814503075e-49
1841.1465682674716 6.7401184174313666e-49
1846.8096735636127 6.7883025762808104e-49
1852.4901977671605 6.836900314456869e-49
1858.1881944562 6.885915636687872e-49
1863.903717373612 6.935352600086583e-49
1869.63682042759 6.985215321009668e-49
1875.3875576921344 7.03550798730337e-49
1881.1559834075697 7.086234881844043e-49
1886.942151981062 7.13740043171503e-49
1892.7461179871204 7.18900932168367e-49
1898.567936168119 7.24106679123205e-49
1904.4076614348105 7.293579556476996e-49
1910.2653488668495 7.346559485376085e-49
1916.141053713304 7.400045929700273e-49
1922.034831393181 7.454467877821342e-49
1927.9467374959468 7.512013406248095e-49
1933.8768277820584 7.563187036501041e-49
1939.8251581834793 7.618357292336364e-49
1945.7917848042125 7.67411131983998e-49
1951.7767639208275 7.730372231915626e-49
1957.780151982999 7.787131588805469e-49
1963.802005614026 7.844390562101767e-49
1969.8423816113732 7.902152695670329e-49
1975.9013369472125 7.960422340988017e-49
1981.9789287689475 8.019204199496813e-49
1988.0752143997613 8.078503155841954e-49
1994.1902513391528 8.138324221668154e-49
2000.324097263488 8.198672492397528e-49
2006.4768100265308 8.2595531415605e-49
2012.648447659996 8.32097141082504e-49
2018.8390683740956 8.382932606390873e-49
2025.048730558092 8.445442097074775e-49
2031.27749278084 8.508505313413109e-49
2037.5254137913455 8.572127747355516e-49
2043.7925525193168 8.636314952316629e-49
2050.0789680757257 8.701072543452565e-49
2056.3847197533564 8.766406198078899e-49
2062.709867027369 8.832321656189119e-49
2069.0544695558665 8.898824721040281e-49
2075.4185871804466 8.965921259785367e-49
2081.802279926772 9.033617204145294e-49
2088.2056080051343 9.1019185511071e-49
2094.62863181103 9.170831363649287e-49
2101.071411925717 9.240361771484351e-49
2107.534009116794 9.310515971819448e-49
2114.016484338771 9.381300230136837e-49
2120.5188987336523 9.45272088098814e-49
2127.041313631498 9.524784328806169e-49
2133.5837905510143 9.597497048733914e-49
2140.146391200128 9.670865587473225e-49
2146.7291774765768 9.744896564156969e-49
2153.332211468481 9.819596671246225e-49
2159.955555454935 9.894972675463663e-49
2166.5992719066 9.971031418777631e-49
2173.2634234862844 1.0047779819445909e-48
2179.948073049537 1.0125224873169365e-48
2186.653283645244 1.020337365439783e-48
2193.3791185162218 1.0282233317900302e-48
2200.125641099811 1.0361811100786651e-48
2206.892915028476 1.044211432535513e-48
2213.6810041304047 1.0523150403523644e-48
2220.4899724301167 1.0604926844538525e-48
2227.3198841490566 1.0687451269944015e-48
2234.170803706208 1.0770731446324205e-48
2241.0427957186926 1.0854775367100079e-48
2247.9359250023954 1.093959149368914e-48
2254.8502565725566 1.1025189650352772e-48
2261.7858556443966 1.1111585815215478e-48
2268.7427876337324 1.1198856795677733e-48
2275.7211181575867 1.1335587295457153e-48
2282.720913034811 1.1375601208647299e-48
2289.742238286705 1.1465131863629399e-48
2296.785160137648 1.1555553165034366e-48
2303.8497450157074 1.1646820890023652e-48
2310.936059553277 1.1738936808401435e-48
2318.0441705877015 1.183190791740927e-48
2325.1741451619127 1.1925742442639502e-48
2332.326050525052 1.2020449056559757e-48
2339.499954133109 1.2116036663442612e-48
2346.6959236495586 1.2212514326385116e-48
2353.9140269460045 1.2309891238939604e-48
2361.1543321028084 1.2408176713153492e-48
2368.416907409736 1.25073801743851e-48
2375.701821366609 1.2607511159213945e-48
2383.009142683941 1.2708579314862019e-48
2390.338940283588 1.281059439940668e-48
2397.6912832994 1.2913566282436205e-48
2405.066241077878 1.3017504945958777e-48
2412.4638831788193 1.3122420485475814e-48
2419.884279375975 1.3228323111159157e-48
2427.3274996577115 1.3335223149094471e-48
2434.793614227675 1.3443131042586004e-48
2442.2826935054413 1.3552057353494982e-48
2449.7948081271898 1.3662012763614322e-48
2457.330028946363 1.3773008076074183e-48
2464.888427034348 1.3885054216771483e-48
2472.470073681128 1.399816223584176e-48
2480.075040395964 1.4112343311419608e-48
2487.703398908078 1.4227608739066483e-48
2495.3552211673127 1.4343969958249718e-48
2503.030579344823 1.4461438528184883e-48
2510.7295458337453 1.4580026142677092e-48
2518.4521932498974 1.4699744628916526e-48
2526.198594432445 1.4820605949116048e-48
2533.9688224446 1.4942622202158374e-48
2541.7629505743016 1.506580562528174e-48
2549.5810523349214 1.5190168595801805e-48
2557.423201465941 1.5315723632897178e-48
2565.2894719336555 1.5442483399477496e-48
2573.1799379318663 1.557046070417966e-48
2581.094673882594 1.5699668503592377e-48
2589.033754436762 1.5830119904872962e-48
2596.9972544749126 1.596182816916363e-48
2604.9852491079064 1.6094806716698637e-48
2612.9978136776426 1.622906913588251e-48
2621.0350237577545 1.6364629202857633e-48
2629.0969551543276 1.6501500933064212e-48
2637.183683906625 1.663969875283879e-48
2645.295286287788 1.677923828628049e-48
2653.431838805565 1.6920142726178478e-48
2661.5934182030287 1.7062789732370203e-48
2669.7801014593124 1.720609504859484e-48
2677.9919657903165 1.735107443064224e-48
2686.229088649449 1.7497519649540026e-48
2694.4915477283525 1.764539833789682e-48
2702.779420957645 1.7794721978562526e-48
2711.09278650764 1.7945505292167365e-48
2719.4317227890942 1.809776374840251e-48
2727.796308453943 1.8251513158597827e-48
2736.186622396051 1.840676957518302e-48
2744.602743751941 1.8563549260831336e-48
2753.044751901551 1.872186867810209e-48
2761.5127264689845 1.888174448628116e-48
2770.006747323252 1.904319354111922e-48
2778.526894579032 1.9206232895856782e-48
2787.0732485974204 1.9370879802886235e-48
2795.645889986703 1.9537151715741468e-48
2804.2448996030944 1.9705066291289708e-48
2812.870358551516 1.987464139204778e-48
2821.5223481863527 2.0045895088576468e-48
2830.200950112233 2.0218845661944505e-48
2838.9062461847807 2.039351160624456e-48
2847.638318511399 2.0569911631151727e-48
2856.3972494520385 2.0748064664525576e-48
2865.183121619986 2.092798985505271e-48
2873.996017882628 2.1109706574923107e-48
2882.836021362237 2.129323442253929e-48
2891.703215436766 2.1478593225279297e-48
2900.5976837406215 2.1665803042272257e-48
2909.5195101654585 2.185488416723018e-48
2918.4687788609663 2.204585713130788e-48
2927.445574235678 2.2238742706005907e-48
2936.4499809577446 2.2433561906112375e-48
2945.4820839557497 2.2630335992686047e-48
2954.5419684194994 2.282908647608823e-48
2963.6297198008415 2.3029835119071152e-48
2972.7454238144546 2.3232603939969853e-48
2981.889166438663 2.343741521552294e-48
2991.061033916247 2.364429148536568e-48
3000.2611127552673 2.3853255554079654e-48
3009.48948972986 2.4064330496121435e-48
3018.746251881067 2.427753966018873e-48
3028.0314865176665 2.4492906675698714e-48
3037.3452812169758 2.4710455464000576e-48
3046.6877238256884 2.4930210264573057e-48
3056.0589024607034 2.515219572022217e-48
3065.4589055099605 2.53764372910662e-48
3074.8878216332605 2.560296524609549e-48
3084.345739763112 2.5833115038669663e-48
3093.832749105564 2.6062953484301996e-48
3103.3489391410594 2.629645445830954e-48
3112.8943996252624 2.6532349393618825e-48
3122.4692205899146 2.6770655592825568e-48
3132.0734923436803 2.701139890717388e-48
3141.707305473009 2.7254606282254617e-48
3151.370750842973 2.750030514569307e-48
3161.0639195981307 2.774852329841729e-48
3170.7869031634 2.7999288888684414e-48
3180.539793244897 2.825263040608881e-48
3190.3226818308185 2.850857668173299e-48
3200.135661192299 2.876715689064133e-48
3209.978823884295 2.9028400555135286e-48
3219.852262746441 2.9292337548655846e-48
3229.756070903936 2.9558998099841015e-48
3239.6903417684134 2.982841279674877e-48
3249.655169038841 3.010061259120152e-48
3259.6506467023783 3.037562880320444e-48
3269.6768690352806 3.0653493125446624e-48
3279.73393060378 3.093423762786845e-48
3289.8219262649905 3.1217894762294684e-48
3299.940951167784 3.150449736712329e-48
3310.0911007536965 3.1794078672079326e-48
3320.272470757838 3.2086672303047914e-48
3330.4851572097778 3.238231228693622e-48
3340.729256434459 3.268103305663215e-48
3351.004865053105 3.298286945599992e-48
3361.3120799841436 3.3287856744960087e-48
3371.650998444097 3.359603060462684e-48
3382.0217179485167 3.390742714251895e-48
3392.424336312896 3.422208289784974e-48
3402.858951653601 3.454003484688557e-48
3413.325662388784 3.486132040843482e-48
3423.8245672393177 3.51859774494186e-48
3434.355765229725 3.5514044290682724e-48
3444.919355689124 3.5845559713104246e-48
3455.5154382521428 3.618056296439665e-48
3466.144112859873 3.6519093767568713e-48
3476.805479760824 3.686119233399367e-48
3487.4996395118387 3.720689939393595e-48
3498.2266929790662 3.755625630621508e-48
3508.986741338903 3.7909305799165e-48
3519.7798860789567 3.826611166306967e-48
3530.6062289989886 3.86266657336341e-48
3541.4658722118847 3.8991019897702865e-48
3552.3589181446114 3.935925707876012e-48
3563.285469539196 3.9731402682863785e-48
3574.245629453677 4.010750042839544e-48
3585.239501263087 4.048759540385247e-48
3596.267188660422 4.087173338046884e-48
3607.3287956576337 4.12599607175014e-48
3618.4244265865905 4.1652324345134555e-48
3629.554186100068 4.2048871763940644e-48
3640.718179172752 4.24496510491342e-48
3651.916511102203 4.28547108564544e-48
3663.149287509868 4.326410042877562e-48
3674.416614342064 4.3677869603073894e-48
3685.7185978709954 4.4096068817596125e-48
3697.055344695736 4.451874911920068e-48
3708.4269617432446 4.49459621707873e-48
3719.8335562693687 4.537776025888167e-48
3731.2752358598727 4.58141963012929e-48
3742.7521084314258 4.6255323854879066e-48
3754.2642822326375 4.670119712340982e-48
3765.8118658450735 4.715187096552523e-48
3777.3949681842887 4.760740090280903e-48
3789.0136985008385 4.806784312793451e-48
3800.668166381315 4.853325451293419e-48
3812.358481749397 4.900369261755749e-48
3824.0847548668594 4.9479215697749646e-48
3835.8470963346313 4.9959882714238575e-48
3847.6456170938304 5.044575334123377e-48
3859.4804284268257 5.093688797529589e-48
3871.3516419582634 5.143334774438702e-48
3883.259369656133 5.19351945172011e-48
3895.2037238328217 5.244249091308266e-48
3907.1848171461825 5.2955300313177873e-48
3919.202762600575 5.347368687521949e-48
3931.257673547952 5.3997715561141984e-48
3943.3496636889136 5.452745222743187e-48
3955.4788470738017 5.506296423605926e-48
3967.645338103745 5.560434117506713e-48
3979.8492515317566 5.61515883281775e-48
3992.090702463825 5.670481803671606e-48
4004.369806359976 5.72641057682719e-48
4016.6866790353774 5.78295133044839e-48
4029.0414366614255 5.840111154502842e-48
4041.4341957668566 5.897897272300959e-48
4053.865073238816 5.956317002969854e-48
4066.3341863239857 6.015377756586632e-48
4078.841652629677 6.075087033817034e-48
4091.3875901249535 6.135452426553056e-48
4103.972117141727 6.196481618842247e-48
4116.595352375884 6.258182387925406e-48
4129.257414888396 6.320562605326322e-48
4141.958424106466 6.383630237969068e-48
4154.698499824624 6.44739334931471e-48
4167.477762205867 6.511860100516611e-48
4180.296331782817 6.577038751587016e-48
4193.154329458816 6.642937662578205e-48
4206.051876509097 6.709565294778193e-48
4218.989094581913 6.776930211916881e-48
4231.966105699705 6.845041081387127e-48
4244.9830322602165 6.913906675476538e-48
4258.039997037682 6.983535872613567e-48
4271.137123183966 7.053937658628773e-48
4284.27453422974 7.125121128026919e-48
4297.452354085631 7.197095485279843e-48
4310.670707043394 7.269870046139368e-48
4323.929717777092 7.343454238982163e-48
4337.229511344275 7.417857606216482e-48
4350.570213187141 7.493089805833682e-48
4363.9519491337305 7.56916061337888e-48
4377.3748453991275 7.646079925515145e-48
4390.839028586617 7.723857772076686e-48
4404.344625688911 7.802504413607892e-48
4417.891764089321 7.882042457846012e-48
4431.480571562989 7.962444626857608e-48
4445.111176278061 8.04375855156258e-48
4458.783706796912 8.125983255536295e-48
4472.4982920773555 8.209129158923207e-48
4486.255061473873 8.293207113361963e-48
4500.054144738808 8.378228126667286e-48
4513.895672023608 8.464203343760734e-48
4527.779773880045 8.551144044541114e-48
4541.706581261464 8.639061644433348e-48
4555.6762255239855 8.727967695578629e-48
4569.688838427768 8.81787388821595e-48
4583.744552138256 8.908792052142834e-48
4597.843499227405 9.000734158210497e-48
4611.985812674946 9.093712319837391e-48
4626.1716258696315 9.18773879454018e-48
4640.4010726105125 9.282825985469704e-48
4654.674287108176 9.378986442957746e-48
4668.991403986023 9.476232866073196e-48
4683.3525582815355 9.574578104180432e-48
4697.7578854475605 9.674035158507635e-48
4712.207521353572 9.774617183721124e-48
4726.701602286957 9.876337489506837e-48
4741.240264954301 9.979209542169765e-48
4755.823646482696 1.0083246966253396e-47
4770.451884421 1.0188463546220019e-47
4785.125116741153 1.0294873228285806e-47
4799.843481839491 1.0402490122736213e-47
4814.607118538024 1.0511328508120505e-47
4829.416166085764 1.062140284577313e-47
4844.2707641600255 1.0732727903510324e-47
4859.171052867769 1.0845346512923232e-47
4874.1171727468845 1.0959188575020537e-47
4889.109264767549 1.1074353875099796e-47
4904.14747033353 1.1190830190412772e-47
4919.231931283553 1.1308632676002734e-47
4934.362789892607 1.1427776943006434e-47
4949.540188873296 1.1548278806207934e-47
4964.7642713771875 1.1670154265302744e-47
4980.035180996178 1.1793419502743035e-47
4995.353061763816 1.1918090884205668e-47
5010.718058156677 1.204418495971044e-47
5026.130315095743 1.2171718464885668e-47
5041.589977947732 1.2300708322281545e-47
5057.097192526501 1.2431171642682655e-47
5072.652105094399 1.2563125726397052e-47
5088.254862363677 1.2696588064524085e-47
5103.905611497832 1.2831576340178862e-47
5119.604500113026 1.2968108429687027e-47
5135.351676279457 1.3106202403735015e-47
5151.147288522783 1.3245876528489796e-47
5166.991485825492 1.3387149266680935e-47
5182.884417628324 1.3530039278684736e-47
5198.826233831674 1.367456542368129e-47
5214.817084797022 1.3820746761141884e-47
5230.857121348327 1.3968602553671193e-47
5246.946494773459 1.4118152276476762e-47
5263.085356825642 1.4269415678891165e-47
5279.273859724858 1.4422414369517474e-47
5295.512156159302 1.4577164344801417e-47
5311.800399286809 1.4733686400675587e-47
5328.138742736321 1.4892004390169007e-47
5344.5273406093065 1.505213738752948e-47
5360.966347481233 1.521410618395041e-47
5377.455918403017 1.5377931842460955e-47
5393.996208902501 1.5543635640178904e-47
5410.5873749858965 1.5711239059630493e-47
5427.229573139272 1.5880763786285903e-47
5443.922960330022 1.6052231707283914e-47
5460.667694008362 1.6225664910359632e-47
5477.463932108789 1.640108568272761e-47
5494.311833051584 1.6578516509809685e-47
5511.21155574432 1.6757980073806602e-47
5528.163259583334 1.693949925205191e-47
5545.167104455249 1.7123097115171245e-47
5562.223250738468 1.730879692501821e-47
5579.331859304712 1.7496622132430664e-47
5596.4930915205105 1.7686596374878353e-47
5613.7071092487295 1.7878743474314537e-47
5630.9740748501035 1.8073087436435794e-47
5648.294151184777 1.8269652457551772e-47
5665.667501613817 1.8468462990034407e-47
5683.094290000769 1.8669545259814262e-47
5700.574680713198 1.887292146066069e-47
5718.10883862425 1.9078612291012446e-47
5735.696929114186 1.9286650685956066e-47
5753.339118071951 1.9497058789444764e-47
5771.0355718967585 1.9709861750394064e-47
5788.786457499625 1.9925084958782041e-47
5806.591942304967 2.0142753947786043e-47
5824.45219425217 2.0362894373318328e-47
5842.367381797194 2.0585532002574273e-47
5860.337673914128 2.0810692703943278e-47
5878.363240096806 2.103840243680774e-47
5896.4442503604 2.1268687240823247e-47
5914.580875243032 2.150157322452882e-47
5932.77328580737 2.173708655323979e-47
5951.021653642241 2.1975253436159253e-47
5969.32615086426 2.221610011274748e-47
5987.686950119456 2.245965283855528e-47
6006.10422458488 2.2705937871194874e-47
6024.57814797025 2.295498146009817e-47
6043.108894519608 2.3206809863366343e-47
6061.696639012928 2.3461449717302203e-47
6080.34155676779 2.3719788015773657e-47
6099.043823641017 2.3979264745775016e-47
6117.8036160303645 2.424249194800509e-47
6136.621110876142 2.450863412651264e-47
6155.496485662906 2.477771640949867e-47
6174.429918421128 2.504976408834171e-47
6193.4215877288925 2.5324802267471647e-47
6212.471672713547 2.5602855802420237e-47
6231.580353053416 2.588394926085014e-47
6250.74780897948 2.6168106885923364e-47
6269.974221277109 2.645535255863814e-47
6289.259771287716 2.6745709758246274e-47
6308.604640910502 2.7039201520447886e-47
6328.009012604179 2.7335850393176716e-47
6347.473069388658 2.7635678389879297e-47
6366.996994846799 2.7938706940365807e-47
6386.580973126132 2.8244956839941677e-47
6406.225188940615 2.8554448200642946e-47
6425.929827572346 2.886720043167212e-47
6445.695074873324 2.918323267887854e-47
6465.521117267202 2.9502610900026564e-47
6485.40814175106 2.982520266914e-47
6505.356335897139 3.015117354491097e-47
6525.365887854628 3.048048868202057e-47
6545.436986351436 3.081316114683039e-47
6565.569820695984 3.114920299428298e-47
6585.764580778966 3.148862494099941e-47
6606.021457075148 3.183143624136732e-47
6626.340640645191 3.217764457768971e-47
6646.722323137414 3.252725594786122e-47
6667.16669678962 3.2880274547525333e-47
6687.673954430906 3.3236702645726117e-47
6708.244289483503 3.3596540453480375e-47
6728.877895964561 3.395978598486485e-47
6749.574968488005 3.432643491022743e-47
6770.33570226636 3.469648040143055e-47
6791.160293112614 3.506991297001749e-47
6812.048937442032 3.544672030519264e-47
6833.001832274029 3.582688718066928e-47
6854.019175234014 3.621039858792029e-47
6875.101164555291 3.6597222376574233e-47
6896.247999080873 3.6987340309869474e-47
6917.459878265394 3.738072326786011e-47
6938.737002176996 3.7777336390130947e-47
6960.079571499184 3.8177141602801854e-47
6981.487787532745 3.858009625865703e-47
7002.961852197629 3.898615279434372e-47
7024.501968034888 3.9395258418684066e-47
7046.108338208537 3.980735479052853e-47
7067.781166507503 4.022237768016447e-47
7089.520657347532 4.0640256612254163e-47
7111.327015773143 4.1060914489099276e-47
7133.200447459525 4.1484267193104566e-47
7155.141158714498 4.1910223167451197e-47
7177.149356480453 4.233868297396206e-47
7199.225248336323 4.2769538827483046e-47
7221.369042499506 4.3202674107714496e-47
7243.580947827843 4.363796286083617e-47
7265.861173821622 4.407526948463166e-47
7288.209930625496 4.451463349831523e-47
7310.627429030497 4.495533789945199e-47
7333.113880476022 4.539777317834826e-47
7355.669497051843 4.584157168513944e-47
7378.294491500065 4.6286538526654e-47
7400.989077217171 4.673246517300124e-47
7423.753468256011 4.717912850666541e-47
7446.58787932785 4.762628999154334e-47
7469.492525804355 4.807369481691764e-47
7492.467623719657 4.852107100376632e-47
7515.5133897723645 4.896812847060835e-47
7538.630041327647 4.941455805749675e-47
7561.817796419224 4.98600305073995e-47
7585.076873751474 5.030419540434218e-47
7608.407492701491 5.074668006803475e-47
7631.809873321118 5.118708840514629e-47
7655.284236339057 5.162499971826393e-47
7678.830803162934 5.205996747762057e-47
7702.449795881413 5.249151809795943e-47
7726.141437266249 5.291915154562448e-47
7749.905950774422 5.334233012703944e-47
7773.7435605502205 5.376049479304845e-47
7797.654491427395 5.417305034583471e-47
7821.638968931234 5.457936625860888e-47
7845.697219280709 5.497877721805469e-47
7869.829469390608 5.537058094098265e-47
7894.035946873696 5.575403664510803e-47
7918.316880042822 5.612836355155367e-47
7942.6724979130895 5.649273940430297e-47
7967.103030204046 5.68462990160256e-47
7991.608707341801 5.718813285422932e-47
8016.189760461229 5.751728568444025e-47
8040.846421408131 5.783275528949413e-47
8065.578922741461 5.813349128687154e-47
8090.387497735467 5.841839406892609e-47
8115.272380381922 5.86863138944723e-47
8140.233805392315 5.893605016668269e-47
8165.272008200102 5.916635096620126e-47
8190.387224962874 5.937591418139228e-47
8215.579692564612 5.956338065853968e-47
8240.84964861792 5.972734592385306e-47
8266.197331466277 5.986635447838532e-47
8291.622980186261 5.997889937630734e-47
8317.126834589808 6.006342703057172e-47
8342.709135226502 6.011833873562219e-47
8368.370123385812 6.014199357968109e-47
8394.110041099377 6.013271209855549e-47
8419.92913114328 6.008878071877504e-47
8445.827637040386 6.000845706310353e-47
8471.805803062563 5.988997619570733e-47
8497.863874233044 5.973155788464248e-47
8524.002096328704 5.953141495828294e-47
8550.220715882419 5.928776282918616e-47
8576.519980185345 5.8998830253944965e-47
8602.900137289269 5.866287139119063e-47
8629.361436008947 5.827817922015054e-47
8655.904125924484 5.784310055528963e-47
8682.528457383622 5.735607438529731e-47
8709.23468150415 5.681553430842065e-47
8736.02305017627 5.622016061135526e-47
8762.89381606495 5.556866656233878e-47
8789.847232612323 5.485993650016119e-47
8816.883554040063 5.409302548076119e-47
8844.003035351823 5.326718265446733e-47
8871.205932335584 5.238187544256479e-47
8898.492501566105 5.143681415985315e-47
8925.863000407322 5.043197676103201e-47
8953.317687014809 4.936763334548541e-47
8980.85682033817 4.824437000753949e-47
9008.480660123503 4.706311157418166e-47
9036.189466915848 4.582514273276929e-47
9063.983502061665 4.453212701952497e-47
9091.863027711248 4.3186123120417595e-47
9119.82830682124 4.17895979499902e-47
9147.879603157118 4.0345436640703046e-47
9176.01718129564 3.8856945034173585e-47
9204.241306627377 3.732784855773717e-47
9232.552245359188 3.5762298768861406e-47
9260.950264516776 3.416484625284269e-47
9289.435631947155 3.254043316560707e-47
9318.008616321204 3.0894368792300074e-47
9346.669487136183 2.923230086717336e-47
9375.418514718323 2.7560181112388545e-47
9404.255970225302 2.5884225257699663e-47
9433.182125648855 2.42108679935993e-47
9462.197253817316 2.2546713463633146e-47
9491.301628398232 2.089848204102197e-47
9520.495523900876 1.927295425680213e-47
9549.77921567888 1.7676912846622504e-47
9579.152979932845 1.6117083958102266e-47
9608.617093712906 1.4600078627576635e-47
9638.171834921368 1.31323364868097e-47
9667.817482315322 1.1720066827700574e-47
9697.554315509293 1.0369201153005484e-47
9727.382614977843 9.085349509945954e-48
9757.302662058239 7.873749066927294e-48
9787.314738953088 6.739233849797508e-48
9817.41912873305 5.686203284208183e-48
9847.616115339437 4.718598499523301e-48
9877.905983586925 3.839885366505325e-48
9908.289019166246 3.053044226934609e-48
9938.765508646893 2.360566149377127e-48
9969.335739479784 1.7644554107495545e-48
10000.0 1.266237766560679e-48
